ABTestingExperimentation.md	product-growth-and-marketing	experimentation
ADRReviewWorkflow.md	product-and-project-management	decisions-rfcs-and-memos
AIAgentArchitecture.md	ai-and-agent-systems	agents-and-tool-use
AIChatContextManagement.md	ai-and-agent-systems	prompting-and-context
AIHallucinationTriage.md	ai-and-agent-systems	safety-and-guardrails
AIModelEvaluation.md	ai-and-agent-systems	evaluation-and-labeling
AIResponseCaching.md	ai-and-agent-systems	prompting-and-context
ALUDatapathDesign.md	specialized-and-systems-engineering	hardware-and-computer-architecture
APIBoundaryDesignConstraintMapping.md	backend-and-api-engineering	api-design-and-lifecycle
APIBoundaryDesignDataOwnership.md	backend-and-api-engineering	api-design-and-lifecycle
APIBoundaryDesignDependencyGraphs.md	backend-and-api-engineering	api-design-and-lifecycle
APIBoundaryDesignFailureBudgets.md	backend-and-api-engineering	api-design-and-lifecycle
APIBoundaryDesignInterfaceContracts.md	backend-and-api-engineering	api-design-and-lifecycle
APIBoundaryDesignMigrationSeams.md	backend-and-api-engineering	api-design-and-lifecycle
APIBoundaryDesignOperabilityHooks.md	backend-and-api-engineering	api-design-and-lifecycle
APIBoundaryDesignRolloutPhases.md	backend-and-api-engineering	api-design-and-lifecycle
APIBoundaryDesignScalingPaths.md	backend-and-api-engineering	api-design-and-lifecycle
APIBoundaryDesignTradeoffReviews.md	backend-and-api-engineering	api-design-and-lifecycle
APIChangeWatchBackoffPolicies.md	backend-and-api-engineering	integrations-and-webhooks
APIChangeWatchContractSnapshots.md	backend-and-api-engineering	integrations-and-webhooks
APIChangeWatchErrorTaxonomy.md	backend-and-api-engineering	integrations-and-webhooks
APIChangeWatchRequestReplay.md	backend-and-api-engineering	integrations-and-webhooks
APIChangeWatchRolloutWindows.md	backend-and-api-engineering	integrations-and-webhooks
APIChangeWatchSandboxParity.md	backend-and-api-engineering	integrations-and-webhooks
APIChangeWatchSignatureValidation.md	backend-and-api-engineering	integrations-and-webhooks
APIChangeWatchSupportEscalations.md	backend-and-api-engineering	integrations-and-webhooks
APIChangeWatchTokenRefresh.md	backend-and-api-engineering	integrations-and-webhooks
APIChangeWatchVersionDiffs.md	backend-and-api-engineering	integrations-and-webhooks
APIClientSDK.md	backend-and-api-engineering	api-design-and-lifecycle
APIContractTesting.md	testing-and-quality-assurance	test-strategy-and-harnesses
APIDesign.md	backend-and-api-engineering	api-design-and-lifecycle
APIDocumentation.md	content-and-communication	technical-documentation
APIErrorHandling.md	backend-and-api-engineering	api-design-and-lifecycle
APIGatewayDesign.md	backend-and-api-engineering	api-design-and-lifecycle
APIIdempotency.md	backend-and-api-engineering	api-design-and-lifecycle
APIIncidentTriageBackpressureSignals.md	backend-and-api-engineering	api-design-and-lifecycle
APIIncidentTriageCausalTracing.md	backend-and-api-engineering	api-design-and-lifecycle
APIIncidentTriageContractProofs.md	backend-and-api-engineering	api-design-and-lifecycle
APIIncidentTriageDependencyIsolation.md	backend-and-api-engineering	api-design-and-lifecycle
APIIncidentTriageFailureSequencing.md	backend-and-api-engineering	api-design-and-lifecycle
APIIncidentTriageIdempotencyRules.md	backend-and-api-engineering	api-design-and-lifecycle
APIIncidentTriageOperatorClarity.md	backend-and-api-engineering	api-design-and-lifecycle
APIIncidentTriageRecoveryScripts.md	backend-and-api-engineering	api-design-and-lifecycle
APIIncidentTriageRetryDiscipline.md	backend-and-api-engineering	api-design-and-lifecycle
APIIncidentTriageRolloutGuards.md	backend-and-api-engineering	api-design-and-lifecycle
APIMockingStrategy.md	backend-and-api-engineering	api-design-and-lifecycle
APIQuotaManagement.md	backend-and-api-engineering	api-design-and-lifecycle
APIRateLimiting.md	backend-and-api-engineering	api-design-and-lifecycle
APIRecipeWritingActionabilityChecks.md	content-and-communication	technical-documentation
APIRecipeWritingApprovalRouting.md	content-and-communication	technical-documentation
APIRecipeWritingExampleCoverage.md	content-and-communication	technical-documentation
APIRecipeWritingLinkIntegrity.md	content-and-communication	technical-documentation
APIRecipeWritingMaintenanceOwnership.md	content-and-communication	technical-documentation
APIRecipeWritingReaderTasks.md	content-and-communication	technical-documentation
APIRecipeWritingScreenshotStrategy.md	content-and-communication	technical-documentation
APIRecipeWritingSearchKeywords.md	content-and-communication	technical-documentation
APIRecipeWritingUpdateTriggers.md	content-and-communication	technical-documentation
APIRecipeWritingVersionStamps.md	content-and-communication	technical-documentation
APIReferenceDesignActionSummaries.md	content-and-communication	technical-documentation
APIReferenceDesignApprovalCriteria.md	content-and-communication	technical-documentation
APIReferenceDesignAudienceFraming.md	content-and-communication	technical-documentation
APIReferenceDesignCrossLinking.md	content-and-communication	technical-documentation
APIReferenceDesignDecisionRecords.md	content-and-communication	technical-documentation
APIReferenceDesignEvidenceDensity.md	content-and-communication	technical-documentation
APIReferenceDesignExampleQuality.md	content-and-communication	technical-documentation
APIReferenceDesignReviewWorkflow.md	content-and-communication	technical-documentation
APIReferenceDesignSearchability.md	content-and-communication	technical-documentation
APIReferenceDesignUpdateCadence.md	content-and-communication	technical-documentation
APISecurityOWASP.md	security-and-trust	attack-defense-and-hardening
APIVersioningDeprecation.md	backend-and-api-engineering	api-design-and-lifecycle
APIVersioningStrategy.md	backend-and-api-engineering	api-design-and-lifecycle
ARIAImplementation.md	frontend-and-user-experience	accessibility
AWSAutomationSafety.md	platform-and-cloud-infrastructure	cloud-and-kubernetes-operations
AWSCapacityForecasting.md	platform-and-cloud-infrastructure	capacity-and-cost-governance
AWSCostGovernance.md	platform-and-cloud-infrastructure	capacity-and-cost-governance
AWSDeploymentRollouts.md	platform-and-cloud-infrastructure	ci-cd-and-release-pipelines
AWSEnvironmentPromotion.md	platform-and-cloud-infrastructure	ci-cd-and-release-pipelines
AWSFailureRecovery.md	platform-and-cloud-infrastructure	cloud-and-kubernetes-operations
AWSIncidentTriage.md	platform-and-cloud-infrastructure	cloud-and-kubernetes-operations
AWSObservabilityDesign.md	platform-and-cloud-infrastructure	cloud-and-kubernetes-operations
AWSPolicyAutomation.md	platform-and-cloud-infrastructure	cloud-and-kubernetes-operations
AWSSecretsManagement.md	security-and-trust	secrets-and-key-management
AbuseDefenseAttackSimulation.md	security-and-trust	abuse-and-fraud-defense
AbuseDefenseControlArchitecture.md	security-and-trust	abuse-and-fraud-defense
AbuseDefenseDetectionEngineering.md	security-and-trust	abuse-and-fraud-defense
AbuseDefenseEvidenceHandling.md	security-and-trust	abuse-and-fraud-defense
AbuseDefenseExceptionGovernance.md	security-and-trust	abuse-and-fraud-defense
AbuseDefenseHardeningBaselines.md	security-and-trust	abuse-and-fraud-defense
AbuseDefenseKeyManagement.md	security-and-trust	abuse-and-fraud-defense
AbuseDefenseResponsePlaybooks.md	security-and-trust	abuse-and-fraud-defense
AbuseDefenseSecureDefaults.md	security-and-trust	abuse-and-fraud-defense
AbuseDefenseVerificationFlows.md	security-and-trust	abuse-and-fraud-defense
AbusePatternLabelingBlastRadiusNotes.md	security-and-trust	abuse-and-fraud-defense
AbusePatternLabelingControlCoverage.md	security-and-trust	abuse-and-fraud-defense
AbusePatternLabelingEscalationMatrices.md	security-and-trust	abuse-and-fraud-defense
AbusePatternLabelingEvidenceRetention.md	security-and-trust	abuse-and-fraud-defense
AbusePatternLabelingExceptionExpiry.md	security-and-trust	abuse-and-fraud-defense
AbusePatternLabelingPolicyDiffs.md	security-and-trust	abuse-and-fraud-defense
AbusePatternLabelingRecoveryProofs.md	security-and-trust	abuse-and-fraud-defense
AbusePatternLabelingReviewerRouting.md	security-and-trust	abuse-and-fraud-defense
AbusePatternLabelingSignalCorrelation.md	security-and-trust	abuse-and-fraud-defense
AbusePatternLabelingTamperResistance.md	security-and-trust	abuse-and-fraud-defense
AbusePreventionSystems.md	security-and-trust	abuse-and-fraud-defense
AbuseTriageAnalysis.md	security-and-trust	abuse-and-fraud-defense
AbuseTriageAutomation.md	security-and-trust	abuse-and-fraud-defense
AbuseTriageDesign.md	security-and-trust	abuse-and-fraud-defense
AbuseTriageDiagnostics.md	security-and-trust	abuse-and-fraud-defense
AbuseTriageGovernance.md	security-and-trust	abuse-and-fraud-defense
AbuseTriageOperations.md	security-and-trust	abuse-and-fraud-defense
AbuseTriageOptimization.md	security-and-trust	abuse-and-fraud-defense
AbuseTriagePlanning.md	security-and-trust	abuse-and-fraud-defense
AbuseTriageReview.md	security-and-trust	abuse-and-fraud-defense
AbuseTriageStrategy.md	security-and-trust	abuse-and-fraud-defense
AccessControlDesign.md	security-and-trust	identity-and-access
AccessReviewAutomationBlastRadiusNotes.md	security-and-trust	identity-and-access
AccessReviewAutomationControlCoverage.md	security-and-trust	identity-and-access
AccessReviewAutomationEscalationMatrices.md	security-and-trust	identity-and-access
AccessReviewAutomationEvidenceRetention.md	security-and-trust	identity-and-access
AccessReviewAutomationExceptionExpiry.md	security-and-trust	identity-and-access
AccessReviewAutomationPolicyDiffs.md	security-and-trust	identity-and-access
AccessReviewAutomationRecoveryProofs.md	security-and-trust	identity-and-access
AccessReviewAutomationReviewerRouting.md	security-and-trust	identity-and-access
AccessReviewAutomationSignalCorrelation.md	security-and-trust	identity-and-access
AccessReviewAutomationTamperResistance.md	security-and-trust	identity-and-access
Accessibility.md	frontend-and-user-experience	accessibility
AccessibilityAudit.md	frontend-and-user-experience	accessibility
AccessibilityAuditFixes.md	frontend-and-user-experience	accessibility
AccessibilityDesignComponentPatterns.md	frontend-and-user-experience	accessibility
AccessibilityDesignContentDesign.md	frontend-and-user-experience	accessibility
AccessibilityDesignCritiqueFrameworks.md	frontend-and-user-experience	accessibility
AccessibilityDesignEdgeStateDesign.md	frontend-and-user-experience	accessibility
AccessibilityDesignHandoffSpecifications.md	frontend-and-user-experience	accessibility
AccessibilityDesignMeasurementPlans.md	frontend-and-user-experience	accessibility
AccessibilityDesignReviewChecklists.md	frontend-and-user-experience	accessibility
AccessibilityDesignUsabilityTesting.md	frontend-and-user-experience	accessibility
AccessibilityDesignUserFlows.md	frontend-and-user-experience	accessibility
AccessibilityDesignVisualHierarchy.md	frontend-and-user-experience	accessibility
AccessibilityRegressionAnalysis.md	frontend-and-user-experience	accessibility
AccessibilityRegressionAutomation.md	frontend-and-user-experience	accessibility
AccessibilityRegressionDesign.md	frontend-and-user-experience	accessibility
AccessibilityRegressionDiagnostics.md	frontend-and-user-experience	accessibility
AccessibilityRegressionGovernance.md	frontend-and-user-experience	accessibility
AccessibilityRegressionOperations.md	frontend-and-user-experience	accessibility
AccessibilityRegressionOptimization.md	frontend-and-user-experience	accessibility
AccessibilityRegressionPlanning.md	frontend-and-user-experience	accessibility
AccessibilityRegressionReview.md	frontend-and-user-experience	accessibility
AccessibilityRegressionStrategy.md	frontend-and-user-experience	accessibility
AccessibilityRemediationAccessibilityProofs.md	frontend-and-user-experience	accessibility
AccessibilityRemediationDeviceCoverage.md	frontend-and-user-experience	accessibility
AccessibilityRemediationEdgeStateMatrices.md	frontend-and-user-experience	accessibility
AccessibilityRemediationFailureRecovery.md	frontend-and-user-experience	accessibility
AccessibilityRemediationHandoffSpecs.md	frontend-and-user-experience	accessibility
AccessibilityRemediationInteractionLatency.md	frontend-and-user-experience	accessibility
AccessibilityRemediationRegressionScreens.md	frontend-and-user-experience	accessibility
AccessibilityRemediationStateBoundaries.md	frontend-and-user-experience	accessibility
AccessibilityRemediationTestObservability.md	frontend-and-user-experience	accessibility
AccessibilityRemediationVisualContracts.md	frontend-and-user-experience	accessibility
AccessibilityRiskScoringDesign.md	frontend-and-user-experience	accessibility
AccessibilityRiskScoringDiagnostics.md	frontend-and-user-experience	accessibility
AccessibilityRiskScoringGovernance.md	frontend-and-user-experience	accessibility
AccessibilityRiskScoringOperations.md	frontend-and-user-experience	accessibility
AccessibilityRiskScoringOptimization.md	frontend-and-user-experience	accessibility
AccessibilityRiskScoringPlanning.md	frontend-and-user-experience	accessibility
AccessibilityRiskScoringPlaybook.md	frontend-and-user-experience	accessibility
AccessibilityRiskScoringReliability.md	frontend-and-user-experience	accessibility
AccessibilityRiskScoringReview.md	frontend-and-user-experience	accessibility
AccessibilityRiskScoringStrategy.md	frontend-and-user-experience	accessibility
AccessibilityTesting.md	testing-and-quality-assurance	browser-and-end-to-end-testing
AccessibilityUXContentHierarchy.md	frontend-and-user-experience	accessibility
AccessibilityUXDecisionClarity.md	frontend-and-user-experience	accessibility
AccessibilityUXEdgeStateCoverage.md	frontend-and-user-experience	accessibility
AccessibilityUXExperimentAnnotations.md	frontend-and-user-experience	accessibility
AccessibilityUXHandoffSpecs.md	frontend-and-user-experience	accessibility
AccessibilityUXHeuristicReviews.md	frontend-and-user-experience	accessibility
AccessibilityUXMeasurementPlans.md	frontend-and-user-experience	accessibility
AccessibilityUXRecoveryPatterns.md	frontend-and-user-experience	accessibility
AccessibilityUXStateMapping.md	frontend-and-user-experience	accessibility
AccessibilityUXUsabilitySignals.md	frontend-and-user-experience	accessibility
AccountHealthMonitoringEscalationProofs.md	customer-and-revenue-operations	customer-success-and-retention
AccountHealthMonitoringFollowupCadence.md	customer-and-revenue-operations	customer-success-and-retention
AccountHealthMonitoringKnowledgeReuse.md	customer-and-revenue-operations	customer-success-and-retention
AccountHealthMonitoringOutcomeTracking.md	customer-and-revenue-operations	customer-success-and-retention
AccountHealthMonitoringResponseTemplates.md	customer-and-revenue-operations	customer-success-and-retention
AccountHealthMonitoringRiskFlags.md	customer-and-revenue-operations	customer-success-and-retention
AccountHealthMonitoringSegmentationRules.md	customer-and-revenue-operations	customer-success-and-retention
AccountHealthMonitoringSignalInterpretation.md	customer-and-revenue-operations	customer-success-and-retention
AccountHealthMonitoringStakeholderMapping.md	customer-and-revenue-operations	customer-success-and-retention
AccountHealthMonitoringWorkflowSequencing.md	customer-and-revenue-operations	customer-success-and-retention
ActivationMilestoneDesignAnalyticsAnnotations.md	product-growth-and-marketing	onboarding-activation-and-retention
ActivationMilestoneDesignAudienceSegmentation.md	product-growth-and-marketing	onboarding-activation-and-retention
ActivationMilestoneDesignCohortReadouts.md	product-growth-and-marketing	onboarding-activation-and-retention
ActivationMilestoneDesignConversionDiagnostics.md	product-growth-and-marketing	onboarding-activation-and-retention
ActivationMilestoneDesignCopyTesting.md	product-growth-and-marketing	onboarding-activation-and-retention
ActivationMilestoneDesignHypothesisRanking.md	product-growth-and-marketing	onboarding-activation-and-retention
ActivationMilestoneDesignOfferFraming.md	product-growth-and-marketing	onboarding-activation-and-retention
ActivationMilestoneDesignOutcomeAttribution.md	product-growth-and-marketing	onboarding-activation-and-retention
ActivationMilestoneDesignRolloutSequencing.md	product-growth-and-marketing	onboarding-activation-and-retention
ActivationMilestoneDesignVariantSafeguards.md	product-growth-and-marketing	onboarding-activation-and-retention
AdoptionBarrierRemovalCommsPlans.md	product-growth-and-marketing	onboarding-activation-and-retention
AdoptionBarrierRemovalDependencyReviews.md	product-growth-and-marketing	onboarding-activation-and-retention
AdoptionBarrierRemovalEscalationPaths.md	product-growth-and-marketing	onboarding-activation-and-retention
AdoptionBarrierRemovalLearningLoops.md	product-growth-and-marketing	onboarding-activation-and-retention
AdoptionBarrierRemovalMetricSelection.md	product-growth-and-marketing	onboarding-activation-and-retention
AdoptionBarrierRemovalOutcomeInterpretation.md	product-growth-and-marketing	onboarding-activation-and-retention
AdoptionBarrierRemovalPostLaunchCadence.md	product-growth-and-marketing	onboarding-activation-and-retention
AdoptionBarrierRemovalReadinessGates.md	product-growth-and-marketing	onboarding-activation-and-retention
AdoptionBarrierRemovalRiskNarratives.md	product-growth-and-marketing	onboarding-activation-and-retention
AdoptionBarrierRemovalSegmentLogic.md	product-growth-and-marketing	onboarding-activation-and-retention
AgentCoordinationCostBudgets.md	ai-and-agent-systems	agents-and-tool-use
AgentCoordinationExperimentTracking.md	ai-and-agent-systems	agents-and-tool-use
AgentCoordinationFailureTaxonomy.md	ai-and-agent-systems	agents-and-tool-use
AgentCoordinationHumanEscalation.md	ai-and-agent-systems	agents-and-tool-use
AgentCoordinationLatencyControl.md	ai-and-agent-systems	agents-and-tool-use
AgentCoordinationPolicyEnforcement.md	ai-and-agent-systems	agents-and-tool-use
AgentCoordinationQualityThresholds.md	ai-and-agent-systems	agents-and-tool-use
AgentCoordinationRolloutStages.md	ai-and-agent-systems	agents-and-tool-use
AgentCoordinationTaskContracts.md	ai-and-agent-systems	agents-and-tool-use
AgentCoordinationTraceAnalysis.md	ai-and-agent-systems	agents-and-tool-use
AgentMemoryAnalysis.md	ai-and-agent-systems	agents-and-tool-use
AgentMemoryAutomation.md	ai-and-agent-systems	agents-and-tool-use
AgentMemoryDesign.md	ai-and-agent-systems	agents-and-tool-use
AgentMemoryDiagnostics.md	ai-and-agent-systems	agents-and-tool-use
AgentMemoryGovernance.md	ai-and-agent-systems	agents-and-tool-use
AgentMemoryOperations.md	ai-and-agent-systems	agents-and-tool-use
AgentMemoryOptimization.md	ai-and-agent-systems	agents-and-tool-use
AgentMemoryPlanning.md	ai-and-agent-systems	agents-and-tool-use
AgentMemoryRepairComparisonRuns.md	ai-and-agent-systems	agents-and-tool-use
AgentMemoryRepairEscalationRules.md	ai-and-agent-systems	agents-and-tool-use
AgentMemoryRepairFailureLabels.md	ai-and-agent-systems	agents-and-tool-use
AgentMemoryRepairHumanOverride.md	ai-and-agent-systems	agents-and-tool-use
AgentMemoryRepairPromptVersioning.md	ai-and-agent-systems	agents-and-tool-use
AgentMemoryRepairQualityGates.md	ai-and-agent-systems	agents-and-tool-use
AgentMemoryRepairSafetyThresholds.md	ai-and-agent-systems	agents-and-tool-use
AgentMemoryRepairTaskContracts.md	ai-and-agent-systems	agents-and-tool-use
AgentMemoryRepairToolReliability.md	ai-and-agent-systems	agents-and-tool-use
AgentMemoryRepairTraceReview.md	ai-and-agent-systems	agents-and-tool-use
AgentMemoryReview.md	ai-and-agent-systems	agents-and-tool-use
AgentMemoryStrategy.md	ai-and-agent-systems	agents-and-tool-use
AgentStateMachinesDesign.md	ai-and-agent-systems	agents-and-tool-use
AgentStateMachinesDiagnostics.md	ai-and-agent-systems	agents-and-tool-use
AgentStateMachinesGovernance.md	ai-and-agent-systems	agents-and-tool-use
AgentStateMachinesOperations.md	ai-and-agent-systems	agents-and-tool-use
AgentStateMachinesOptimization.md	ai-and-agent-systems	agents-and-tool-use
AgentStateMachinesPlanning.md	ai-and-agent-systems	agents-and-tool-use
AgentStateMachinesPlaybook.md	ai-and-agent-systems	agents-and-tool-use
AgentStateMachinesReliability.md	ai-and-agent-systems	agents-and-tool-use
AgentStateMachinesReview.md	ai-and-agent-systems	agents-and-tool-use
AgentStateMachinesStrategy.md	ai-and-agent-systems	agents-and-tool-use
AgentsCostControl.md	ai-and-agent-systems	agents-and-tool-use
AgentsDataContracts.md	ai-and-agent-systems	agents-and-tool-use
AgentsEvaluationRubrics.md	ai-and-agent-systems	agents-and-tool-use
AgentsExperimentTracking.md	ai-and-agent-systems	agents-and-tool-use
AgentsFailureAnalysis.md	ai-and-agent-systems	agents-and-tool-use
AgentsHumanReviewLoops.md	ai-and-agent-systems	agents-and-tool-use
AgentsLatencyBudgets.md	ai-and-agent-systems	agents-and-tool-use
AgentsProductionRollouts.md	ai-and-agent-systems	agents-and-tool-use
AgentsSafetyDesign.md	ai-and-agent-systems	agents-and-tool-use
AgentsToolReliability.md	ai-and-agent-systems	agents-and-tool-use
AgileRetrospectives.md	product-and-project-management	planning-cadence-and-delivery
AgileSprintPlanning.md	product-and-project-management	planning-cadence-and-delivery
AirflowAccessPatterns.md	data-platform-and-analytics	pipelines-and-ingestion
AirflowConsistencyRules.md	data-platform-and-analytics	pipelines-and-ingestion
AirflowCostGuardrails.md	data-platform-and-analytics	pipelines-and-ingestion
AirflowDataModelGrain.md	data-platform-and-analytics	pipelines-and-ingestion
AirflowDataObservability.md	data-platform-and-analytics	pipelines-and-ingestion
AirflowMigrationCutovers.md	data-platform-and-analytics	pipelines-and-ingestion
AirflowQueryProfiling.md	data-platform-and-analytics	pipelines-and-ingestion
AirflowReplicationRecovery.md	data-platform-and-analytics	pipelines-and-ingestion
AirflowSchemaEvolution.md	data-platform-and-analytics	pipelines-and-ingestion
AirflowSecurityControls.md	security-and-trust	secrets-and-key-management
AlgorithmDesign.md	software-engineering-craft	algorithms-and-fundamentals
AlgorithmsAPIDesign.md	software-engineering-craft	algorithms-and-fundamentals
AlgorithmsArchitecturePatterns.md	software-engineering-craft	algorithms-and-fundamentals
AlgorithmsDebuggingTactics.md	software-engineering-craft	algorithms-and-fundamentals
AlgorithmsFailureAnalysis.md	software-engineering-craft	algorithms-and-fundamentals
AlgorithmsMemorySafety.md	software-engineering-craft	algorithms-and-fundamentals
AlgorithmsOptimizationPlaybooks.md	software-engineering-craft	algorithms-and-fundamentals
AlgorithmsPerformanceModels.md	software-engineering-craft	algorithms-and-fundamentals
AlgorithmsStateMachines.md	software-engineering-craft	algorithms-and-fundamentals
AlgorithmsTestStrategies.md	software-engineering-craft	algorithms-and-fundamentals
AlgorithmsToolingWorkflows.md	software-engineering-craft	algorithms-and-fundamentals
AlgorithmsWorkbenchAPIDesign.md	software-engineering-craft	algorithms-and-fundamentals
AlgorithmsWorkbenchArchitecturePatterns.md	software-engineering-craft	algorithms-and-fundamentals
AlgorithmsWorkbenchDebuggingTactics.md	software-engineering-craft	algorithms-and-fundamentals
AlgorithmsWorkbenchFailureAnalysis.md	software-engineering-craft	algorithms-and-fundamentals
AlgorithmsWorkbenchMemorySafety.md	software-engineering-craft	algorithms-and-fundamentals
AlgorithmsWorkbenchOptimizationPlaybooks.md	software-engineering-craft	algorithms-and-fundamentals
AlgorithmsWorkbenchPerformanceModels.md	software-engineering-craft	algorithms-and-fundamentals
AlgorithmsWorkbenchStateMachines.md	software-engineering-craft	algorithms-and-fundamentals
AlgorithmsWorkbenchTestStrategies.md	software-engineering-craft	algorithms-and-fundamentals
AlgorithmsWorkbenchToolingWorkflows.md	software-engineering-craft	algorithms-and-fundamentals
AnalyticalSLAEngineeringDesign.md	data-platform-and-analytics	metrics-and-analytics
AnalyticalSLAEngineeringDiagnostics.md	data-platform-and-analytics	metrics-and-analytics
AnalyticalSLAEngineeringGovernance.md	data-platform-and-analytics	metrics-and-analytics
AnalyticalSLAEngineeringOperations.md	data-platform-and-analytics	metrics-and-analytics
AnalyticalSLAEngineeringOptimization.md	data-platform-and-analytics	metrics-and-analytics
AnalyticalSLAEngineeringPlanning.md	data-platform-and-analytics	metrics-and-analytics
AnalyticalSLAEngineeringPlaybook.md	data-platform-and-analytics	metrics-and-analytics
AnalyticalSLAEngineeringReliability.md	data-platform-and-analytics	metrics-and-analytics
AnalyticalSLAEngineeringReview.md	data-platform-and-analytics	metrics-and-analytics
AnalyticalSLAEngineeringStrategy.md	data-platform-and-analytics	metrics-and-analytics
AnalyticsInstrumentationPlanning.md	data-platform-and-analytics	metrics-and-analytics
AndroidDevelopment.md	mobile-and-desktop-apps	native-and-desktop-development
AndroidLifecycleRepairBuildSigning.md	mobile-and-desktop-apps	release-and-app-store-delivery
AndroidLifecycleRepairCrashClustering.md	mobile-and-desktop-apps	release-and-app-store-delivery
AndroidLifecycleRepairDeviceMatrices.md	mobile-and-desktop-apps	release-and-app-store-delivery
AndroidLifecycleRepairPermissionFlows.md	mobile-and-desktop-apps	release-and-app-store-delivery
AndroidLifecycleRepairRollbackChannels.md	mobile-and-desktop-apps	release-and-app-store-delivery
AndroidLifecycleRepairStoreReadiness.md	mobile-and-desktop-apps	release-and-app-store-delivery
AndroidLifecycleRepairSyncConflictRules.md	mobile-and-desktop-apps	release-and-app-store-delivery
AndroidLifecycleRepairTelemetrySignals.md	mobile-and-desktop-apps	release-and-app-store-delivery
AndroidLifecycleRepairUpgradeSafety.md	mobile-and-desktop-apps	release-and-app-store-delivery
AndroidLifecycleRepairUserRecovery.md	mobile-and-desktop-apps	release-and-app-store-delivery
AngularAccessibilityFlows.md	frontend-and-user-experience	accessibility
AngularBuildPipelines.md	frontend-and-user-experience	frontend-frameworks-and-performance
AngularComponentTesting.md	frontend-and-user-experience	frontend-frameworks-and-performance
AngularDesignSystemAdoption.md	frontend-and-user-experience	frontend-frameworks-and-performance
AngularErrorRecoveryUX.md	frontend-and-user-experience	frontend-frameworks-and-performance
AngularFormSystems.md	frontend-and-user-experience	frontend-frameworks-and-performance
AngularHydrationRecovery.md	frontend-and-user-experience	frontend-frameworks-and-performance
AngularRenderingPerformance.md	frontend-and-user-experience	frontend-frameworks-and-performance
AngularRoutingBoundaries.md	frontend-and-user-experience	frontend-frameworks-and-performance
AngularStateArchitecture.md	frontend-and-user-experience	frontend-frameworks-and-performance
AnimationMotionDesign.md	frontend-and-user-experience	design-systems-and-visual-design
AnnotationGuidelineOpsAnnotationDisputes.md	ai-and-agent-systems	evaluation-and-labeling
AnnotationGuidelineOpsDeploymentGates.md	ai-and-agent-systems	evaluation-and-labeling
AnnotationGuidelineOpsErrorBuckets.md	ai-and-agent-systems	evaluation-and-labeling
AnnotationGuidelineOpsFeedbackIngestion.md	ai-and-agent-systems	evaluation-and-labeling
AnnotationGuidelineOpsGoldSetCuration.md	ai-and-agent-systems	evaluation-and-labeling
AnnotationGuidelineOpsModelCardSignals.md	ai-and-agent-systems	evaluation-and-labeling
AnnotationGuidelineOpsMonitoringCadence.md	ai-and-agent-systems	evaluation-and-labeling
AnnotationGuidelineOpsSamplingStrategies.md	ai-and-agent-systems	evaluation-and-labeling
AnnotationGuidelineOpsSliceAnalysis.md	ai-and-agent-systems	evaluation-and-labeling
AnnotationGuidelineOpsThresholdPolicies.md	ai-and-agent-systems	evaluation-and-labeling
AppStoreOptimization.md	mobile-and-desktop-apps	release-and-app-store-delivery
AppStoreReviewResponse.md	mobile-and-desktop-apps	release-and-app-store-delivery
AppStoreSubmissionOpsBuildSigning.md	mobile-and-desktop-apps	release-and-app-store-delivery
AppStoreSubmissionOpsCrashClustering.md	mobile-and-desktop-apps	release-and-app-store-delivery
AppStoreSubmissionOpsDeviceMatrices.md	mobile-and-desktop-apps	release-and-app-store-delivery
AppStoreSubmissionOpsPermissionFlows.md	mobile-and-desktop-apps	release-and-app-store-delivery
AppStoreSubmissionOpsRollbackChannels.md	mobile-and-desktop-apps	release-and-app-store-delivery
AppStoreSubmissionOpsStoreReadiness.md	mobile-and-desktop-apps	release-and-app-store-delivery
AppStoreSubmissionOpsSyncConflictRules.md	mobile-and-desktop-apps	release-and-app-store-delivery
AppStoreSubmissionOpsTelemetrySignals.md	mobile-and-desktop-apps	release-and-app-store-delivery
AppStoreSubmissionOpsUpgradeSafety.md	mobile-and-desktop-apps	release-and-app-store-delivery
AppStoreSubmissionOpsUserRecovery.md	mobile-and-desktop-apps	release-and-app-store-delivery
ApplicationPerformanceMonitoring.md	reliability-and-incident-response	observability-and-slos
ApplicationSecurity.md	security-and-trust	attack-defense-and-hardening
ApplicationSecurityAttackSimulation.md	security-and-trust	attack-defense-and-hardening
ApplicationSecurityControlArchitecture.md	security-and-trust	attack-defense-and-hardening
ApplicationSecurityDetectionEngineering.md	security-and-trust	attack-defense-and-hardening
ApplicationSecurityEvidenceHandling.md	security-and-trust	attack-defense-and-hardening
ApplicationSecurityExceptionGovernance.md	security-and-trust	attack-defense-and-hardening
ApplicationSecurityHardeningBaselines.md	security-and-trust	attack-defense-and-hardening
ApplicationSecurityKeyManagement.md	security-and-trust	attack-defense-and-hardening
ApplicationSecurityResponsePlaybooks.md	security-and-trust	attack-defense-and-hardening
ApplicationSecuritySecureDefaults.md	security-and-trust	attack-defense-and-hardening
ApplicationSecurityVerificationFlows.md	security-and-trust	attack-defense-and-hardening
ArchitecturalPatterns.md	backend-and-api-engineering	service-architecture-and-decomposition
ArchitectureDecisionRecords.md	product-and-project-management	decisions-rfcs-and-memos
ArchitectureFitnessFunctionsDesign.md	backend-and-api-engineering	service-architecture-and-decomposition
ArchitectureFitnessFunctionsDiagnostics.md	backend-and-api-engineering	service-architecture-and-decomposition
ArchitectureFitnessFunctionsGovernance.md	backend-and-api-engineering	service-architecture-and-decomposition
ArchitectureFitnessFunctionsOperations.md	backend-and-api-engineering	service-architecture-and-decomposition
ArchitectureFitnessFunctionsOptimization.md	backend-and-api-engineering	service-architecture-and-decomposition
ArchitectureFitnessFunctionsPlanning.md	backend-and-api-engineering	service-architecture-and-decomposition
ArchitectureFitnessFunctionsPlaybook.md	backend-and-api-engineering	service-architecture-and-decomposition
ArchitectureFitnessFunctionsReliability.md	backend-and-api-engineering	service-architecture-and-decomposition
ArchitectureFitnessFunctionsReview.md	backend-and-api-engineering	service-architecture-and-decomposition
ArchitectureFitnessFunctionsStrategy.md	backend-and-api-engineering	service-architecture-and-decomposition
AspNetCoreAuthenticationFlows.md	backend-and-api-engineering	backend-framework-patterns
AspNetCoreBackgroundJobPatterns.md	backend-and-api-engineering	backend-framework-patterns
AspNetCoreCacheInvalidation.md	backend-and-api-engineering	backend-framework-patterns
AspNetCoreContractEvolution.md	backend-and-api-engineering	backend-framework-patterns
AspNetCoreErrorModeling.md	backend-and-api-engineering	backend-framework-patterns
AspNetCoreIdempotencyControls.md	backend-and-api-engineering	backend-framework-patterns
AspNetCoreMultiTenantIsolation.md	backend-and-api-engineering	backend-framework-patterns
AspNetCoreObservabilityContracts.md	backend-and-api-engineering	backend-framework-patterns
AspNetCorePaginationSystems.md	backend-and-api-engineering	backend-framework-patterns
AspNetCoreRateLimitDesign.md	backend-and-api-engineering	backend-framework-patterns
AssetDeliveryBudgetsDesign.md	frontend-and-user-experience	frontend-frameworks-and-performance
AssetDeliveryBudgetsDiagnostics.md	frontend-and-user-experience	frontend-frameworks-and-performance
AssetDeliveryBudgetsGovernance.md	frontend-and-user-experience	frontend-frameworks-and-performance
AssetDeliveryBudgetsOperations.md	frontend-and-user-experience	frontend-frameworks-and-performance
AssetDeliveryBudgetsOptimization.md	frontend-and-user-experience	frontend-frameworks-and-performance
AssetDeliveryBudgetsPlanning.md	frontend-and-user-experience	frontend-frameworks-and-performance
AssetDeliveryBudgetsPlaybook.md	frontend-and-user-experience	frontend-frameworks-and-performance
AssetDeliveryBudgetsReliability.md	frontend-and-user-experience	frontend-frameworks-and-performance
AssetDeliveryBudgetsReview.md	frontend-and-user-experience	frontend-frameworks-and-performance
AssetDeliveryBudgetsStrategy.md	frontend-and-user-experience	frontend-frameworks-and-performance
AssetPipelineOptimization.md	frontend-and-user-experience	frontend-frameworks-and-performance
AssetReviewBoardsAudienceFit.md	content-and-communication	video-and-media-production
AssetReviewBoardsConversionHooks.md	content-and-communication	video-and-media-production
AssetReviewBoardsCutdownPlans.md	content-and-communication	video-and-media-production
AssetReviewBoardsDistributionTiming.md	content-and-communication	video-and-media-production
AssetReviewBoardsFeedbackRounds.md	content-and-communication	video-and-media-production
AssetReviewBoardsNarrativeBeats.md	content-and-communication	video-and-media-production
AssetReviewBoardsPublishChecklists.md	content-and-communication	video-and-media-production
AssetReviewBoardsQualityBenchmarks.md	content-and-communication	video-and-media-production
AssetReviewBoardsRepurposingPaths.md	content-and-communication	video-and-media-production
AssetReviewBoardsVisualReferences.md	content-and-communication	video-and-media-production
AssumptionMappingActionExtraction.md	product-and-project-management	roadmaps-and-prioritization
AssumptionMappingBiasChecks.md	product-and-project-management	roadmaps-and-prioritization
AssumptionMappingCitationDiscipline.md	product-and-project-management	roadmaps-and-prioritization
AssumptionMappingConfidenceScoring.md	product-and-project-management	roadmaps-and-prioritization
AssumptionMappingContradictionHandling.md	product-and-project-management	roadmaps-and-prioritization
AssumptionMappingEvidenceSifting.md	product-and-project-management	roadmaps-and-prioritization
AssumptionMappingFollowupQuestions.md	product-and-project-management	roadmaps-and-prioritization
AssumptionMappingQuestionDesign.md	product-and-project-management	roadmaps-and-prioritization
AssumptionMappingStakeholderReadouts.md	product-and-project-management	roadmaps-and-prioritization
AssumptionMappingSynthesisFrames.md	product-and-project-management	roadmaps-and-prioritization
AstroAccessibilityFlows.md	frontend-and-user-experience	accessibility
AstroBuildPipelines.md	frontend-and-user-experience	frontend-frameworks-and-performance
AstroComponentTesting.md	frontend-and-user-experience	frontend-frameworks-and-performance
AstroDesignSystemAdoption.md	frontend-and-user-experience	frontend-frameworks-and-performance
AstroErrorRecoveryUX.md	frontend-and-user-experience	frontend-frameworks-and-performance
AstroFormSystems.md	frontend-and-user-experience	frontend-frameworks-and-performance
AstroHydrationRecovery.md	frontend-and-user-experience	frontend-frameworks-and-performance
AstroRenderingPerformance.md	frontend-and-user-experience	frontend-frameworks-and-performance
AstroRoutingBoundaries.md	frontend-and-user-experience	frontend-frameworks-and-performance
AstroStateArchitecture.md	frontend-and-user-experience	frontend-frameworks-and-performance
AsyncConcurrency.md	backend-and-api-engineering	messaging-queues-and-realtime
AsyncStatusReportingArtifactTemplates.md	product-and-project-management	planning-cadence-and-delivery
AsyncStatusReportingCompletionProofs.md	product-and-project-management	planning-cadence-and-delivery
AsyncStatusReportingContextCompression.md	product-and-project-management	planning-cadence-and-delivery
AsyncStatusReportingEscalationTriggers.md	product-and-project-management	planning-cadence-and-delivery
AsyncStatusReportingOwnershipHandoffs.md	product-and-project-management	planning-cadence-and-delivery
AsyncStatusReportingReviewRhythms.md	product-and-project-management	planning-cadence-and-delivery
AsyncStatusReportingRiskNotes.md	product-and-project-management	planning-cadence-and-delivery
AsyncStatusReportingStakeholderVisibility.md	product-and-project-management	planning-cadence-and-delivery
AsyncStatusReportingUpdateCadence.md	product-and-project-management	planning-cadence-and-delivery
AsyncStatusReportingUrgencyScoring.md	product-and-project-management	planning-cadence-and-delivery
AsynchronousCommunication.md	backend-and-api-engineering	messaging-queues-and-realtime
AttributionAnalysisAnomalyTriage.md	data-platform-and-analytics	metrics-and-analytics
AttributionAnalysisChangeImpact.md	data-platform-and-analytics	metrics-and-analytics
AttributionAnalysisConsumerReadiness.md	data-platform-and-analytics	metrics-and-analytics
AttributionAnalysisCostDiagnostics.md	data-platform-and-analytics	metrics-and-analytics
AttributionAnalysisFreshnessMonitoring.md	data-platform-and-analytics	metrics-and-analytics
AttributionAnalysisQueryPlans.md	data-platform-and-analytics	metrics-and-analytics
AttributionAnalysisReconciliationChecks.md	data-platform-and-analytics	metrics-and-analytics
AttributionAnalysisRetentionPolicies.md	data-platform-and-analytics	metrics-and-analytics
AttributionAnalysisSemanticContracts.md	data-platform-and-analytics	metrics-and-analytics
AttributionAnalysisValidationSuites.md	data-platform-and-analytics	metrics-and-analytics
AudienceIntentSegmentationDesign.md	product-growth-and-marketing	acquisition-funnels-and-campaigns
AudienceIntentSegmentationDiagnostics.md	product-growth-and-marketing	acquisition-funnels-and-campaigns
AudienceIntentSegmentationGovernance.md	product-growth-and-marketing	acquisition-funnels-and-campaigns
AudienceIntentSegmentationOperations.md	product-growth-and-marketing	acquisition-funnels-and-campaigns
AudienceIntentSegmentationOptimization.md	product-growth-and-marketing	acquisition-funnels-and-campaigns
AudienceIntentSegmentationPlanning.md	product-growth-and-marketing	acquisition-funnels-and-campaigns
AudienceIntentSegmentationPlaybook.md	product-growth-and-marketing	acquisition-funnels-and-campaigns
AudienceIntentSegmentationReliability.md	product-growth-and-marketing	acquisition-funnels-and-campaigns
AudienceIntentSegmentationReview.md	product-growth-and-marketing	acquisition-funnels-and-campaigns
AudienceIntentSegmentationStrategy.md	product-growth-and-marketing	acquisition-funnels-and-campaigns
AudienceSegmentationMessaging.md	product-growth-and-marketing	acquisition-funnels-and-campaigns
AuditTrailHardeningBlastRadiusNotes.md	security-and-trust	compliance-privacy-and-audit
AuditTrailHardeningControlCoverage.md	security-and-trust	compliance-privacy-and-audit
AuditTrailHardeningEscalationMatrices.md	security-and-trust	compliance-privacy-and-audit
AuditTrailHardeningEvidenceRetention.md	security-and-trust	compliance-privacy-and-audit
AuditTrailHardeningExceptionExpiry.md	security-and-trust	compliance-privacy-and-audit
AuditTrailHardeningPolicyDiffs.md	security-and-trust	compliance-privacy-and-audit
AuditTrailHardeningRecoveryProofs.md	security-and-trust	compliance-privacy-and-audit
AuditTrailHardeningReviewerRouting.md	security-and-trust	compliance-privacy-and-audit
AuditTrailHardeningSignalCorrelation.md	security-and-trust	compliance-privacy-and-audit
AuditTrailHardeningTamperResistance.md	security-and-trust	compliance-privacy-and-audit
AuthFlowRepairBackpressureSignals.md	security-and-trust	identity-and-access
AuthFlowRepairCausalTracing.md	security-and-trust	identity-and-access
AuthFlowRepairContractProofs.md	security-and-trust	identity-and-access
AuthFlowRepairDependencyIsolation.md	security-and-trust	identity-and-access
AuthFlowRepairFailureSequencing.md	security-and-trust	identity-and-access
AuthFlowRepairIdempotencyRules.md	security-and-trust	identity-and-access
AuthFlowRepairOperatorClarity.md	security-and-trust	identity-and-access
AuthFlowRepairRecoveryScripts.md	security-and-trust	identity-and-access
AuthFlowRepairRetryDiscipline.md	security-and-trust	identity-and-access
AuthFlowRepairRolloutGuards.md	security-and-trust	identity-and-access
AuthPopupHandlingArtifactCapture.md	testing-and-quality-assurance	browser-and-end-to-end-testing
AuthPopupHandlingCrossBrowserDrift.md	testing-and-quality-assurance	browser-and-end-to-end-testing
AuthPopupHandlingEnvironmentParity.md	testing-and-quality-assurance	browser-and-end-to-end-testing
AuthPopupHandlingFailureScreenshots.md	testing-and-quality-assurance	browser-and-end-to-end-testing
AuthPopupHandlingFlakeTriage.md	testing-and-quality-assurance	browser-and-end-to-end-testing
AuthPopupHandlingRetryWindows.md	testing-and-quality-assurance	browser-and-end-to-end-testing
AuthPopupHandlingSelectorResilience.md	testing-and-quality-assurance	browser-and-end-to-end-testing
AuthPopupHandlingStateReset.md	testing-and-quality-assurance	browser-and-end-to-end-testing
AuthPopupHandlingTimingStability.md	testing-and-quality-assurance	browser-and-end-to-end-testing
AuthPopupHandlingUserSimulation.md	testing-and-quality-assurance	browser-and-end-to-end-testing
AuthRecoveryAnalysis.md	security-and-trust	identity-and-access
AuthRecoveryAutomation.md	security-and-trust	identity-and-access
AuthRecoveryDesign.md	security-and-trust	identity-and-access
AuthRecoveryDiagnostics.md	security-and-trust	identity-and-access
AuthRecoveryGovernance.md	security-and-trust	identity-and-access
AuthRecoveryOperations.md	security-and-trust	identity-and-access
AuthRecoveryOptimization.md	security-and-trust	identity-and-access
AuthRecoveryPlanning.md	security-and-trust	identity-and-access
AuthRecoveryReview.md	security-and-trust	identity-and-access
AuthRecoveryStrategy.md	security-and-trust	identity-and-access
AuthSecurity.md	security-and-trust	identity-and-access
AuthenticationAuthorization.md	security-and-trust	identity-and-access
AutomatedAccessibilityTesting.md	testing-and-quality-assurance	browser-and-end-to-end-testing
AutomatedDatabaseTesting.md	testing-and-quality-assurance	test-strategy-and-harnesses
AutomatedReleaseNotes.md	content-and-communication	technical-documentation
AutomatedTestingE2E.md	testing-and-quality-assurance	browser-and-end-to-end-testing
AzureAutomationSafety.md	platform-and-cloud-infrastructure	cloud-and-kubernetes-operations
AzureCapacityForecasting.md	platform-and-cloud-infrastructure	capacity-and-cost-governance
AzureCostGovernance.md	platform-and-cloud-infrastructure	capacity-and-cost-governance
AzureDeploymentRollouts.md	platform-and-cloud-infrastructure	ci-cd-and-release-pipelines
AzureEnvironmentPromotion.md	platform-and-cloud-infrastructure	ci-cd-and-release-pipelines
AzureFailureRecovery.md	platform-and-cloud-infrastructure	cloud-and-kubernetes-operations
AzureIncidentTriage.md	platform-and-cloud-infrastructure	cloud-and-kubernetes-operations
AzureObservabilityDesign.md	platform-and-cloud-infrastructure	cloud-and-kubernetes-operations
AzurePolicyAutomation.md	platform-and-cloud-infrastructure	cloud-and-kubernetes-operations
AzureSecretsManagement.md	security-and-trust	secrets-and-key-management
BackendAPIDevelopment.md	backend-and-api-engineering	api-design-and-lifecycle
BackendArchitecture.md	backend-and-api-engineering	service-architecture-and-decomposition
BackfillReconciliationDesign.md	data-platform-and-analytics	pipelines-and-ingestion
BackfillReconciliationDiagnostics.md	data-platform-and-analytics	pipelines-and-ingestion
BackfillReconciliationGovernance.md	data-platform-and-analytics	pipelines-and-ingestion
BackfillReconciliationOperations.md	data-platform-and-analytics	pipelines-and-ingestion
BackfillReconciliationOptimization.md	data-platform-and-analytics	pipelines-and-ingestion
BackfillReconciliationPlanning.md	data-platform-and-analytics	pipelines-and-ingestion
BackfillReconciliationPlaybook.md	data-platform-and-analytics	pipelines-and-ingestion
BackfillReconciliationReliability.md	data-platform-and-analytics	pipelines-and-ingestion
BackfillReconciliationReview.md	data-platform-and-analytics	pipelines-and-ingestion
BackfillReconciliationStrategy.md	data-platform-and-analytics	pipelines-and-ingestion
BackgroundExecutionLimitsDesign.md	mobile-and-desktop-apps	device-connectivity-and-offline
BackgroundExecutionLimitsDiagnostics.md	mobile-and-desktop-apps	device-connectivity-and-offline
BackgroundExecutionLimitsGovernance.md	mobile-and-desktop-apps	device-connectivity-and-offline
BackgroundExecutionLimitsOperations.md	mobile-and-desktop-apps	device-connectivity-and-offline
BackgroundExecutionLimitsOptimization.md	mobile-and-desktop-apps	device-connectivity-and-offline
BackgroundExecutionLimitsPlanning.md	mobile-and-desktop-apps	device-connectivity-and-offline
BackgroundExecutionLimitsPlaybook.md	mobile-and-desktop-apps	device-connectivity-and-offline
BackgroundExecutionLimitsReliability.md	mobile-and-desktop-apps	device-connectivity-and-offline
BackgroundExecutionLimitsReview.md	mobile-and-desktop-apps	device-connectivity-and-offline
BackgroundExecutionLimitsStrategy.md	mobile-and-desktop-apps	device-connectivity-and-offline
BackgroundJobRecoveryBackpressureSignals.md	reliability-and-incident-response	resilience-and-failure-isolation
BackgroundJobRecoveryCausalTracing.md	reliability-and-incident-response	resilience-and-failure-isolation
BackgroundJobRecoveryContractProofs.md	reliability-and-incident-response	resilience-and-failure-isolation
BackgroundJobRecoveryDependencyIsolation.md	reliability-and-incident-response	resilience-and-failure-isolation
BackgroundJobRecoveryFailureSequencing.md	reliability-and-incident-response	resilience-and-failure-isolation
BackgroundJobRecoveryIdempotencyRules.md	reliability-and-incident-response	resilience-and-failure-isolation
BackgroundJobRecoveryOperatorClarity.md	reliability-and-incident-response	resilience-and-failure-isolation
BackgroundJobRecoveryRecoveryScripts.md	reliability-and-incident-response	resilience-and-failure-isolation
BackgroundJobRecoveryRetryDiscipline.md	reliability-and-incident-response	resilience-and-failure-isolation
BackgroundJobRecoveryRolloutGuards.md	reliability-and-incident-response	resilience-and-failure-isolation
BackgroundJobsWorkers.md	backend-and-api-engineering	backend-framework-patterns
BackupRecoveryOpsAccessBoundaries.md	reliability-and-incident-response	backup-and-disaster-recovery
BackupRecoveryOpsAlertTuning.md	reliability-and-incident-response	backup-and-disaster-recovery
BackupRecoveryOpsCapacitySignals.md	reliability-and-incident-response	backup-and-disaster-recovery
BackupRecoveryOpsChangeWindows.md	reliability-and-incident-response	backup-and-disaster-recovery
BackupRecoveryOpsDriftDetection.md	reliability-and-incident-response	backup-and-disaster-recovery
BackupRecoveryOpsDrillScenarios.md	reliability-and-incident-response	backup-and-disaster-recovery
BackupRecoveryOpsEvidenceCapture.md	reliability-and-incident-response	backup-and-disaster-recovery
BackupRecoveryOpsRollbackAutomation.md	reliability-and-incident-response	backup-and-disaster-recovery
BackupRecoveryOpsRunbookDesign.md	reliability-and-incident-response	backup-and-disaster-recovery
BackupRecoveryOpsSafetyRails.md	reliability-and-incident-response	backup-and-disaster-recovery
BackupVerificationAnalysis.md	reliability-and-incident-response	backup-and-disaster-recovery
BackupVerificationAutomation.md	reliability-and-incident-response	backup-and-disaster-recovery
BackupVerificationDesign.md	reliability-and-incident-response	backup-and-disaster-recovery
BackupVerificationDiagnostics.md	reliability-and-incident-response	backup-and-disaster-recovery
BackupVerificationGovernance.md	reliability-and-incident-response	backup-and-disaster-recovery
BackupVerificationOperations.md	reliability-and-incident-response	backup-and-disaster-recovery
BackupVerificationOptimization.md	reliability-and-incident-response	backup-and-disaster-recovery
BackupVerificationPlanning.md	reliability-and-incident-response	backup-and-disaster-recovery
BackupVerificationReview.md	reliability-and-incident-response	backup-and-disaster-recovery
BackupVerificationStrategy.md	reliability-and-incident-response	backup-and-disaster-recovery
BackwardCompatibilityReview.md	backend-and-api-engineering	api-design-and-lifecycle
BashScripting.md	platform-and-cloud-infrastructure	systems-administration-reference
BatchFreshnessAnalysis.md	data-platform-and-analytics	pipelines-and-ingestion
BatchFreshnessAutomation.md	data-platform-and-analytics	pipelines-and-ingestion
BatchFreshnessDesign.md	data-platform-and-analytics	pipelines-and-ingestion
BatchFreshnessDiagnostics.md	data-platform-and-analytics	pipelines-and-ingestion
BatchFreshnessGovernance.md	data-platform-and-analytics	pipelines-and-ingestion
BatchFreshnessOperations.md	data-platform-and-analytics	pipelines-and-ingestion
BatchFreshnessOptimization.md	data-platform-and-analytics	pipelines-and-ingestion
BatchFreshnessPlanning.md	data-platform-and-analytics	pipelines-and-ingestion
BatchFreshnessReview.md	data-platform-and-analytics	pipelines-and-ingestion
BatchFreshnessStrategy.md	data-platform-and-analytics	pipelines-and-ingestion
BatchImportRecoveryAlertEscalations.md	data-platform-and-analytics	pipelines-and-ingestion
BatchImportRecoveryDeadLetterHandling.md	data-platform-and-analytics	pipelines-and-ingestion
BatchImportRecoveryDeliveryAudits.md	data-platform-and-analytics	pipelines-and-ingestion
BatchImportRecoveryIdempotencyWindows.md	data-platform-and-analytics	pipelines-and-ingestion
BatchImportRecoveryMappingValidation.md	data-platform-and-analytics	pipelines-and-ingestion
BatchImportRecoveryReplayStrategies.md	data-platform-and-analytics	pipelines-and-ingestion
BatchImportRecoveryRetryContracts.md	data-platform-and-analytics	pipelines-and-ingestion
BatchImportRecoverySchemaGuardrails.md	data-platform-and-analytics	pipelines-and-ingestion
BatchImportRecoverySecretRotation.md	data-platform-and-analytics	pipelines-and-ingestion
BatchImportRecoveryThroughputLimits.md	data-platform-and-analytics	pipelines-and-ingestion
BatteryBudgetEnforcementDesign.md	mobile-and-desktop-apps	device-connectivity-and-offline
BatteryBudgetEnforcementDiagnostics.md	mobile-and-desktop-apps	device-connectivity-and-offline
BatteryBudgetEnforcementGovernance.md	mobile-and-desktop-apps	device-connectivity-and-offline
BatteryBudgetEnforcementOperations.md	mobile-and-desktop-apps	device-connectivity-and-offline
BatteryBudgetEnforcementOptimization.md	mobile-and-desktop-apps	device-connectivity-and-offline
BatteryBudgetEnforcementPlanning.md	mobile-and-desktop-apps	device-connectivity-and-offline
BatteryBudgetEnforcementPlaybook.md	mobile-and-desktop-apps	device-connectivity-and-offline
BatteryBudgetEnforcementReliability.md	mobile-and-desktop-apps	device-connectivity-and-offline
BatteryBudgetEnforcementReview.md	mobile-and-desktop-apps	device-connectivity-and-offline
BatteryBudgetEnforcementStrategy.md	mobile-and-desktop-apps	device-connectivity-and-offline
BatteryPerformanceTuning.md	mobile-and-desktop-apps	device-connectivity-and-offline
BatteryUsageAnalysisBuildSigning.md	mobile-and-desktop-apps	device-connectivity-and-offline
BatteryUsageAnalysisCrashClustering.md	mobile-and-desktop-apps	device-connectivity-and-offline
BatteryUsageAnalysisDeviceMatrices.md	mobile-and-desktop-apps	device-connectivity-and-offline
BatteryUsageAnalysisPermissionFlows.md	mobile-and-desktop-apps	device-connectivity-and-offline
BatteryUsageAnalysisRollbackChannels.md	mobile-and-desktop-apps	device-connectivity-and-offline
BatteryUsageAnalysisStoreReadiness.md	mobile-and-desktop-apps	device-connectivity-and-offline
BatteryUsageAnalysisSyncConflictRules.md	mobile-and-desktop-apps	device-connectivity-and-offline
BatteryUsageAnalysisTelemetrySignals.md	mobile-and-desktop-apps	device-connectivity-and-offline
BatteryUsageAnalysisUpgradeSafety.md	mobile-and-desktop-apps	device-connectivity-and-offline
BatteryUsageAnalysisUserRecovery.md	mobile-and-desktop-apps	device-connectivity-and-offline
BeginnerMonitoringObservability.md	reliability-and-incident-response	observability-and-slos
BeginnerTestingStrategy.md	testing-and-quality-assurance	test-strategy-and-harnesses
BehavioralInterviewing.md	people-and-engineering-management	hiring-and-interviewing
BillingWorkflowRepairBackpressureSignals.md	backend-and-api-engineering	payments-and-billing
BillingWorkflowRepairCausalTracing.md	backend-and-api-engineering	payments-and-billing
BillingWorkflowRepairContractProofs.md	backend-and-api-engineering	payments-and-billing
BillingWorkflowRepairDependencyIsolation.md	backend-and-api-engineering	payments-and-billing
BillingWorkflowRepairFailureSequencing.md	backend-and-api-engineering	payments-and-billing
BillingWorkflowRepairIdempotencyRules.md	backend-and-api-engineering	payments-and-billing
BillingWorkflowRepairOperatorClarity.md	backend-and-api-engineering	payments-and-billing
BillingWorkflowRepairRecoveryScripts.md	backend-and-api-engineering	payments-and-billing
BillingWorkflowRepairRetryDiscipline.md	backend-and-api-engineering	payments-and-billing
BillingWorkflowRepairRolloutGuards.md	backend-and-api-engineering	payments-and-billing
BioinformaticsPipelines.md	specialized-and-systems-engineering	scientific-and-emerging-computing
BioinformaticsWorkflowQADesign.md	specialized-and-systems-engineering	scientific-and-emerging-computing
BioinformaticsWorkflowQADiagnostics.md	specialized-and-systems-engineering	scientific-and-emerging-computing
BioinformaticsWorkflowQAGovernance.md	specialized-and-systems-engineering	scientific-and-emerging-computing
BioinformaticsWorkflowQAOperations.md	specialized-and-systems-engineering	scientific-and-emerging-computing
BioinformaticsWorkflowQAOptimization.md	specialized-and-systems-engineering	scientific-and-emerging-computing
BioinformaticsWorkflowQAPlanning.md	specialized-and-systems-engineering	scientific-and-emerging-computing
BioinformaticsWorkflowQAPlaybook.md	specialized-and-systems-engineering	scientific-and-emerging-computing
BioinformaticsWorkflowQAReliability.md	specialized-and-systems-engineering	scientific-and-emerging-computing
BioinformaticsWorkflowQAReview.md	specialized-and-systems-engineering	scientific-and-emerging-computing
BioinformaticsWorkflowQAStrategy.md	specialized-and-systems-engineering	scientific-and-emerging-computing
BlockchainWeb3.md	specialized-and-systems-engineering	scientific-and-emerging-computing
BlueGreenDeploymentStrategy.md	platform-and-cloud-infrastructure	ci-cd-and-release-pipelines
BotMitigationStrategy.md	security-and-trust	abuse-and-fraud-defense
BranchPrediction.md	specialized-and-systems-engineering	hardware-and-computer-architecture
Brand-Identity-Design.md	frontend-and-user-experience	design-systems-and-visual-design
BrandMessagingAnalysis.md	product-growth-and-marketing	acquisition-funnels-and-campaigns
BrandMessagingAutomation.md	product-growth-and-marketing	acquisition-funnels-and-campaigns
BrandMessagingDesign.md	product-growth-and-marketing	acquisition-funnels-and-campaigns
BrandMessagingDiagnostics.md	product-growth-and-marketing	acquisition-funnels-and-campaigns
BrandMessagingGovernance.md	product-growth-and-marketing	acquisition-funnels-and-campaigns
BrandMessagingOperations.md	product-growth-and-marketing	acquisition-funnels-and-campaigns
BrandMessagingOptimization.md	product-growth-and-marketing	acquisition-funnels-and-campaigns
BrandMessagingPlanning.md	product-growth-and-marketing	acquisition-funnels-and-campaigns
BrandMessagingReview.md	product-growth-and-marketing	acquisition-funnels-and-campaigns
BrandMessagingStrategy.md	product-growth-and-marketing	acquisition-funnels-and-campaigns
BrowserExtensionDev.md	frontend-and-user-experience	frontend-frameworks-and-performance
BrowserStateDebuggingAccessibilityProofs.md	testing-and-quality-assurance	browser-and-end-to-end-testing
BrowserStateDebuggingDeviceCoverage.md	testing-and-quality-assurance	browser-and-end-to-end-testing
BrowserStateDebuggingEdgeStateMatrices.md	testing-and-quality-assurance	browser-and-end-to-end-testing
BrowserStateDebuggingFailureRecovery.md	testing-and-quality-assurance	browser-and-end-to-end-testing
BrowserStateDebuggingHandoffSpecs.md	testing-and-quality-assurance	browser-and-end-to-end-testing
BrowserStateDebuggingInteractionLatency.md	testing-and-quality-assurance	browser-and-end-to-end-testing
BrowserStateDebuggingRegressionScreens.md	testing-and-quality-assurance	browser-and-end-to-end-testing
BrowserStateDebuggingStateBoundaries.md	testing-and-quality-assurance	browser-and-end-to-end-testing
BrowserStateDebuggingTestObservability.md	testing-and-quality-assurance	browser-and-end-to-end-testing
BrowserStateDebuggingVisualContracts.md	testing-and-quality-assurance	browser-and-end-to-end-testing
BrowserStorageIndexedDB.md	frontend-and-user-experience	frontend-frameworks-and-performance
BrowserTestOrchestrationArtifactCapture.md	testing-and-quality-assurance	browser-and-end-to-end-testing
BrowserTestOrchestrationCrossBrowserDrift.md	testing-and-quality-assurance	browser-and-end-to-end-testing
BrowserTestOrchestrationEnvironmentParity.md	testing-and-quality-assurance	browser-and-end-to-end-testing
BrowserTestOrchestrationFailureScreenshots.md	testing-and-quality-assurance	browser-and-end-to-end-testing
BrowserTestOrchestrationFlakeTriage.md	testing-and-quality-assurance	browser-and-end-to-end-testing
BrowserTestOrchestrationRetryWindows.md	testing-and-quality-assurance	browser-and-end-to-end-testing
BrowserTestOrchestrationSelectorResilience.md	testing-and-quality-assurance	browser-and-end-to-end-testing
BrowserTestOrchestrationStateReset.md	testing-and-quality-assurance	browser-and-end-to-end-testing
BrowserTestOrchestrationTimingStability.md	testing-and-quality-assurance	browser-and-end-to-end-testing
BrowserTestOrchestrationUserSimulation.md	testing-and-quality-assurance	browser-and-end-to-end-testing
BruteForce.md	security-and-trust	attack-defense-and-hardening
BufferOverflow.md	security-and-trust	attack-defense-and-hardening
BugReproductionAutomationHooks.md	testing-and-quality-assurance	bug-reproduction-and-triage
BugReproductionChangeScoping.md	testing-and-quality-assurance	bug-reproduction-and-triage
BugReproductionEdgeCaseSweeps.md	testing-and-quality-assurance	bug-reproduction-and-triage
BugReproductionMinimalRepros.md	testing-and-quality-assurance	bug-reproduction-and-triage
BugReproductionPatchDesign.md	testing-and-quality-assurance	bug-reproduction-and-triage
BugReproductionRegressionGuards.md	testing-and-quality-assurance	bug-reproduction-and-triage
BugReproductionRiskRanking.md	testing-and-quality-assurance	bug-reproduction-and-triage
BugReproductionRollbackPlans.md	testing-and-quality-assurance	bug-reproduction-and-triage
BugReproductionTraceIsolation.md	testing-and-quality-assurance	bug-reproduction-and-triage
BugReproductionVerificationLoops.md	testing-and-quality-assurance	bug-reproduction-and-triage
BuildFailureResponseApprovalHeuristics.md	software-engineering-craft	version-control-and-builds
BuildFailureResponseChangeNarratives.md	software-engineering-craft	version-control-and-builds
BuildFailureResponseDependencyBlastRadius.md	software-engineering-craft	version-control-and-builds
BuildFailureResponseDiffCompression.md	software-engineering-craft	version-control-and-builds
BuildFailureResponseEvidencePackets.md	software-engineering-craft	version-control-and-builds
BuildFailureResponseFollowthroughChecklists.md	software-engineering-craft	version-control-and-builds
BuildFailureResponseRebaseSafety.md	software-engineering-craft	version-control-and-builds
BuildFailureResponseRegressionForecasting.md	software-engineering-craft	version-control-and-builds
BuildFailureResponseReviewerAlignment.md	software-engineering-craft	version-control-and-builds
BuildFailureResponseStagingPlans.md	software-engineering-craft	version-control-and-builds
BuildGuardrailsAnalysis.md	software-engineering-craft	version-control-and-builds
BuildGuardrailsAutomation.md	software-engineering-craft	version-control-and-builds
BuildGuardrailsDesign.md	software-engineering-craft	version-control-and-builds
BuildGuardrailsDiagnostics.md	software-engineering-craft	version-control-and-builds
BuildGuardrailsGovernance.md	software-engineering-craft	version-control-and-builds
BuildGuardrailsOperations.md	software-engineering-craft	version-control-and-builds
BuildGuardrailsOptimization.md	software-engineering-craft	version-control-and-builds
BuildGuardrailsPlanning.md	software-engineering-craft	version-control-and-builds
BuildGuardrailsReview.md	software-engineering-craft	version-control-and-builds
BuildGuardrailsStrategy.md	software-engineering-craft	version-control-and-builds
BuildOptimization.md	software-engineering-craft	version-control-and-builds
BundleBudgetManagementAccessibilityProofs.md	frontend-and-user-experience	frontend-frameworks-and-performance
BundleBudgetManagementDeviceCoverage.md	frontend-and-user-experience	frontend-frameworks-and-performance
BundleBudgetManagementEdgeStateMatrices.md	frontend-and-user-experience	frontend-frameworks-and-performance
BundleBudgetManagementFailureRecovery.md	frontend-and-user-experience	frontend-frameworks-and-performance
BundleBudgetManagementHandoffSpecs.md	frontend-and-user-experience	frontend-frameworks-and-performance
BundleBudgetManagementInteractionLatency.md	frontend-and-user-experience	frontend-frameworks-and-performance
BundleBudgetManagementRegressionScreens.md	frontend-and-user-experience	frontend-frameworks-and-performance
BundleBudgetManagementStateBoundaries.md	frontend-and-user-experience	frontend-frameworks-and-performance
BundleBudgetManagementTestObservability.md	frontend-and-user-experience	frontend-frameworks-and-performance
BundleBudgetManagementVisualContracts.md	frontend-and-user-experience	frontend-frameworks-and-performance
BusInterconnectDesign.md	specialized-and-systems-engineering	hardware-and-computer-architecture
BusinessLogicValidation.md	software-engineering-craft	code-quality-and-refactoring
CDCRecoveryPlaybooksDesign.md	data-platform-and-analytics	pipelines-and-ingestion
CDCRecoveryPlaybooksDiagnostics.md	data-platform-and-analytics	pipelines-and-ingestion
CDCRecoveryPlaybooksGovernance.md	data-platform-and-analytics	pipelines-and-ingestion
CDCRecoveryPlaybooksOperations.md	data-platform-and-analytics	pipelines-and-ingestion
CDCRecoveryPlaybooksOptimization.md	data-platform-and-analytics	pipelines-and-ingestion
CDCRecoveryPlaybooksPlanning.md	data-platform-and-analytics	pipelines-and-ingestion
CDCRecoveryPlaybooksPlaybook.md	data-platform-and-analytics	pipelines-and-ingestion
CDCRecoveryPlaybooksReliability.md	data-platform-and-analytics	pipelines-and-ingestion
CDCRecoveryPlaybooksReview.md	data-platform-and-analytics	pipelines-and-ingestion
CDCRecoveryPlaybooksStrategy.md	data-platform-and-analytics	pipelines-and-ingestion
CICDPipeline.md	platform-and-cloud-infrastructure	ci-cd-and-release-pipelines
CICDPipelineDesign.md	platform-and-cloud-infrastructure	ci-cd-and-release-pipelines
CICDPipelinesAccessBoundaries.md	platform-and-cloud-infrastructure	ci-cd-and-release-pipelines
CICDPipelinesAlertTuning.md	platform-and-cloud-infrastructure	ci-cd-and-release-pipelines
CICDPipelinesCapacitySignals.md	platform-and-cloud-infrastructure	ci-cd-and-release-pipelines
CICDPipelinesChangeWindows.md	platform-and-cloud-infrastructure	ci-cd-and-release-pipelines
CICDPipelinesDriftDetection.md	platform-and-cloud-infrastructure	ci-cd-and-release-pipelines
CICDPipelinesDrillScenarios.md	platform-and-cloud-infrastructure	ci-cd-and-release-pipelines
CICDPipelinesEvidenceCapture.md	platform-and-cloud-infrastructure	ci-cd-and-release-pipelines
CICDPipelinesRollbackAutomation.md	platform-and-cloud-infrastructure	ci-cd-and-release-pipelines
CICDPipelinesRunbookDesign.md	platform-and-cloud-infrastructure	ci-cd-and-release-pipelines
CICDPipelinesSafetyRails.md	platform-and-cloud-infrastructure	ci-cd-and-release-pipelines
CLIToolDesign.md	software-engineering-craft	developer-tooling-and-experience
CSRF.md	security-and-trust	attack-defense-and-hardening
CSSArchitecture.md	frontend-and-user-experience	frontend-frameworks-and-performance
CSSGridFlexbox.md	frontend-and-user-experience	frontend-frameworks-and-performance
CSSNamingConventions.md	frontend-and-user-experience	frontend-frameworks-and-performance
CSSSystemRefactorsAccessibilityProofs.md	frontend-and-user-experience	frontend-frameworks-and-performance
CSSSystemRefactorsDeviceCoverage.md	frontend-and-user-experience	frontend-frameworks-and-performance
CSSSystemRefactorsEdgeStateMatrices.md	frontend-and-user-experience	frontend-frameworks-and-performance
CSSSystemRefactorsFailureRecovery.md	frontend-and-user-experience	frontend-frameworks-and-performance
CSSSystemRefactorsHandoffSpecs.md	frontend-and-user-experience	frontend-frameworks-and-performance
CSSSystemRefactorsInteractionLatency.md	frontend-and-user-experience	frontend-frameworks-and-performance
CSSSystemRefactorsRegressionScreens.md	frontend-and-user-experience	frontend-frameworks-and-performance
CSSSystemRefactorsStateBoundaries.md	frontend-and-user-experience	frontend-frameworks-and-performance
CSSSystemRefactorsTestObservability.md	frontend-and-user-experience	frontend-frameworks-and-performance
CSSSystemRefactorsVisualContracts.md	frontend-and-user-experience	frontend-frameworks-and-performance
CSVIngestionRepairAlertEscalations.md	data-platform-and-analytics	pipelines-and-ingestion
CSVIngestionRepairDeadLetterHandling.md	data-platform-and-analytics	pipelines-and-ingestion
CSVIngestionRepairDeliveryAudits.md	data-platform-and-analytics	pipelines-and-ingestion
CSVIngestionRepairIdempotencyWindows.md	data-platform-and-analytics	pipelines-and-ingestion
CSVIngestionRepairMappingValidation.md	data-platform-and-analytics	pipelines-and-ingestion
CSVIngestionRepairReplayStrategies.md	data-platform-and-analytics	pipelines-and-ingestion
CSVIngestionRepairRetryContracts.md	data-platform-and-analytics	pipelines-and-ingestion
CSVIngestionRepairSchemaGuardrails.md	data-platform-and-analytics	pipelines-and-ingestion
CSVIngestionRepairSecretRotation.md	data-platform-and-analytics	pipelines-and-ingestion
CSVIngestionRepairThroughputLimits.md	data-platform-and-analytics	pipelines-and-ingestion
CSharpBuildToolchains.md	software-engineering-craft	version-control-and-builds
CSharpConcurrencyPatterns.md	software-engineering-craft	languages
CSharpDebugWorkflows.md	software-engineering-craft	languages
CSharpErrorSemantics.md	software-engineering-craft	languages
CSharpInteropBoundaries.md	software-engineering-craft	languages
CSharpPackagePublishing.md	software-engineering-craft	version-control-and-builds
CSharpPerformanceProfiling.md	software-engineering-craft	languages
CSharpRefactorMechanics.md	software-engineering-craft	code-quality-and-refactoring
CSharpTestHarnessDesign.md	software-engineering-craft	languages
CSharpTypeArchitecture.md	software-engineering-craft	languages
CacheConsistencyOpsBackpressureSignals.md	backend-and-api-engineering	service-architecture-and-decomposition
CacheConsistencyOpsCausalTracing.md	backend-and-api-engineering	service-architecture-and-decomposition
CacheConsistencyOpsContractProofs.md	backend-and-api-engineering	service-architecture-and-decomposition
CacheConsistencyOpsDependencyIsolation.md	backend-and-api-engineering	service-architecture-and-decomposition
CacheConsistencyOpsFailureSequencing.md	backend-and-api-engineering	service-architecture-and-decomposition
CacheConsistencyOpsIdempotencyRules.md	backend-and-api-engineering	service-architecture-and-decomposition
CacheConsistencyOpsOperatorClarity.md	backend-and-api-engineering	service-architecture-and-decomposition
CacheConsistencyOpsRecoveryScripts.md	backend-and-api-engineering	service-architecture-and-decomposition
CacheConsistencyOpsRetryDiscipline.md	backend-and-api-engineering	service-architecture-and-decomposition
CacheConsistencyOpsRolloutGuards.md	backend-and-api-engineering	service-architecture-and-decomposition
CacheDesign.md	backend-and-api-engineering	service-architecture-and-decomposition
CachingArchitecturesConstraintMapping.md	backend-and-api-engineering	service-architecture-and-decomposition
CachingArchitecturesDataOwnership.md	backend-and-api-engineering	service-architecture-and-decomposition
CachingArchitecturesDependencyGraphs.md	backend-and-api-engineering	service-architecture-and-decomposition
CachingArchitecturesFailureBudgets.md	backend-and-api-engineering	service-architecture-and-decomposition
CachingArchitecturesInterfaceContracts.md	backend-and-api-engineering	service-architecture-and-decomposition
CachingArchitecturesMigrationSeams.md	backend-and-api-engineering	service-architecture-and-decomposition
CachingArchitecturesOperabilityHooks.md	backend-and-api-engineering	service-architecture-and-decomposition
CachingArchitecturesRolloutPhases.md	backend-and-api-engineering	service-architecture-and-decomposition
CachingArchitecturesScalingPaths.md	backend-and-api-engineering	service-architecture-and-decomposition
CachingArchitecturesTradeoffReviews.md	backend-and-api-engineering	service-architecture-and-decomposition
CachingStrategies.md	backend-and-api-engineering	service-architecture-and-decomposition
CallbackDeliveryOpsBackoffPolicies.md	backend-and-api-engineering	integrations-and-webhooks
CallbackDeliveryOpsContractSnapshots.md	backend-and-api-engineering	integrations-and-webhooks
CallbackDeliveryOpsErrorTaxonomy.md	backend-and-api-engineering	integrations-and-webhooks
CallbackDeliveryOpsRequestReplay.md	backend-and-api-engineering	integrations-and-webhooks
CallbackDeliveryOpsRolloutWindows.md	backend-and-api-engineering	integrations-and-webhooks
CallbackDeliveryOpsSandboxParity.md	backend-and-api-engineering	integrations-and-webhooks
CallbackDeliveryOpsSignatureValidation.md	backend-and-api-engineering	integrations-and-webhooks
CallbackDeliveryOpsSupportEscalations.md	backend-and-api-engineering	integrations-and-webhooks
CallbackDeliveryOpsTokenRefresh.md	backend-and-api-engineering	integrations-and-webhooks
CallbackDeliveryOpsVersionDiffs.md	backend-and-api-engineering	integrations-and-webhooks
CampaignMeasurementGovernanceDesign.md	product-growth-and-marketing	acquisition-funnels-and-campaigns
CampaignMeasurementGovernanceDiagnostics.md	product-growth-and-marketing	acquisition-funnels-and-campaigns
CampaignMeasurementGovernanceGovernance.md	product-growth-and-marketing	acquisition-funnels-and-campaigns
CampaignMeasurementGovernanceOperations.md	product-growth-and-marketing	acquisition-funnels-and-campaigns
CampaignMeasurementGovernanceOptimization.md	product-growth-and-marketing	acquisition-funnels-and-campaigns
CampaignMeasurementGovernancePlanning.md	product-growth-and-marketing	acquisition-funnels-and-campaigns
CampaignMeasurementGovernancePlaybook.md	product-growth-and-marketing	acquisition-funnels-and-campaigns
CampaignMeasurementGovernanceReliability.md	product-growth-and-marketing	acquisition-funnels-and-campaigns
CampaignMeasurementGovernanceReview.md	product-growth-and-marketing	acquisition-funnels-and-campaigns
CampaignMeasurementGovernanceStrategy.md	product-growth-and-marketing	acquisition-funnels-and-campaigns
CanaryReleaseAnalysis.md	platform-and-cloud-infrastructure	ci-cd-and-release-pipelines
CandidatePipelineTriageBiasMitigations.md	people-and-engineering-management	hiring-and-interviewing
CandidatePipelineTriageCalibrationSessions.md	people-and-engineering-management	hiring-and-interviewing
CandidatePipelineTriageDecisionMemos.md	people-and-engineering-management	hiring-and-interviewing
CandidatePipelineTriageDocumentationTemplates.md	people-and-engineering-management	hiring-and-interviewing
CandidatePipelineTriageEscalationRules.md	people-and-engineering-management	hiring-and-interviewing
CandidatePipelineTriageEvaluationPackets.md	people-and-engineering-management	hiring-and-interviewing
CandidatePipelineTriageFeedbackCadence.md	people-and-engineering-management	hiring-and-interviewing
CandidatePipelineTriageOutcomeTracking.md	people-and-engineering-management	hiring-and-interviewing
CandidatePipelineTriageReadinessChecks.md	people-and-engineering-management	hiring-and-interviewing
CandidatePipelineTriageSignalRubrics.md	people-and-engineering-management	hiring-and-interviewing
CaseStudyDevelopment.md	content-and-communication	editorial-and-copywriting
CaseStudyInterviewingDesign.md	people-and-engineering-management	hiring-and-interviewing
CaseStudyInterviewingDiagnostics.md	people-and-engineering-management	hiring-and-interviewing
CaseStudyInterviewingGovernance.md	people-and-engineering-management	hiring-and-interviewing
CaseStudyInterviewingOperations.md	people-and-engineering-management	hiring-and-interviewing
CaseStudyInterviewingOptimization.md	people-and-engineering-management	hiring-and-interviewing
CaseStudyInterviewingPlanning.md	people-and-engineering-management	hiring-and-interviewing
CaseStudyInterviewingPlaybook.md	people-and-engineering-management	hiring-and-interviewing
CaseStudyInterviewingReliability.md	people-and-engineering-management	hiring-and-interviewing
CaseStudyInterviewingReview.md	people-and-engineering-management	hiring-and-interviewing
CaseStudyInterviewingStrategy.md	people-and-engineering-management	hiring-and-interviewing
ChangeAnnouncementOpsActionabilityChecks.md	content-and-communication	technical-documentation
ChangeAnnouncementOpsApprovalRouting.md	content-and-communication	technical-documentation
ChangeAnnouncementOpsExampleCoverage.md	content-and-communication	technical-documentation
ChangeAnnouncementOpsLinkIntegrity.md	content-and-communication	technical-documentation
ChangeAnnouncementOpsMaintenanceOwnership.md	content-and-communication	technical-documentation
ChangeAnnouncementOpsReaderTasks.md	content-and-communication	technical-documentation
ChangeAnnouncementOpsScreenshotStrategy.md	content-and-communication	technical-documentation
ChangeAnnouncementOpsSearchKeywords.md	content-and-communication	technical-documentation
ChangeAnnouncementOpsUpdateTriggers.md	content-and-communication	technical-documentation
ChangeAnnouncementOpsVersionStamps.md	content-and-communication	technical-documentation
ChangeFailureAnalysis.md	reliability-and-incident-response	incident-response-and-postmortems
ChangeManagement.md	product-and-project-management	planning-cadence-and-delivery
ChangeRiskScoringDesign.md	product-and-project-management	planning-cadence-and-delivery
ChangeRiskScoringDiagnostics.md	product-and-project-management	planning-cadence-and-delivery
ChangeRiskScoringGovernance.md	product-and-project-management	planning-cadence-and-delivery
ChangeRiskScoringOperations.md	product-and-project-management	planning-cadence-and-delivery
ChangeRiskScoringOptimization.md	product-and-project-management	planning-cadence-and-delivery
ChangeRiskScoringPlanning.md	product-and-project-management	planning-cadence-and-delivery
ChangeRiskScoringPlaybook.md	product-and-project-management	planning-cadence-and-delivery
ChangeRiskScoringReliability.md	product-and-project-management	planning-cadence-and-delivery
ChangeRiskScoringReview.md	product-and-project-management	planning-cadence-and-delivery
ChangeRiskScoringStrategy.md	product-and-project-management	planning-cadence-and-delivery
ChangelogCurationActionSummaries.md	content-and-communication	technical-documentation
ChangelogCurationApprovalCriteria.md	content-and-communication	technical-documentation
ChangelogCurationAudienceFraming.md	content-and-communication	technical-documentation
ChangelogCurationCrossLinking.md	content-and-communication	technical-documentation
ChangelogCurationDecisionRecords.md	content-and-communication	technical-documentation
ChangelogCurationEvidenceDensity.md	content-and-communication	technical-documentation
ChangelogCurationExampleQuality.md	content-and-communication	technical-documentation
ChangelogCurationReviewWorkflow.md	content-and-communication	technical-documentation
ChangelogCurationSearchability.md	content-and-communication	technical-documentation
ChangelogCurationUpdateCadence.md	content-and-communication	technical-documentation
ChaosEngineering.md	reliability-and-incident-response	resilience-and-failure-isolation
ChurnReductionStrategy.md	product-growth-and-marketing	onboarding-activation-and-retention
ChurnSignalAnalysisCommsPlans.md	product-growth-and-marketing	onboarding-activation-and-retention
ChurnSignalAnalysisDependencyReviews.md	product-growth-and-marketing	onboarding-activation-and-retention
ChurnSignalAnalysisEscalationPaths.md	product-growth-and-marketing	onboarding-activation-and-retention
ChurnSignalAnalysisLearningLoops.md	product-growth-and-marketing	onboarding-activation-and-retention
ChurnSignalAnalysisMetricSelection.md	product-growth-and-marketing	onboarding-activation-and-retention
ChurnSignalAnalysisOutcomeInterpretation.md	product-growth-and-marketing	onboarding-activation-and-retention
ChurnSignalAnalysisPostLaunchCadence.md	product-growth-and-marketing	onboarding-activation-and-retention
ChurnSignalAnalysisReadinessGates.md	product-growth-and-marketing	onboarding-activation-and-retention
ChurnSignalAnalysisRiskNarratives.md	product-growth-and-marketing	onboarding-activation-and-retention
ChurnSignalAnalysisSegmentLogic.md	product-growth-and-marketing	onboarding-activation-and-retention
Claude.md	ai-and-agent-systems	model-provider-guides
CleanCodeSOLID.md	software-engineering-craft	code-quality-and-refactoring
ClientObservabilityAnalysis.md	frontend-and-user-experience	frontend-frameworks-and-performance
ClientObservabilityAutomation.md	frontend-and-user-experience	frontend-frameworks-and-performance
ClientObservabilityDesign.md	frontend-and-user-experience	frontend-frameworks-and-performance
ClientObservabilityDiagnostics.md	frontend-and-user-experience	frontend-frameworks-and-performance
ClientObservabilityGovernance.md	frontend-and-user-experience	frontend-frameworks-and-performance
ClientObservabilityOperations.md	frontend-and-user-experience	frontend-frameworks-and-performance
ClientObservabilityOptimization.md	frontend-and-user-experience	frontend-frameworks-and-performance
ClientObservabilityPlanning.md	frontend-and-user-experience	frontend-frameworks-and-performance
ClientObservabilityReview.md	frontend-and-user-experience	frontend-frameworks-and-performance
ClientObservabilityStrategy.md	frontend-and-user-experience	frontend-frameworks-and-performance
ClientSideFeatureFlags.md	platform-and-cloud-infrastructure	ci-cd-and-release-pipelines
ClientStateRecoverabilityDesign.md	frontend-and-user-experience	frontend-frameworks-and-performance
ClientStateRecoverabilityDiagnostics.md	frontend-and-user-experience	frontend-frameworks-and-performance
ClientStateRecoverabilityGovernance.md	frontend-and-user-experience	frontend-frameworks-and-performance
ClientStateRecoverabilityOperations.md	frontend-and-user-experience	frontend-frameworks-and-performance
ClientStateRecoverabilityOptimization.md	frontend-and-user-experience	frontend-frameworks-and-performance
ClientStateRecoverabilityPlanning.md	frontend-and-user-experience	frontend-frameworks-and-performance
ClientStateRecoverabilityPlaybook.md	frontend-and-user-experience	frontend-frameworks-and-performance
ClientStateRecoverabilityReliability.md	frontend-and-user-experience	frontend-frameworks-and-performance
ClientStateRecoverabilityReview.md	frontend-and-user-experience	frontend-frameworks-and-performance
ClientStateRecoverabilityStrategy.md	frontend-and-user-experience	frontend-frameworks-and-performance
ClipboardWorkflowDesignArtifactCapture.md	testing-and-quality-assurance	browser-and-end-to-end-testing
ClipboardWorkflowDesignCrossBrowserDrift.md	testing-and-quality-assurance	browser-and-end-to-end-testing
ClipboardWorkflowDesignEnvironmentParity.md	testing-and-quality-assurance	browser-and-end-to-end-testing
ClipboardWorkflowDesignFailureScreenshots.md	testing-and-quality-assurance	browser-and-end-to-end-testing
ClipboardWorkflowDesignFlakeTriage.md	testing-and-quality-assurance	browser-and-end-to-end-testing
ClipboardWorkflowDesignRetryWindows.md	testing-and-quality-assurance	browser-and-end-to-end-testing
ClipboardWorkflowDesignSelectorResilience.md	testing-and-quality-assurance	browser-and-end-to-end-testing
ClipboardWorkflowDesignStateReset.md	testing-and-quality-assurance	browser-and-end-to-end-testing
ClipboardWorkflowDesignTimingStability.md	testing-and-quality-assurance	browser-and-end-to-end-testing
ClipboardWorkflowDesignUserSimulation.md	testing-and-quality-assurance	browser-and-end-to-end-testing
CloudArchitecture.md	platform-and-cloud-infrastructure	platform-engineering-and-tenancy
CloudCostDebugging.md	platform-and-cloud-infrastructure	capacity-and-cost-governance
CloudCostOptimization.md	platform-and-cloud-infrastructure	capacity-and-cost-governance
CloudDeployment.md	platform-and-cloud-infrastructure	ci-cd-and-release-pipelines
ClusterTenancyAnalysis.md	platform-and-cloud-infrastructure	platform-engineering-and-tenancy
ClusterTenancyAutomation.md	platform-and-cloud-infrastructure	platform-engineering-and-tenancy
ClusterTenancyDesign.md	platform-and-cloud-infrastructure	platform-engineering-and-tenancy
ClusterTenancyDiagnostics.md	platform-and-cloud-infrastructure	platform-engineering-and-tenancy
ClusterTenancyGovernance.md	platform-and-cloud-infrastructure	platform-engineering-and-tenancy
ClusterTenancyOperations.md	platform-and-cloud-infrastructure	platform-engineering-and-tenancy
ClusterTenancyOptimization.md	platform-and-cloud-infrastructure	platform-engineering-and-tenancy
ClusterTenancyPlanning.md	platform-and-cloud-infrastructure	platform-engineering-and-tenancy
ClusterTenancyReview.md	platform-and-cloud-infrastructure	platform-engineering-and-tenancy
ClusterTenancyStrategy.md	platform-and-cloud-infrastructure	platform-engineering-and-tenancy
CodeDocumentation.md	content-and-communication	technical-documentation
CodeMigrationStrategy.md	software-engineering-craft	code-quality-and-refactoring
CodeReview.md	software-engineering-craft	code-quality-and-refactoring
CodeReviewBestPractices.md	software-engineering-craft	code-quality-and-refactoring
CodeReviewComments.md	software-engineering-craft	code-quality-and-refactoring
CodeReviewDocumentation.md	software-engineering-craft	code-quality-and-refactoring
CodeReviewOpsAutomationHooks.md	software-engineering-craft	code-quality-and-refactoring
CodeReviewOpsChangeScoping.md	software-engineering-craft	code-quality-and-refactoring
CodeReviewOpsEdgeCaseSweeps.md	software-engineering-craft	code-quality-and-refactoring
CodeReviewOpsMinimalRepros.md	software-engineering-craft	code-quality-and-refactoring
CodeReviewOpsPatchDesign.md	software-engineering-craft	code-quality-and-refactoring
CodeReviewOpsRegressionGuards.md	software-engineering-craft	code-quality-and-refactoring
CodeReviewOpsRiskRanking.md	software-engineering-craft	code-quality-and-refactoring
CodeReviewOpsRollbackPlans.md	software-engineering-craft	code-quality-and-refactoring
CodeReviewOpsTraceIsolation.md	software-engineering-craft	code-quality-and-refactoring
CodeReviewOpsVerificationLoops.md	software-engineering-craft	code-quality-and-refactoring
CodeSearchOperationsApprovalHeuristics.md	software-engineering-craft	developer-tooling-and-experience
CodeSearchOperationsChangeNarratives.md	software-engineering-craft	developer-tooling-and-experience
CodeSearchOperationsDependencyBlastRadius.md	software-engineering-craft	version-control-and-builds
CodeSearchOperationsDiffCompression.md	software-engineering-craft	developer-tooling-and-experience
CodeSearchOperationsEvidencePackets.md	software-engineering-craft	developer-tooling-and-experience
CodeSearchOperationsFollowthroughChecklists.md	software-engineering-craft	developer-tooling-and-experience
CodeSearchOperationsRebaseSafety.md	software-engineering-craft	developer-tooling-and-experience
CodeSearchOperationsRegressionForecasting.md	software-engineering-craft	developer-tooling-and-experience
CodeSearchOperationsReviewerAlignment.md	software-engineering-craft	developer-tooling-and-experience
CodeSearchOperationsStagingPlans.md	software-engineering-craft	developer-tooling-and-experience
CodeSplittingLazyLoading.md	frontend-and-user-experience	frontend-frameworks-and-performance
CodebaseOwnershipModelsDesign.md	backend-and-api-engineering	service-architecture-and-decomposition
CodebaseOwnershipModelsDiagnostics.md	backend-and-api-engineering	service-architecture-and-decomposition
CodebaseOwnershipModelsGovernance.md	backend-and-api-engineering	service-architecture-and-decomposition
CodebaseOwnershipModelsOperations.md	backend-and-api-engineering	service-architecture-and-decomposition
CodebaseOwnershipModelsOptimization.md	backend-and-api-engineering	service-architecture-and-decomposition
CodebaseOwnershipModelsPlanning.md	backend-and-api-engineering	service-architecture-and-decomposition
CodebaseOwnershipModelsPlaybook.md	backend-and-api-engineering	service-architecture-and-decomposition
CodebaseOwnershipModelsReliability.md	backend-and-api-engineering	service-architecture-and-decomposition
CodebaseOwnershipModelsReview.md	backend-and-api-engineering	service-architecture-and-decomposition
CodebaseOwnershipModelsStrategy.md	backend-and-api-engineering	service-architecture-and-decomposition
CohortAnalysisOpsAnomalyTriage.md	data-platform-and-analytics	metrics-and-analytics
CohortAnalysisOpsChangeImpact.md	data-platform-and-analytics	metrics-and-analytics
CohortAnalysisOpsConsumerReadiness.md	data-platform-and-analytics	metrics-and-analytics
CohortAnalysisOpsCostDiagnostics.md	data-platform-and-analytics	metrics-and-analytics
CohortAnalysisOpsFreshnessMonitoring.md	data-platform-and-analytics	metrics-and-analytics
CohortAnalysisOpsQueryPlans.md	data-platform-and-analytics	metrics-and-analytics
CohortAnalysisOpsReconciliationChecks.md	data-platform-and-analytics	metrics-and-analytics
CohortAnalysisOpsRetentionPolicies.md	data-platform-and-analytics	metrics-and-analytics
CohortAnalysisOpsSemanticContracts.md	data-platform-and-analytics	metrics-and-analytics
CohortAnalysisOpsValidationSuites.md	data-platform-and-analytics	metrics-and-analytics
Color-Theory.md	frontend-and-user-experience	design-systems-and-visual-design
ColorSystemDesign.md	frontend-and-user-experience	design-systems-and-visual-design
ColorSystemsComponentPatterns.md	frontend-and-user-experience	design-systems-and-visual-design
ColorSystemsContentDesign.md	frontend-and-user-experience	design-systems-and-visual-design
ColorSystemsCritiqueFrameworks.md	frontend-and-user-experience	design-systems-and-visual-design
ColorSystemsEdgeStateDesign.md	frontend-and-user-experience	design-systems-and-visual-design
ColorSystemsHandoffSpecifications.md	frontend-and-user-experience	design-systems-and-visual-design
ColorSystemsMeasurementPlans.md	frontend-and-user-experience	design-systems-and-visual-design
ColorSystemsReviewChecklists.md	frontend-and-user-experience	design-systems-and-visual-design
ColorSystemsUsabilityTesting.md	frontend-and-user-experience	design-systems-and-visual-design
ColorSystemsUserFlows.md	frontend-and-user-experience	design-systems-and-visual-design
ColorSystemsVisualHierarchy.md	frontend-and-user-experience	design-systems-and-visual-design
CommandInjection.md	security-and-trust	attack-defense-and-hardening
CommandLineInterfaceDesign.md	software-engineering-craft	developer-tooling-and-experience
CommandR.md	ai-and-agent-systems	model-provider-guides
CommunityBuilding.md	content-and-communication	community-and-creator-programs
CommunityHealthSignalsDesign.md	content-and-communication	community-and-creator-programs
CommunityHealthSignalsDiagnostics.md	content-and-communication	community-and-creator-programs
CommunityHealthSignalsGovernance.md	content-and-communication	community-and-creator-programs
CommunityHealthSignalsOperations.md	content-and-communication	community-and-creator-programs
CommunityHealthSignalsOptimization.md	content-and-communication	community-and-creator-programs
CommunityHealthSignalsPlanning.md	content-and-communication	community-and-creator-programs
CommunityHealthSignalsPlaybook.md	content-and-communication	community-and-creator-programs
CommunityHealthSignalsReliability.md	content-and-communication	community-and-creator-programs
CommunityHealthSignalsReview.md	content-and-communication	community-and-creator-programs
CommunityHealthSignalsStrategy.md	content-and-communication	community-and-creator-programs
CommunityModerationAnalysis.md	content-and-communication	community-and-creator-programs
CommunityModerationAutomation.md	content-and-communication	community-and-creator-programs
CommunityModerationDesign.md	content-and-communication	community-and-creator-programs
CommunityModerationDiagnostics.md	content-and-communication	community-and-creator-programs
CommunityModerationGovernance.md	content-and-communication	community-and-creator-programs
CommunityModerationOperations.md	content-and-communication	community-and-creator-programs
CommunityModerationOps.md	content-and-communication	community-and-creator-programs
CommunityModerationOptimization.md	content-and-communication	community-and-creator-programs
CommunityModerationPlanning.md	content-and-communication	community-and-creator-programs
CommunityModerationReview.md	content-and-communication	community-and-creator-programs
CommunityModerationStrategy.md	content-and-communication	community-and-creator-programs
CompetitiveAnalysis.md	product-and-project-management	strategy-and-business-planning
CompetitorLandscapeReviewActionExtraction.md	product-growth-and-marketing	market-and-customer-insight
CompetitorLandscapeReviewBiasChecks.md	product-growth-and-marketing	market-and-customer-insight
CompetitorLandscapeReviewCitationDiscipline.md	product-growth-and-marketing	market-and-customer-insight
CompetitorLandscapeReviewConfidenceScoring.md	product-growth-and-marketing	market-and-customer-insight
CompetitorLandscapeReviewContradictionHandling.md	product-growth-and-marketing	market-and-customer-insight
CompetitorLandscapeReviewEvidenceSifting.md	product-growth-and-marketing	market-and-customer-insight
CompetitorLandscapeReviewFollowupQuestions.md	product-growth-and-marketing	market-and-customer-insight
CompetitorLandscapeReviewQuestionDesign.md	product-growth-and-marketing	market-and-customer-insight
CompetitorLandscapeReviewStakeholderReadouts.md	product-growth-and-marketing	market-and-customer-insight
CompetitorLandscapeReviewSynthesisFrames.md	product-growth-and-marketing	market-and-customer-insight
CompilerDesign.md	specialized-and-systems-engineering	compilers-os-and-networking
CompilerEngineeringAPIDesign.md	specialized-and-systems-engineering	compilers-os-and-networking
CompilerEngineeringArchitecturePatterns.md	specialized-and-systems-engineering	compilers-os-and-networking
CompilerEngineeringDebuggingTactics.md	specialized-and-systems-engineering	compilers-os-and-networking
CompilerEngineeringFailureAnalysis.md	specialized-and-systems-engineering	compilers-os-and-networking
CompilerEngineeringMemorySafety.md	specialized-and-systems-engineering	compilers-os-and-networking
CompilerEngineeringOptimizationPlaybooks.md	specialized-and-systems-engineering	compilers-os-and-networking
CompilerEngineeringPerformanceModels.md	specialized-and-systems-engineering	compilers-os-and-networking
CompilerEngineeringStateMachines.md	specialized-and-systems-engineering	compilers-os-and-networking
CompilerEngineeringTestStrategies.md	specialized-and-systems-engineering	compilers-os-and-networking
CompilerEngineeringToolingWorkflows.md	specialized-and-systems-engineering	compilers-os-and-networking
CompilerSystemsEngineeringAPIDesign.md	specialized-and-systems-engineering	compilers-os-and-networking
CompilerSystemsEngineeringArchitecturePatterns.md	specialized-and-systems-engineering	compilers-os-and-networking
CompilerSystemsEngineeringDebuggingTactics.md	specialized-and-systems-engineering	compilers-os-and-networking
CompilerSystemsEngineeringFailureAnalysis.md	specialized-and-systems-engineering	compilers-os-and-networking
CompilerSystemsEngineeringMemorySafety.md	specialized-and-systems-engineering	compilers-os-and-networking
CompilerSystemsEngineeringOptimizationPlaybooks.md	specialized-and-systems-engineering	compilers-os-and-networking
CompilerSystemsEngineeringPerformanceModels.md	specialized-and-systems-engineering	compilers-os-and-networking
CompilerSystemsEngineeringStateMachines.md	specialized-and-systems-engineering	compilers-os-and-networking
CompilerSystemsEngineeringTestStrategies.md	specialized-and-systems-engineering	compilers-os-and-networking
CompilerSystemsEngineeringToolingWorkflows.md	specialized-and-systems-engineering	compilers-os-and-networking
CompilerToolchainOpsBenchmarkDesign.md	specialized-and-systems-engineering	compilers-os-and-networking
CompilerToolchainOpsDeploymentConstraints.md	specialized-and-systems-engineering	compilers-os-and-networking
CompilerToolchainOpsFailureModels.md	specialized-and-systems-engineering	compilers-os-and-networking
CompilerToolchainOpsObservabilityHooks.md	specialized-and-systems-engineering	compilers-os-and-networking
CompilerToolchainOpsOptimizationBoundaries.md	specialized-and-systems-engineering	compilers-os-and-networking
CompilerToolchainOpsRecoveryLogic.md	specialized-and-systems-engineering	compilers-os-and-networking
CompilerToolchainOpsReproHarnesses.md	specialized-and-systems-engineering	compilers-os-and-networking
CompilerToolchainOpsResourceBudgets.md	specialized-and-systems-engineering	compilers-os-and-networking
CompilerToolchainOpsSafetyMargins.md	specialized-and-systems-engineering	compilers-os-and-networking
CompilerToolchainOpsStateInspection.md	specialized-and-systems-engineering	compilers-os-and-networking
ComplianceSOC2.md	security-and-trust	compliance-privacy-and-audit
ComponentApisAnalysis.md	frontend-and-user-experience	design-systems-and-visual-design
ComponentApisAutomation.md	frontend-and-user-experience	design-systems-and-visual-design
ComponentApisDesign.md	frontend-and-user-experience	design-systems-and-visual-design
ComponentApisDiagnostics.md	frontend-and-user-experience	design-systems-and-visual-design
ComponentApisGovernance.md	frontend-and-user-experience	design-systems-and-visual-design
ComponentApisOperations.md	frontend-and-user-experience	design-systems-and-visual-design
ComponentApisOptimization.md	frontend-and-user-experience	design-systems-and-visual-design
ComponentApisPlanning.md	frontend-and-user-experience	design-systems-and-visual-design
ComponentApisReview.md	frontend-and-user-experience	design-systems-and-visual-design
ComponentApisStrategy.md	frontend-and-user-experience	design-systems-and-visual-design
ComponentCompositionAccessibilityProofs.md	frontend-and-user-experience	design-systems-and-visual-design
ComponentCompositionDeviceCoverage.md	frontend-and-user-experience	design-systems-and-visual-design
ComponentCompositionEdgeStateMatrices.md	frontend-and-user-experience	design-systems-and-visual-design
ComponentCompositionFailureRecovery.md	frontend-and-user-experience	design-systems-and-visual-design
ComponentCompositionHandoffSpecs.md	frontend-and-user-experience	design-systems-and-visual-design
ComponentCompositionInteractionLatency.md	frontend-and-user-experience	design-systems-and-visual-design
ComponentCompositionRegressionScreens.md	frontend-and-user-experience	design-systems-and-visual-design
ComponentCompositionStateBoundaries.md	frontend-and-user-experience	design-systems-and-visual-design
ComponentCompositionTestObservability.md	frontend-and-user-experience	design-systems-and-visual-design
ComponentCompositionVisualContracts.md	frontend-and-user-experience	design-systems-and-visual-design
ComponentLibraryDesign.md	frontend-and-user-experience	design-systems-and-visual-design
ComponentTesting.md	testing-and-quality-assurance	test-strategy-and-harnesses
ComputationalGeometry.md	specialized-and-systems-engineering	scientific-and-emerging-computing
ComputerVisionAPIDesign.md	ai-and-agent-systems	machine-learning-and-vision
ComputerVisionArchitecturePatterns.md	ai-and-agent-systems	machine-learning-and-vision
ComputerVisionDebuggingTactics.md	ai-and-agent-systems	machine-learning-and-vision
ComputerVisionFailureAnalysis.md	ai-and-agent-systems	machine-learning-and-vision
ComputerVisionMemorySafety.md	ai-and-agent-systems	machine-learning-and-vision
ComputerVisionOptimizationPlaybooks.md	ai-and-agent-systems	machine-learning-and-vision
ComputerVisionPerformanceModels.md	ai-and-agent-systems	machine-learning-and-vision
ComputerVisionPipelinesAPIDesign.md	ai-and-agent-systems	machine-learning-and-vision
ComputerVisionPipelinesArchitecturePatterns.md	ai-and-agent-systems	machine-learning-and-vision
ComputerVisionPipelinesDebuggingTactics.md	ai-and-agent-systems	machine-learning-and-vision
ComputerVisionPipelinesFailureAnalysis.md	ai-and-agent-systems	machine-learning-and-vision
ComputerVisionPipelinesMemorySafety.md	ai-and-agent-systems	machine-learning-and-vision
ComputerVisionPipelinesOptimizationPlaybooks.md	ai-and-agent-systems	machine-learning-and-vision
ComputerVisionPipelinesPerformanceModels.md	ai-and-agent-systems	machine-learning-and-vision
ComputerVisionPipelinesStateMachines.md	ai-and-agent-systems	machine-learning-and-vision
ComputerVisionPipelinesTestStrategies.md	ai-and-agent-systems	machine-learning-and-vision
ComputerVisionPipelinesToolingWorkflows.md	ai-and-agent-systems	machine-learning-and-vision
ComputerVisionStateMachines.md	ai-and-agent-systems	machine-learning-and-vision
ComputerVisionTestStrategies.md	ai-and-agent-systems	machine-learning-and-vision
ComputerVisionToolingWorkflows.md	ai-and-agent-systems	machine-learning-and-vision
ConcurrencyBugHuntingBenchmarkDesign.md	reliability-and-incident-response	production-diagnostics-and-triage
ConcurrencyBugHuntingDeploymentConstraints.md	reliability-and-incident-response	production-diagnostics-and-triage
ConcurrencyBugHuntingFailureModels.md	reliability-and-incident-response	production-diagnostics-and-triage
ConcurrencyBugHuntingObservabilityHooks.md	reliability-and-incident-response	production-diagnostics-and-triage
ConcurrencyBugHuntingOptimizationBoundaries.md	reliability-and-incident-response	production-diagnostics-and-triage
ConcurrencyBugHuntingRecoveryLogic.md	reliability-and-incident-response	production-diagnostics-and-triage
ConcurrencyBugHuntingReproHarnesses.md	reliability-and-incident-response	production-diagnostics-and-triage
ConcurrencyBugHuntingResourceBudgets.md	reliability-and-incident-response	production-diagnostics-and-triage
ConcurrencyBugHuntingSafetyMargins.md	reliability-and-incident-response	production-diagnostics-and-triage
ConcurrencyBugHuntingStateInspection.md	reliability-and-incident-response	production-diagnostics-and-triage
ConfigPromotionFlowsDesign.md	platform-and-cloud-infrastructure	ci-cd-and-release-pipelines
ConfigPromotionFlowsDiagnostics.md	platform-and-cloud-infrastructure	ci-cd-and-release-pipelines
ConfigPromotionFlowsGovernance.md	platform-and-cloud-infrastructure	ci-cd-and-release-pipelines
ConfigPromotionFlowsOperations.md	platform-and-cloud-infrastructure	ci-cd-and-release-pipelines
ConfigPromotionFlowsOptimization.md	platform-and-cloud-infrastructure	ci-cd-and-release-pipelines
ConfigPromotionFlowsPlanning.md	platform-and-cloud-infrastructure	ci-cd-and-release-pipelines
ConfigPromotionFlowsPlaybook.md	platform-and-cloud-infrastructure	ci-cd-and-release-pipelines
ConfigPromotionFlowsReliability.md	platform-and-cloud-infrastructure	ci-cd-and-release-pipelines
ConfigPromotionFlowsReview.md	platform-and-cloud-infrastructure	ci-cd-and-release-pipelines
ConfigPromotionFlowsStrategy.md	platform-and-cloud-infrastructure	ci-cd-and-release-pipelines
ConfigurationManagement.md	platform-and-cloud-infrastructure	platform-engineering-and-tenancy
ConsensusAlgorithms.md	backend-and-api-engineering	service-architecture-and-decomposition
ContainerOrchestration.md	platform-and-cloud-infrastructure	cloud-and-kubernetes-operations
ContainerSecurity.md	security-and-trust	attack-defense-and-hardening
ContentRepurposingPipelinesDesign.md	content-and-communication	editorial-and-copywriting
ContentRepurposingPipelinesDiagnostics.md	content-and-communication	editorial-and-copywriting
ContentRepurposingPipelinesGovernance.md	content-and-communication	editorial-and-copywriting
ContentRepurposingPipelinesOperations.md	content-and-communication	editorial-and-copywriting
ContentRepurposingPipelinesOptimization.md	content-and-communication	editorial-and-copywriting
ContentRepurposingPipelinesPlanning.md	content-and-communication	editorial-and-copywriting
ContentRepurposingPipelinesPlaybook.md	content-and-communication	editorial-and-copywriting
ContentRepurposingPipelinesReliability.md	content-and-communication	editorial-and-copywriting
ContentRepurposingPipelinesReview.md	content-and-communication	editorial-and-copywriting
ContentRepurposingPipelinesStrategy.md	content-and-communication	editorial-and-copywriting
ContentRepurposingSystems.md	content-and-communication	editorial-and-copywriting
ContentStrategy.md	content-and-communication	editorial-and-copywriting
ContextCompressionStrategies.md	ai-and-agent-systems	prompting-and-context
ContextWindowBudgetingDesign.md	ai-and-agent-systems	prompting-and-context
ContextWindowBudgetingDiagnostics.md	ai-and-agent-systems	prompting-and-context
ContextWindowBudgetingGovernance.md	ai-and-agent-systems	prompting-and-context
ContextWindowBudgetingOperations.md	ai-and-agent-systems	prompting-and-context
ContextWindowBudgetingOptimization.md	ai-and-agent-systems	prompting-and-context
ContextWindowBudgetingPlanning.md	ai-and-agent-systems	prompting-and-context
ContextWindowBudgetingPlaybook.md	ai-and-agent-systems	prompting-and-context
ContextWindowBudgetingReliability.md	ai-and-agent-systems	prompting-and-context
ContextWindowBudgetingReview.md	ai-and-agent-systems	prompting-and-context
ContextWindowBudgetingStrategy.md	ai-and-agent-systems	prompting-and-context
ContextWindowManagement.md	ai-and-agent-systems	prompting-and-context
ContinuousDeploymentStrategies.md	platform-and-cloud-infrastructure	ci-cd-and-release-pipelines
ContractEvolutionRulesDesign.md	data-platform-and-analytics	schema-and-data-contracts
ContractEvolutionRulesDiagnostics.md	data-platform-and-analytics	schema-and-data-contracts
ContractEvolutionRulesGovernance.md	data-platform-and-analytics	schema-and-data-contracts
ContractEvolutionRulesOperations.md	data-platform-and-analytics	schema-and-data-contracts
ContractEvolutionRulesOptimization.md	data-platform-and-analytics	schema-and-data-contracts
ContractEvolutionRulesPlanning.md	data-platform-and-analytics	schema-and-data-contracts
ContractEvolutionRulesPlaybook.md	data-platform-and-analytics	schema-and-data-contracts
ContractEvolutionRulesReliability.md	data-platform-and-analytics	schema-and-data-contracts
ContractEvolutionRulesReview.md	data-platform-and-analytics	schema-and-data-contracts
ContractEvolutionRulesStrategy.md	data-platform-and-analytics	schema-and-data-contracts
ContractTesting.md	testing-and-quality-assurance	test-strategy-and-harnesses
ContractTestingOpsBoundaryScenarios.md	testing-and-quality-assurance	test-strategy-and-harnesses
ContractTestingOpsCoverageStrategy.md	testing-and-quality-assurance	test-strategy-and-harnesses
ContractTestingOpsDeterministicTiming.md	testing-and-quality-assurance	test-strategy-and-harnesses
ContractTestingOpsFailureMatrices.md	testing-and-quality-assurance	test-strategy-and-harnesses
ContractTestingOpsFixtureHygiene.md	testing-and-quality-assurance	test-strategy-and-harnesses
ContractTestingOpsMockDiscipline.md	testing-and-quality-assurance	test-strategy-and-harnesses
ContractTestingOpsOracleDesign.md	testing-and-quality-assurance	test-strategy-and-harnesses
ContractTestingOpsParallelExecution.md	testing-and-quality-assurance	test-strategy-and-harnesses
ContractTestingOpsResultInterpretation.md	testing-and-quality-assurance	test-strategy-and-harnesses
ContractTestingOpsTriageHeuristics.md	testing-and-quality-assurance	test-strategy-and-harnesses
ControlUnitDesign.md	specialized-and-systems-engineering	hardware-and-computer-architecture
ConventionalCommits.md	software-engineering-craft	version-control-and-builds
ConversationUXDesign.md	frontend-and-user-experience	ux-research-and-interaction-design
ConversionRateOptimization.md	product-growth-and-marketing	acquisition-funnels-and-campaigns
Copywriting-Basics.md	content-and-communication	editorial-and-copywriting
Copywriting.md	content-and-communication	editorial-and-copywriting
CopywritingPersuasion.md	content-and-communication	editorial-and-copywriting
CostGovernanceOpsAccessBoundaries.md	platform-and-cloud-infrastructure	capacity-and-cost-governance
CostGovernanceOpsAlertTuning.md	platform-and-cloud-infrastructure	capacity-and-cost-governance
CostGovernanceOpsCapacitySignals.md	platform-and-cloud-infrastructure	capacity-and-cost-governance
CostGovernanceOpsChangeWindows.md	platform-and-cloud-infrastructure	capacity-and-cost-governance
CostGovernanceOpsDriftDetection.md	platform-and-cloud-infrastructure	capacity-and-cost-governance
CostGovernanceOpsDrillScenarios.md	platform-and-cloud-infrastructure	capacity-and-cost-governance
CostGovernanceOpsEvidenceCapture.md	platform-and-cloud-infrastructure	capacity-and-cost-governance
CostGovernanceOpsRollbackAutomation.md	platform-and-cloud-infrastructure	capacity-and-cost-governance
CostGovernanceOpsRunbookDesign.md	platform-and-cloud-infrastructure	capacity-and-cost-governance
CostGovernanceOpsSafetyRails.md	platform-and-cloud-infrastructure	capacity-and-cost-governance
CostLatencyGovernanceComparisonRuns.md	ai-and-agent-systems	model-serving-and-cost
CostLatencyGovernanceEscalationRules.md	ai-and-agent-systems	model-serving-and-cost
CostLatencyGovernanceFailureLabels.md	ai-and-agent-systems	model-serving-and-cost
CostLatencyGovernanceHumanOverride.md	ai-and-agent-systems	model-serving-and-cost
CostLatencyGovernancePromptVersioning.md	ai-and-agent-systems	model-serving-and-cost
CostLatencyGovernanceQualityGates.md	ai-and-agent-systems	model-serving-and-cost
CostLatencyGovernanceSafetyThresholds.md	ai-and-agent-systems	model-serving-and-cost
CostLatencyGovernanceTaskContracts.md	ai-and-agent-systems	model-serving-and-cost
CostLatencyGovernanceToolReliability.md	ai-and-agent-systems	model-serving-and-cost
CostLatencyGovernanceTraceReview.md	ai-and-agent-systems	model-serving-and-cost
CourseLessonStructuringAudienceFit.md	content-and-communication	video-and-media-production
CourseLessonStructuringConversionHooks.md	content-and-communication	video-and-media-production
CourseLessonStructuringCutdownPlans.md	content-and-communication	video-and-media-production
CourseLessonStructuringDistributionTiming.md	content-and-communication	video-and-media-production
CourseLessonStructuringFeedbackRounds.md	content-and-communication	video-and-media-production
CourseLessonStructuringNarrativeBeats.md	content-and-communication	video-and-media-production
CourseLessonStructuringPublishChecklists.md	content-and-communication	video-and-media-production
CourseLessonStructuringQualityBenchmarks.md	content-and-communication	video-and-media-production
CourseLessonStructuringRepurposingPaths.md	content-and-communication	video-and-media-production
CourseLessonStructuringVisualReferences.md	content-and-communication	video-and-media-production
CppBuildToolchains.md	software-engineering-craft	version-control-and-builds
CppConcurrencyPatterns.md	software-engineering-craft	languages
CppDebugWorkflows.md	software-engineering-craft	languages
CppErrorSemantics.md	software-engineering-craft	languages
CppInteropBoundaries.md	software-engineering-craft	languages
CppPackagePublishing.md	software-engineering-craft	version-control-and-builds
CppPerformanceProfiling.md	software-engineering-craft	languages
CppRefactorMechanics.md	software-engineering-craft	code-quality-and-refactoring
CppTestHarnessDesign.md	software-engineering-craft	languages
CppTypeArchitecture.md	software-engineering-craft	languages
CrashForensicsAnalysis.md	mobile-and-desktop-apps	release-and-app-store-delivery
CrashForensicsAutomation.md	mobile-and-desktop-apps	release-and-app-store-delivery
CrashForensicsDesign.md	mobile-and-desktop-apps	release-and-app-store-delivery
CrashForensicsDiagnostics.md	mobile-and-desktop-apps	release-and-app-store-delivery
CrashForensicsGovernance.md	mobile-and-desktop-apps	release-and-app-store-delivery
CrashForensicsOperations.md	mobile-and-desktop-apps	release-and-app-store-delivery
CrashForensicsOpsBuildSigning.md	mobile-and-desktop-apps	release-and-app-store-delivery
CrashForensicsOpsCrashClustering.md	mobile-and-desktop-apps	release-and-app-store-delivery
CrashForensicsOpsDeviceMatrices.md	mobile-and-desktop-apps	release-and-app-store-delivery
CrashForensicsOpsPermissionFlows.md	mobile-and-desktop-apps	release-and-app-store-delivery
CrashForensicsOpsRollbackChannels.md	mobile-and-desktop-apps	release-and-app-store-delivery
CrashForensicsOpsStoreReadiness.md	mobile-and-desktop-apps	release-and-app-store-delivery
CrashForensicsOpsSyncConflictRules.md	mobile-and-desktop-apps	release-and-app-store-delivery
CrashForensicsOpsTelemetrySignals.md	mobile-and-desktop-apps	release-and-app-store-delivery
CrashForensicsOpsUpgradeSafety.md	mobile-and-desktop-apps	release-and-app-store-delivery
CrashForensicsOpsUserRecovery.md	mobile-and-desktop-apps	release-and-app-store-delivery
CrashForensicsOptimization.md	mobile-and-desktop-apps	release-and-app-store-delivery
CrashForensicsPlanning.md	mobile-and-desktop-apps	release-and-app-store-delivery
CrashForensicsReview.md	mobile-and-desktop-apps	release-and-app-store-delivery
CrashForensicsStrategy.md	mobile-and-desktop-apps	release-and-app-store-delivery
CrashSignalTriageDesign.md	reliability-and-incident-response	incident-response-and-postmortems
CrashSignalTriageDiagnostics.md	reliability-and-incident-response	incident-response-and-postmortems
CrashSignalTriageGovernance.md	reliability-and-incident-response	incident-response-and-postmortems
CrashSignalTriageOperations.md	reliability-and-incident-response	incident-response-and-postmortems
CrashSignalTriageOptimization.md	reliability-and-incident-response	incident-response-and-postmortems
CrashSignalTriagePlanning.md	reliability-and-incident-response	incident-response-and-postmortems
CrashSignalTriagePlaybook.md	reliability-and-incident-response	incident-response-and-postmortems
CrashSignalTriageReliability.md	reliability-and-incident-response	incident-response-and-postmortems
CrashSignalTriageReview.md	reliability-and-incident-response	incident-response-and-postmortems
CrashSignalTriageStrategy.md	reliability-and-incident-response	incident-response-and-postmortems
Creative-Direction.md	frontend-and-user-experience	design-systems-and-visual-design
Creative-Thinking-Ideation.md	frontend-and-user-experience	design-systems-and-visual-design
Creative-Writing.md	content-and-communication	editorial-and-copywriting
CreatorBriefWriting.md	product-growth-and-marketing	acquisition-funnels-and-campaigns
CreatorProgramsAnalysis.md	product-growth-and-marketing	acquisition-funnels-and-campaigns
CreatorProgramsAutomation.md	product-growth-and-marketing	acquisition-funnels-and-campaigns
CreatorProgramsDesign.md	product-growth-and-marketing	acquisition-funnels-and-campaigns
CreatorProgramsDiagnostics.md	product-growth-and-marketing	acquisition-funnels-and-campaigns
CreatorProgramsGovernance.md	product-growth-and-marketing	acquisition-funnels-and-campaigns
CreatorProgramsOperations.md	product-growth-and-marketing	acquisition-funnels-and-campaigns
CreatorProgramsOptimization.md	product-growth-and-marketing	acquisition-funnels-and-campaigns
CreatorProgramsPlanning.md	product-growth-and-marketing	acquisition-funnels-and-campaigns
CreatorProgramsReview.md	product-growth-and-marketing	acquisition-funnels-and-campaigns
CreatorProgramsStrategy.md	product-growth-and-marketing	acquisition-funnels-and-campaigns
CredentialRotationCampaignsBlastRadiusNotes.md	security-and-trust	secrets-and-key-management
CredentialRotationCampaignsControlCoverage.md	security-and-trust	secrets-and-key-management
CredentialRotationCampaignsEscalationMatrices.md	security-and-trust	secrets-and-key-management
CredentialRotationCampaignsEvidenceRetention.md	security-and-trust	secrets-and-key-management
CredentialRotationCampaignsExceptionExpiry.md	security-and-trust	secrets-and-key-management
CredentialRotationCampaignsPolicyDiffs.md	security-and-trust	secrets-and-key-management
CredentialRotationCampaignsRecoveryProofs.md	security-and-trust	secrets-and-key-management
CredentialRotationCampaignsReviewerRouting.md	security-and-trust	secrets-and-key-management
CredentialRotationCampaignsSignalCorrelation.md	security-and-trust	secrets-and-key-management
CredentialRotationCampaignsTamperResistance.md	security-and-trust	secrets-and-key-management
CrisisManagement.md	reliability-and-incident-response	incident-response-and-postmortems
CronJobScheduling.md	backend-and-api-engineering	messaging-queues-and-realtime
CronPipelineOperationsAlertEscalations.md	data-platform-and-analytics	pipelines-and-ingestion
CronPipelineOperationsDeadLetterHandling.md	data-platform-and-analytics	pipelines-and-ingestion
CronPipelineOperationsDeliveryAudits.md	data-platform-and-analytics	pipelines-and-ingestion
CronPipelineOperationsIdempotencyWindows.md	data-platform-and-analytics	pipelines-and-ingestion
CronPipelineOperationsMappingValidation.md	data-platform-and-analytics	pipelines-and-ingestion
CronPipelineOperationsReplayStrategies.md	data-platform-and-analytics	pipelines-and-ingestion
CronPipelineOperationsRetryContracts.md	data-platform-and-analytics	pipelines-and-ingestion
CronPipelineOperationsSchemaGuardrails.md	data-platform-and-analytics	pipelines-and-ingestion
CronPipelineOperationsSecretRotation.md	data-platform-and-analytics	pipelines-and-ingestion
CronPipelineOperationsThroughputLimits.md	data-platform-and-analytics	pipelines-and-ingestion
CrossBrowserSupportPolicyDesign.md	testing-and-quality-assurance	browser-and-end-to-end-testing
CrossBrowserSupportPolicyDiagnostics.md	testing-and-quality-assurance	browser-and-end-to-end-testing
CrossBrowserSupportPolicyGovernance.md	testing-and-quality-assurance	browser-and-end-to-end-testing
CrossBrowserSupportPolicyOperations.md	testing-and-quality-assurance	browser-and-end-to-end-testing
CrossBrowserSupportPolicyOptimization.md	testing-and-quality-assurance	browser-and-end-to-end-testing
CrossBrowserSupportPolicyPlanning.md	testing-and-quality-assurance	browser-and-end-to-end-testing
CrossBrowserSupportPolicyPlaybook.md	testing-and-quality-assurance	browser-and-end-to-end-testing
CrossBrowserSupportPolicyReliability.md	testing-and-quality-assurance	browser-and-end-to-end-testing
CrossBrowserSupportPolicyReview.md	testing-and-quality-assurance	browser-and-end-to-end-testing
CrossBrowserSupportPolicyStrategy.md	testing-and-quality-assurance	browser-and-end-to-end-testing
CrossDeviceContinuity.md	mobile-and-desktop-apps	device-connectivity-and-offline
CrossDeviceSessionContinuityBuildSigning.md	mobile-and-desktop-apps	device-connectivity-and-offline
CrossDeviceSessionContinuityCrashClustering.md	mobile-and-desktop-apps	device-connectivity-and-offline
CrossDeviceSessionContinuityDeviceMatrices.md	mobile-and-desktop-apps	device-connectivity-and-offline
CrossDeviceSessionContinuityPermissionFlows.md	mobile-and-desktop-apps	device-connectivity-and-offline
CrossDeviceSessionContinuityRollbackChannels.md	mobile-and-desktop-apps	device-connectivity-and-offline
CrossDeviceSessionContinuityStoreReadiness.md	mobile-and-desktop-apps	device-connectivity-and-offline
CrossDeviceSessionContinuitySyncConflictRules.md	mobile-and-desktop-apps	device-connectivity-and-offline
CrossDeviceSessionContinuityTelemetrySignals.md	mobile-and-desktop-apps	device-connectivity-and-offline
CrossDeviceSessionContinuityUpgradeSafety.md	mobile-and-desktop-apps	device-connectivity-and-offline
CrossDeviceSessionContinuityUserRecovery.md	mobile-and-desktop-apps	device-connectivity-and-offline
CrossTeamDependencyBoardsArtifactTemplates.md	product-and-project-management	planning-cadence-and-delivery
CrossTeamDependencyBoardsCompletionProofs.md	product-and-project-management	planning-cadence-and-delivery
CrossTeamDependencyBoardsContextCompression.md	product-and-project-management	planning-cadence-and-delivery
CrossTeamDependencyBoardsEscalationTriggers.md	product-and-project-management	planning-cadence-and-delivery
CrossTeamDependencyBoardsOwnershipHandoffs.md	product-and-project-management	planning-cadence-and-delivery
CrossTeamDependencyBoardsReviewRhythms.md	product-and-project-management	planning-cadence-and-delivery
CrossTeamDependencyBoardsRiskNotes.md	product-and-project-management	planning-cadence-and-delivery
CrossTeamDependencyBoardsStakeholderVisibility.md	product-and-project-management	planning-cadence-and-delivery
CrossTeamDependencyBoardsUpdateCadence.md	product-and-project-management	planning-cadence-and-delivery
CrossTeamDependencyBoardsUrgencyScoring.md	product-and-project-management	planning-cadence-and-delivery
Crystal.md	software-engineering-craft	languages
CustomerAdoptionAnalysis.md	product-growth-and-marketing	onboarding-activation-and-retention
CustomerAdoptionAutomation.md	product-growth-and-marketing	onboarding-activation-and-retention
CustomerAdoptionDesign.md	product-growth-and-marketing	onboarding-activation-and-retention
CustomerAdoptionDiagnostics.md	product-growth-and-marketing	onboarding-activation-and-retention
CustomerAdoptionGovernance.md	product-growth-and-marketing	onboarding-activation-and-retention
CustomerAdoptionOperations.md	product-growth-and-marketing	onboarding-activation-and-retention
CustomerAdoptionOptimization.md	product-growth-and-marketing	onboarding-activation-and-retention
CustomerAdoptionPlanning.md	product-growth-and-marketing	onboarding-activation-and-retention
CustomerAdoptionReview.md	product-growth-and-marketing	onboarding-activation-and-retention
CustomerAdoptionStrategy.md	product-growth-and-marketing	onboarding-activation-and-retention
CustomerEscalationLoopsDesign.md	customer-and-revenue-operations	support-operations
CustomerEscalationLoopsDiagnostics.md	customer-and-revenue-operations	support-operations
CustomerEscalationLoopsGovernance.md	customer-and-revenue-operations	support-operations
CustomerEscalationLoopsOperations.md	customer-and-revenue-operations	support-operations
CustomerEscalationLoopsOptimization.md	customer-and-revenue-operations	support-operations
CustomerEscalationLoopsPlanning.md	customer-and-revenue-operations	support-operations
CustomerEscalationLoopsPlaybook.md	customer-and-revenue-operations	support-operations
CustomerEscalationLoopsReliability.md	customer-and-revenue-operations	support-operations
CustomerEscalationLoopsReview.md	customer-and-revenue-operations	support-operations
CustomerEscalationLoopsStrategy.md	customer-and-revenue-operations	support-operations
CustomerFeedbackOpsFollowupLoops.md	customer-and-revenue-operations	feedback-and-voice-of-customer
CustomerFeedbackOpsLearningAgenda.md	customer-and-revenue-operations	feedback-and-voice-of-customer
CustomerFeedbackOpsObjectionHandling.md	customer-and-revenue-operations	feedback-and-voice-of-customer
CustomerFeedbackOpsProblemFraming.md	customer-and-revenue-operations	feedback-and-voice-of-customer
CustomerFeedbackOpsRiskScoring.md	customer-and-revenue-operations	feedback-and-voice-of-customer
CustomerFeedbackOpsRolloutRules.md	customer-and-revenue-operations	feedback-and-voice-of-customer
CustomerFeedbackOpsSegmentationLogic.md	customer-and-revenue-operations	feedback-and-voice-of-customer
CustomerFeedbackOpsStakeholderMaps.md	customer-and-revenue-operations	feedback-and-voice-of-customer
CustomerFeedbackOpsSuccessMetrics.md	customer-and-revenue-operations	feedback-and-voice-of-customer
CustomerFeedbackOpsTradeoffNarratives.md	customer-and-revenue-operations	feedback-and-voice-of-customer
CustomerJourneyMapping.md	frontend-and-user-experience	ux-research-and-interaction-design
CustomerResearch.md	product-growth-and-marketing	market-and-customer-insight
CustomerResearchDecisionMemos.md	product-growth-and-marketing	market-and-customer-insight
CustomerResearchFeedbackTaxonomy.md	product-growth-and-marketing	market-and-customer-insight
CustomerResearchMetricTrees.md	product-growth-and-marketing	market-and-customer-insight
CustomerResearchOperatingCadence.md	product-growth-and-marketing	market-and-customer-insight
CustomerResearchPostLaunchAnalysis.md	product-growth-and-marketing	market-and-customer-insight
CustomerResearchPrioritizationModels.md	product-growth-and-marketing	market-and-customer-insight
CustomerResearchProblemFraming.md	product-growth-and-marketing	market-and-customer-insight
CustomerResearchRiskReviews.md	product-growth-and-marketing	market-and-customer-insight
CustomerResearchRolloutPlanning.md	product-growth-and-marketing	market-and-customer-insight
CustomerResearchStakeholderAlignment.md	product-growth-and-marketing	market-and-customer-insight
CustomerSegmentStrategyCommsPlans.md	product-growth-and-marketing	market-and-customer-insight
CustomerSegmentStrategyDependencyReviews.md	product-growth-and-marketing	market-and-customer-insight
CustomerSegmentStrategyEscalationPaths.md	product-growth-and-marketing	market-and-customer-insight
CustomerSegmentStrategyLearningLoops.md	product-growth-and-marketing	market-and-customer-insight
CustomerSegmentStrategyMetricSelection.md	product-growth-and-marketing	market-and-customer-insight
CustomerSegmentStrategyOutcomeInterpretation.md	product-growth-and-marketing	market-and-customer-insight
CustomerSegmentStrategyPostLaunchCadence.md	product-growth-and-marketing	market-and-customer-insight
CustomerSegmentStrategyReadinessGates.md	product-growth-and-marketing	market-and-customer-insight
CustomerSegmentStrategyRiskNarratives.md	product-growth-and-marketing	market-and-customer-insight
CustomerSegmentStrategySegmentLogic.md	product-growth-and-marketing	market-and-customer-insight
CustomerSuccess.md	customer-and-revenue-operations	customer-success-and-retention
DDoS.md	security-and-trust	attack-defense-and-hardening
DNSSpoofing.md	security-and-trust	attack-defense-and-hardening
DashboardExperienceDesignContentHierarchy.md	frontend-and-user-experience	ux-research-and-interaction-design
DashboardExperienceDesignDecisionClarity.md	frontend-and-user-experience	ux-research-and-interaction-design
DashboardExperienceDesignEdgeStateCoverage.md	frontend-and-user-experience	ux-research-and-interaction-design
DashboardExperienceDesignExperimentAnnotations.md	frontend-and-user-experience	ux-research-and-interaction-design
DashboardExperienceDesignHandoffSpecs.md	frontend-and-user-experience	ux-research-and-interaction-design
DashboardExperienceDesignHeuristicReviews.md	frontend-and-user-experience	ux-research-and-interaction-design
DashboardExperienceDesignMeasurementPlans.md	frontend-and-user-experience	ux-research-and-interaction-design
DashboardExperienceDesignRecoveryPatterns.md	frontend-and-user-experience	ux-research-and-interaction-design
DashboardExperienceDesignStateMapping.md	frontend-and-user-experience	ux-research-and-interaction-design
DashboardExperienceDesignUsabilitySignals.md	frontend-and-user-experience	ux-research-and-interaction-design
DashboardOperationsAnomalyTriage.md	data-platform-and-analytics	metrics-and-analytics
DashboardOperationsChangeImpact.md	data-platform-and-analytics	metrics-and-analytics
DashboardOperationsConsumerReadiness.md	data-platform-and-analytics	metrics-and-analytics
DashboardOperationsCostDiagnostics.md	data-platform-and-analytics	metrics-and-analytics
DashboardOperationsFreshnessMonitoring.md	data-platform-and-analytics	metrics-and-analytics
DashboardOperationsQueryPlans.md	data-platform-and-analytics	metrics-and-analytics
DashboardOperationsReconciliationChecks.md	data-platform-and-analytics	metrics-and-analytics
DashboardOperationsRetentionPolicies.md	data-platform-and-analytics	metrics-and-analytics
DashboardOperationsSemanticContracts.md	data-platform-and-analytics	metrics-and-analytics
DashboardOperationsValidationSuites.md	data-platform-and-analytics	metrics-and-analytics
DashboardUXComponentPatterns.md	frontend-and-user-experience	ux-research-and-interaction-design
DashboardUXContentDesign.md	frontend-and-user-experience	ux-research-and-interaction-design
DashboardUXCritiqueFrameworks.md	frontend-and-user-experience	ux-research-and-interaction-design
DashboardUXEdgeStateDesign.md	frontend-and-user-experience	ux-research-and-interaction-design
DashboardUXHandoffSpecifications.md	frontend-and-user-experience	ux-research-and-interaction-design
DashboardUXMeasurementPlans.md	frontend-and-user-experience	ux-research-and-interaction-design
DashboardUXReviewChecklists.md	frontend-and-user-experience	ux-research-and-interaction-design
DashboardUXUsabilityTesting.md	frontend-and-user-experience	ux-research-and-interaction-design
DashboardUXUserFlows.md	frontend-and-user-experience	ux-research-and-interaction-design
DashboardUXVisualHierarchy.md	frontend-and-user-experience	ux-research-and-interaction-design
Data-Visualization.md	data-platform-and-analytics	metrics-and-analytics
DataBackfillExecutionAnomalyIsolation.md	data-platform-and-analytics	pipelines-and-ingestion
DataBackfillExecutionConsistencyGuarantees.md	data-platform-and-analytics	pipelines-and-ingestion
DataBackfillExecutionConsumerImpact.md	data-platform-and-analytics	pipelines-and-ingestion
DataBackfillExecutionCostSignals.md	data-platform-and-analytics	pipelines-and-ingestion
DataBackfillExecutionDriftChecks.md	data-platform-and-analytics	pipelines-and-ingestion
DataBackfillExecutionLineageRecords.md	data-platform-and-analytics	pipelines-and-ingestion
DataBackfillExecutionMigrationWindows.md	data-platform-and-analytics	pipelines-and-ingestion
DataBackfillExecutionOwnershipMaps.md	data-platform-and-analytics	pipelines-and-ingestion
DataBackfillExecutionRecoveryPaths.md	data-platform-and-analytics	pipelines-and-ingestion
DataBackfillExecutionValidationProofs.md	data-platform-and-analytics	pipelines-and-ingestion
DataBackfillPlanning.md	data-platform-and-analytics	pipelines-and-ingestion
DataCatalogOperations.md	data-platform-and-analytics	data-quality-and-governance
DataContractDesign.md	data-platform-and-analytics	schema-and-data-contracts
DataEncryption.md	security-and-trust	secrets-and-key-management
DataModelDesign.md	data-platform-and-analytics	schema-and-data-contracts
DataPipelineETL.md	data-platform-and-analytics	pipelines-and-ingestion
DataPrivacyGDPR.md	security-and-trust	compliance-privacy-and-audit
DataProductOwnershipDesign.md	data-platform-and-analytics	data-quality-and-governance
DataProductOwnershipDiagnostics.md	data-platform-and-analytics	data-quality-and-governance
DataProductOwnershipGovernance.md	data-platform-and-analytics	data-quality-and-governance
DataProductOwnershipOperations.md	data-platform-and-analytics	data-quality-and-governance
DataProductOwnershipOptimization.md	data-platform-and-analytics	data-quality-and-governance
DataProductOwnershipPlanning.md	data-platform-and-analytics	data-quality-and-governance
DataProductOwnershipPlaybook.md	data-platform-and-analytics	data-quality-and-governance
DataProductOwnershipReliability.md	data-platform-and-analytics	data-quality-and-governance
DataProductOwnershipReview.md	data-platform-and-analytics	data-quality-and-governance
DataProductOwnershipStrategy.md	data-platform-and-analytics	data-quality-and-governance
DataQualityOpsAnomalyTriage.md	data-platform-and-analytics	data-quality-and-governance
DataQualityOpsChangeImpact.md	data-platform-and-analytics	data-quality-and-governance
DataQualityOpsConsumerReadiness.md	data-platform-and-analytics	data-quality-and-governance
DataQualityOpsCostDiagnostics.md	data-platform-and-analytics	data-quality-and-governance
DataQualityOpsFreshnessMonitoring.md	data-platform-and-analytics	data-quality-and-governance
DataQualityOpsQueryPlans.md	data-platform-and-analytics	data-quality-and-governance
DataQualityOpsReconciliationChecks.md	data-platform-and-analytics	data-quality-and-governance
DataQualityOpsRetentionPolicies.md	data-platform-and-analytics	data-quality-and-governance
DataQualityOpsSemanticContracts.md	data-platform-and-analytics	data-quality-and-governance
DataQualityOpsValidationSuites.md	data-platform-and-analytics	data-quality-and-governance
DataRetentionEnforcementAnomalyIsolation.md	data-platform-and-analytics	data-quality-and-governance
DataRetentionEnforcementConsistencyGuarantees.md	data-platform-and-analytics	data-quality-and-governance
DataRetentionEnforcementConsumerImpact.md	data-platform-and-analytics	data-quality-and-governance
DataRetentionEnforcementCostSignals.md	data-platform-and-analytics	data-quality-and-governance
DataRetentionEnforcementDriftChecks.md	data-platform-and-analytics	data-quality-and-governance
DataRetentionEnforcementLineageRecords.md	data-platform-and-analytics	data-quality-and-governance
DataRetentionEnforcementMigrationWindows.md	data-platform-and-analytics	data-quality-and-governance
DataRetentionEnforcementOwnershipMaps.md	data-platform-and-analytics	data-quality-and-governance
DataRetentionEnforcementRecoveryPaths.md	data-platform-and-analytics	data-quality-and-governance
DataRetentionEnforcementValidationProofs.md	data-platform-and-analytics	data-quality-and-governance
DataRetentionPolicyDesign.md	data-platform-and-analytics	data-quality-and-governance
DataSchemaCutoversAnomalyTriage.md	data-platform-and-analytics	schema-and-data-contracts
DataSchemaCutoversChangeImpact.md	data-platform-and-analytics	schema-and-data-contracts
DataSchemaCutoversConsumerReadiness.md	data-platform-and-analytics	schema-and-data-contracts
DataSchemaCutoversCostDiagnostics.md	data-platform-and-analytics	schema-and-data-contracts
DataSchemaCutoversFreshnessMonitoring.md	data-platform-and-analytics	schema-and-data-contracts
DataSchemaCutoversQueryPlans.md	data-platform-and-analytics	schema-and-data-contracts
DataSchemaCutoversReconciliationChecks.md	data-platform-and-analytics	schema-and-data-contracts
DataSchemaCutoversRetentionPolicies.md	data-platform-and-analytics	schema-and-data-contracts
DataSchemaCutoversSemanticContracts.md	data-platform-and-analytics	schema-and-data-contracts
DataSchemaCutoversValidationSuites.md	data-platform-and-analytics	schema-and-data-contracts
DataVisualization.md	data-platform-and-analytics	metrics-and-analytics
DataWarehouseAnalytics.md	data-platform-and-analytics	metrics-and-analytics
DatabaseConnectionPooling.md	data-platform-and-analytics	databases-and-warehouses
DatabaseDesign.md	data-platform-and-analytics	databases-and-warehouses
DatabaseIndexingStrategy.md	data-platform-and-analytics	databases-and-warehouses
DatabaseMigrations.md	data-platform-and-analytics	databases-and-warehouses
DatabaseQueryOptimization.md	data-platform-and-analytics	databases-and-warehouses
DatabaseReplication.md	data-platform-and-analytics	databases-and-warehouses
DatabaseSchemaReview.md	data-platform-and-analytics	databases-and-warehouses
DatabaseSharding.md	data-platform-and-analytics	databases-and-warehouses
DatabaseTransactions.md	data-platform-and-analytics	databases-and-warehouses
DatasetLabelOpsAnnotationDisputes.md	ai-and-agent-systems	evaluation-and-labeling
DatasetLabelOpsDeploymentGates.md	ai-and-agent-systems	evaluation-and-labeling
DatasetLabelOpsErrorBuckets.md	ai-and-agent-systems	evaluation-and-labeling
DatasetLabelOpsFeedbackIngestion.md	ai-and-agent-systems	evaluation-and-labeling
DatasetLabelOpsGoldSetCuration.md	ai-and-agent-systems	evaluation-and-labeling
DatasetLabelOpsModelCardSignals.md	ai-and-agent-systems	evaluation-and-labeling
DatasetLabelOpsMonitoringCadence.md	ai-and-agent-systems	evaluation-and-labeling
DatasetLabelOpsSamplingStrategies.md	ai-and-agent-systems	evaluation-and-labeling
DatasetLabelOpsSliceAnalysis.md	ai-and-agent-systems	evaluation-and-labeling
DatasetLabelOpsThresholdPolicies.md	ai-and-agent-systems	evaluation-and-labeling
DbtAccessPatterns.md	data-platform-and-analytics	databases-and-warehouses
DbtConsistencyRules.md	data-platform-and-analytics	databases-and-warehouses
DbtCostGuardrails.md	data-platform-and-analytics	databases-and-warehouses
DbtDataModelGrain.md	data-platform-and-analytics	databases-and-warehouses
DbtDataObservability.md	data-platform-and-analytics	data-quality-and-governance
DbtMigrationCutovers.md	data-platform-and-analytics	databases-and-warehouses
DbtQueryProfiling.md	data-platform-and-analytics	databases-and-warehouses
DbtReplicationRecovery.md	data-platform-and-analytics	databases-and-warehouses
DbtSchemaEvolution.md	data-platform-and-analytics	schema-and-data-contracts
DbtSecurityControls.md	security-and-trust	secrets-and-key-management
DebugDockerKubernetes.md	platform-and-cloud-infrastructure	cloud-and-kubernetes-operations
DebugFastAPIDjango.md	backend-and-api-engineering	backend-framework-patterns
DebugGo.md	software-engineering-craft	languages
DebugJavaScriptTypeScript.md	software-engineering-craft	languages
DebugNodeJSExpress.md	backend-and-api-engineering	backend-framework-patterns
DebugPostgreSQLSQL.md	data-platform-and-analytics	databases-and-warehouses
DebugPython.md	software-engineering-craft	languages
DebugRESTGraphQL.md	backend-and-api-engineering	api-design-and-lifecycle
DebugReactNativeExpo.md	mobile-and-desktop-apps	native-and-desktop-development
DebugReactNextJS.md	frontend-and-user-experience	frontend-frameworks-and-performance
DebugRedisQueues.md	data-platform-and-analytics	databases-and-warehouses
DebugRustCPP.md	software-engineering-craft	languages
DebugSwift.md	software-engineering-craft	languages
DebuggingProductionIssues.md	reliability-and-incident-response	production-diagnostics-and-triage
DecisionLogMaintenanceArtifactTemplates.md	product-and-project-management	decisions-rfcs-and-memos
DecisionLogMaintenanceCompletionProofs.md	product-and-project-management	decisions-rfcs-and-memos
DecisionLogMaintenanceContextCompression.md	product-and-project-management	decisions-rfcs-and-memos
DecisionLogMaintenanceEscalationTriggers.md	product-and-project-management	decisions-rfcs-and-memos
DecisionLogMaintenanceOwnershipHandoffs.md	product-and-project-management	decisions-rfcs-and-memos
DecisionLogMaintenanceReviewRhythms.md	product-and-project-management	decisions-rfcs-and-memos
DecisionLogMaintenanceRiskNotes.md	product-and-project-management	decisions-rfcs-and-memos
DecisionLogMaintenanceStakeholderVisibility.md	product-and-project-management	decisions-rfcs-and-memos
DecisionLogMaintenanceUpdateCadence.md	product-and-project-management	decisions-rfcs-and-memos
DecisionLogMaintenanceUrgencyScoring.md	product-and-project-management	decisions-rfcs-and-memos
DecisionMemoAuthoringActionExtraction.md	product-and-project-management	decisions-rfcs-and-memos
DecisionMemoAuthoringBiasChecks.md	product-and-project-management	decisions-rfcs-and-memos
DecisionMemoAuthoringCitationDiscipline.md	product-and-project-management	decisions-rfcs-and-memos
DecisionMemoAuthoringConfidenceScoring.md	product-and-project-management	decisions-rfcs-and-memos
DecisionMemoAuthoringContradictionHandling.md	product-and-project-management	decisions-rfcs-and-memos
DecisionMemoAuthoringEvidenceSifting.md	product-and-project-management	decisions-rfcs-and-memos
DecisionMemoAuthoringFollowupQuestions.md	product-and-project-management	decisions-rfcs-and-memos
DecisionMemoAuthoringQuestionDesign.md	product-and-project-management	decisions-rfcs-and-memos
DecisionMemoAuthoringStakeholderReadouts.md	product-and-project-management	decisions-rfcs-and-memos
DecisionMemoAuthoringSynthesisFrames.md	product-and-project-management	decisions-rfcs-and-memos
DecisionMemoSystemsDesign.md	product-and-project-management	decisions-rfcs-and-memos
DecisionMemoSystemsDiagnostics.md	product-and-project-management	decisions-rfcs-and-memos
DecisionMemoSystemsGovernance.md	product-and-project-management	decisions-rfcs-and-memos
DecisionMemoSystemsOperations.md	product-and-project-management	decisions-rfcs-and-memos
DecisionMemoSystemsOptimization.md	product-and-project-management	decisions-rfcs-and-memos
DecisionMemoSystemsPlanning.md	product-and-project-management	decisions-rfcs-and-memos
DecisionMemoSystemsPlaybook.md	product-and-project-management	decisions-rfcs-and-memos
DecisionMemoSystemsReliability.md	product-and-project-management	decisions-rfcs-and-memos
DecisionMemoSystemsReview.md	product-and-project-management	decisions-rfcs-and-memos
DecisionMemoSystemsStrategy.md	product-and-project-management	decisions-rfcs-and-memos
DeepLinkArchitecture.md	mobile-and-desktop-apps	notifications-and-deep-links
DeepLinkCoordinationBuildSigning.md	mobile-and-desktop-apps	notifications-and-deep-links
DeepLinkCoordinationCrashClustering.md	mobile-and-desktop-apps	notifications-and-deep-links
DeepLinkCoordinationDeviceMatrices.md	mobile-and-desktop-apps	notifications-and-deep-links
DeepLinkCoordinationPermissionFlows.md	mobile-and-desktop-apps	notifications-and-deep-links
DeepLinkCoordinationRollbackChannels.md	mobile-and-desktop-apps	notifications-and-deep-links
DeepLinkCoordinationStoreReadiness.md	mobile-and-desktop-apps	notifications-and-deep-links
DeepLinkCoordinationSyncConflictRules.md	mobile-and-desktop-apps	notifications-and-deep-links
DeepLinkCoordinationTelemetrySignals.md	mobile-and-desktop-apps	notifications-and-deep-links
DeepLinkCoordinationUpgradeSafety.md	mobile-and-desktop-apps	notifications-and-deep-links
DeepLinkCoordinationUserRecovery.md	mobile-and-desktop-apps	notifications-and-deep-links
DeepLinkRecoveryPathsDesign.md	mobile-and-desktop-apps	notifications-and-deep-links
DeepLinkRecoveryPathsDiagnostics.md	mobile-and-desktop-apps	notifications-and-deep-links
DeepLinkRecoveryPathsGovernance.md	mobile-and-desktop-apps	notifications-and-deep-links
DeepLinkRecoveryPathsOperations.md	mobile-and-desktop-apps	notifications-and-deep-links
DeepLinkRecoveryPathsOptimization.md	mobile-and-desktop-apps	notifications-and-deep-links
DeepLinkRecoveryPathsPlanning.md	mobile-and-desktop-apps	notifications-and-deep-links
DeepLinkRecoveryPathsPlaybook.md	mobile-and-desktop-apps	notifications-and-deep-links
DeepLinkRecoveryPathsReliability.md	mobile-and-desktop-apps	notifications-and-deep-links
DeepLinkRecoveryPathsReview.md	mobile-and-desktop-apps	notifications-and-deep-links
DeepLinkRecoveryPathsStrategy.md	mobile-and-desktop-apps	notifications-and-deep-links
DeepLinkRoutingAnalysis.md	mobile-and-desktop-apps	notifications-and-deep-links
DeepLinkRoutingAutomation.md	mobile-and-desktop-apps	notifications-and-deep-links
DeepLinkRoutingDesign.md	mobile-and-desktop-apps	notifications-and-deep-links
DeepLinkRoutingDiagnostics.md	mobile-and-desktop-apps	notifications-and-deep-links
DeepLinkRoutingGovernance.md	mobile-and-desktop-apps	notifications-and-deep-links
DeepLinkRoutingOperations.md	mobile-and-desktop-apps	notifications-and-deep-links
DeepLinkRoutingOptimization.md	mobile-and-desktop-apps	notifications-and-deep-links
DeepLinkRoutingPlanning.md	mobile-and-desktop-apps	notifications-and-deep-links
DeepLinkRoutingReview.md	mobile-and-desktop-apps	notifications-and-deep-links
DeepLinkRoutingStrategy.md	mobile-and-desktop-apps	notifications-and-deep-links
DeepSeek.md	ai-and-agent-systems	model-provider-guides
DelegationPlaybooksArtifactTemplates.md	product-and-project-management	planning-cadence-and-delivery
DelegationPlaybooksCompletionProofs.md	product-and-project-management	planning-cadence-and-delivery
DelegationPlaybooksContextCompression.md	product-and-project-management	planning-cadence-and-delivery
DelegationPlaybooksEscalationTriggers.md	product-and-project-management	planning-cadence-and-delivery
DelegationPlaybooksOwnershipHandoffs.md	product-and-project-management	planning-cadence-and-delivery
DelegationPlaybooksReviewRhythms.md	product-and-project-management	planning-cadence-and-delivery
DelegationPlaybooksRiskNotes.md	product-and-project-management	planning-cadence-and-delivery
DelegationPlaybooksStakeholderVisibility.md	product-and-project-management	planning-cadence-and-delivery
DelegationPlaybooksUpdateCadence.md	product-and-project-management	planning-cadence-and-delivery
DelegationPlaybooksUrgencyScoring.md	product-and-project-management	planning-cadence-and-delivery
DemoPreparationSystemsEscalationProofs.md	customer-and-revenue-operations	sales-and-partner-operations
DemoPreparationSystemsFollowupCadence.md	customer-and-revenue-operations	sales-and-partner-operations
DemoPreparationSystemsKnowledgeReuse.md	customer-and-revenue-operations	sales-and-partner-operations
DemoPreparationSystemsOutcomeTracking.md	customer-and-revenue-operations	sales-and-partner-operations
DemoPreparationSystemsResponseTemplates.md	customer-and-revenue-operations	sales-and-partner-operations
DemoPreparationSystemsRiskFlags.md	customer-and-revenue-operations	sales-and-partner-operations
DemoPreparationSystemsSegmentationRules.md	customer-and-revenue-operations	sales-and-partner-operations
DemoPreparationSystemsSignalInterpretation.md	customer-and-revenue-operations	sales-and-partner-operations
DemoPreparationSystemsStakeholderMapping.md	customer-and-revenue-operations	sales-and-partner-operations
DemoPreparationSystemsWorkflowSequencing.md	customer-and-revenue-operations	sales-and-partner-operations
DemoVideoPlanningAudienceFit.md	content-and-communication	video-and-media-production
DemoVideoPlanningConversionHooks.md	content-and-communication	video-and-media-production
DemoVideoPlanningCutdownPlans.md	content-and-communication	video-and-media-production
DemoVideoPlanningDistributionTiming.md	content-and-communication	video-and-media-production
DemoVideoPlanningFeedbackRounds.md	content-and-communication	video-and-media-production
DemoVideoPlanningNarrativeBeats.md	content-and-communication	video-and-media-production
DemoVideoPlanningPublishChecklists.md	content-and-communication	video-and-media-production
DemoVideoPlanningQualityBenchmarks.md	content-and-communication	video-and-media-production
DemoVideoPlanningRepurposingPaths.md	content-and-communication	video-and-media-production
DemoVideoPlanningVisualReferences.md	content-and-communication	video-and-media-production
DependencyInjection.md	software-engineering-craft	code-quality-and-refactoring
DependencyManagement.md	software-engineering-craft	version-control-and-builds
DependencyUpgradeAutomationHooks.md	software-engineering-craft	version-control-and-builds
DependencyUpgradeChangeScoping.md	software-engineering-craft	version-control-and-builds
DependencyUpgradeEdgeCaseSweeps.md	software-engineering-craft	version-control-and-builds
DependencyUpgradeMinimalRepros.md	software-engineering-craft	version-control-and-builds
DependencyUpgradePatchDesign.md	software-engineering-craft	version-control-and-builds
DependencyUpgradePlanning.md	software-engineering-craft	version-control-and-builds
DependencyUpgradeRegressionGuards.md	software-engineering-craft	version-control-and-builds
DependencyUpgradeRiskRanking.md	software-engineering-craft	version-control-and-builds
DependencyUpgradeRollbackPlans.md	software-engineering-craft	version-control-and-builds
DependencyUpgradeTraceIsolation.md	software-engineering-craft	version-control-and-builds
DependencyUpgradeVerificationLoops.md	software-engineering-craft	version-control-and-builds
DependencyVulnerabilityTriage.md	security-and-trust	attack-defense-and-hardening
DeploymentSafeguardsDesign.md	platform-and-cloud-infrastructure	ci-cd-and-release-pipelines
DeploymentSafeguardsDiagnostics.md	platform-and-cloud-infrastructure	ci-cd-and-release-pipelines
DeploymentSafeguardsGovernance.md	platform-and-cloud-infrastructure	ci-cd-and-release-pipelines
DeploymentSafeguardsOperations.md	platform-and-cloud-infrastructure	ci-cd-and-release-pipelines
DeploymentSafeguardsOptimization.md	platform-and-cloud-infrastructure	ci-cd-and-release-pipelines
DeploymentSafeguardsPlanning.md	platform-and-cloud-infrastructure	ci-cd-and-release-pipelines
DeploymentSafeguardsPlaybook.md	platform-and-cloud-infrastructure	ci-cd-and-release-pipelines
DeploymentSafeguardsReliability.md	platform-and-cloud-infrastructure	ci-cd-and-release-pipelines
DeploymentSafeguardsReview.md	platform-and-cloud-infrastructure	ci-cd-and-release-pipelines
DeploymentSafeguardsStrategy.md	platform-and-cloud-infrastructure	ci-cd-and-release-pipelines
Design-Systems.md	frontend-and-user-experience	design-systems-and-visual-design
DesignAnInterface.md	frontend-and-user-experience	design-systems-and-visual-design
DesignAnimation.md	frontend-and-user-experience	design-systems-and-visual-design
DesignCritiqueFramework.md	frontend-and-user-experience	design-systems-and-visual-design
DesignCritiqueOpsContentHierarchy.md	frontend-and-user-experience	design-systems-and-visual-design
DesignCritiqueOpsDecisionClarity.md	frontend-and-user-experience	design-systems-and-visual-design
DesignCritiqueOpsEdgeStateCoverage.md	frontend-and-user-experience	design-systems-and-visual-design
DesignCritiqueOpsExperimentAnnotations.md	frontend-and-user-experience	design-systems-and-visual-design
DesignCritiqueOpsHandoffSpecs.md	frontend-and-user-experience	design-systems-and-visual-design
DesignCritiqueOpsHeuristicReviews.md	frontend-and-user-experience	design-systems-and-visual-design
DesignCritiqueOpsMeasurementPlans.md	frontend-and-user-experience	design-systems-and-visual-design
DesignCritiqueOpsRecoveryPatterns.md	frontend-and-user-experience	design-systems-and-visual-design
DesignCritiqueOpsStateMapping.md	frontend-and-user-experience	design-systems-and-visual-design
DesignCritiqueOpsUsabilitySignals.md	frontend-and-user-experience	design-systems-and-visual-design
DesignDocumentation.md	frontend-and-user-experience	ux-research-and-interaction-design
DesignPatterns.md	software-engineering-craft	code-quality-and-refactoring
DesignQAHandOff.md	frontend-and-user-experience	design-systems-and-visual-design
DesignReviewFacilitation.md	frontend-and-user-experience	design-systems-and-visual-design
DesignSystemOperationsContentHierarchy.md	frontend-and-user-experience	design-systems-and-visual-design
DesignSystemOperationsDecisionClarity.md	frontend-and-user-experience	design-systems-and-visual-design
DesignSystemOperationsEdgeStateCoverage.md	frontend-and-user-experience	design-systems-and-visual-design
DesignSystemOperationsExperimentAnnotations.md	frontend-and-user-experience	design-systems-and-visual-design
DesignSystemOperationsHandoffSpecs.md	frontend-and-user-experience	design-systems-and-visual-design
DesignSystemOperationsHeuristicReviews.md	frontend-and-user-experience	design-systems-and-visual-design
DesignSystemOperationsMeasurementPlans.md	frontend-and-user-experience	design-systems-and-visual-design
DesignSystemOperationsRecoveryPatterns.md	frontend-and-user-experience	design-systems-and-visual-design
DesignSystemOperationsStateMapping.md	frontend-and-user-experience	design-systems-and-visual-design
DesignSystemOperationsUsabilitySignals.md	frontend-and-user-experience	design-systems-and-visual-design
DesignSystemStewardshipDesign.md	frontend-and-user-experience	design-systems-and-visual-design
DesignSystemStewardshipDiagnostics.md	frontend-and-user-experience	design-systems-and-visual-design
DesignSystemStewardshipGovernance.md	frontend-and-user-experience	design-systems-and-visual-design
DesignSystemStewardshipOperations.md	frontend-and-user-experience	design-systems-and-visual-design
DesignSystemStewardshipOptimization.md	frontend-and-user-experience	design-systems-and-visual-design
DesignSystemStewardshipPlanning.md	frontend-and-user-experience	design-systems-and-visual-design
DesignSystemStewardshipPlaybook.md	frontend-and-user-experience	design-systems-and-visual-design
DesignSystemStewardshipReliability.md	frontend-and-user-experience	design-systems-and-visual-design
DesignSystemStewardshipReview.md	frontend-and-user-experience	design-systems-and-visual-design
DesignSystemStewardshipStrategy.md	frontend-and-user-experience	design-systems-and-visual-design
DesignSystemsComponentPatterns.md	frontend-and-user-experience	design-systems-and-visual-design
DesignSystemsContentDesign.md	frontend-and-user-experience	design-systems-and-visual-design
DesignSystemsCritiqueFrameworks.md	frontend-and-user-experience	design-systems-and-visual-design
DesignSystemsEdgeStateDesign.md	frontend-and-user-experience	design-systems-and-visual-design
DesignSystemsHandoffSpecifications.md	frontend-and-user-experience	design-systems-and-visual-design
DesignSystemsMeasurementPlans.md	frontend-and-user-experience	design-systems-and-visual-design
DesignSystemsReviewChecklists.md	frontend-and-user-experience	design-systems-and-visual-design
DesignSystemsUsabilityTesting.md	frontend-and-user-experience	design-systems-and-visual-design
DesignSystemsUserFlows.md	frontend-and-user-experience	design-systems-and-visual-design
DesignSystemsVisualHierarchy.md	frontend-and-user-experience	design-systems-and-visual-design
DesignToCodeTranslationAccessibilityProofs.md	frontend-and-user-experience	design-systems-and-visual-design
DesignToCodeTranslationDeviceCoverage.md	frontend-and-user-experience	design-systems-and-visual-design
DesignToCodeTranslationEdgeStateMatrices.md	frontend-and-user-experience	design-systems-and-visual-design
DesignToCodeTranslationFailureRecovery.md	frontend-and-user-experience	design-systems-and-visual-design
DesignToCodeTranslationHandoffSpecs.md	frontend-and-user-experience	design-systems-and-visual-design
DesignToCodeTranslationInteractionLatency.md	frontend-and-user-experience	design-systems-and-visual-design
DesignToCodeTranslationRegressionScreens.md	frontend-and-user-experience	design-systems-and-visual-design
DesignToCodeTranslationStateBoundaries.md	frontend-and-user-experience	design-systems-and-visual-design
DesignToCodeTranslationTestObservability.md	frontend-and-user-experience	design-systems-and-visual-design
DesignToCodeTranslationVisualContracts.md	frontend-and-user-experience	design-systems-and-visual-design
DesignTokenSystem.md	frontend-and-user-experience	design-systems-and-visual-design
DesignTokensAnalysis.md	frontend-and-user-experience	design-systems-and-visual-design
DesignTokensAutomation.md	frontend-and-user-experience	design-systems-and-visual-design
DesignTokensDesign.md	frontend-and-user-experience	design-systems-and-visual-design
DesignTokensDiagnostics.md	frontend-and-user-experience	design-systems-and-visual-design
DesignTokensGovernance.md	frontend-and-user-experience	design-systems-and-visual-design
DesignTokensOperations.md	frontend-and-user-experience	design-systems-and-visual-design
DesignTokensOptimization.md	frontend-and-user-experience	design-systems-and-visual-design
DesignTokensPlanning.md	frontend-and-user-experience	design-systems-and-visual-design
DesignTokensReview.md	frontend-and-user-experience	design-systems-and-visual-design
DesignTokensStrategy.md	frontend-and-user-experience	design-systems-and-visual-design
DesktopAppAutoUpdate.md	mobile-and-desktop-apps	native-and-desktop-development
DesktopAppRecoveryBuildSigning.md	mobile-and-desktop-apps	native-and-desktop-development
DesktopAppRecoveryCrashClustering.md	mobile-and-desktop-apps	native-and-desktop-development
DesktopAppRecoveryDeviceMatrices.md	mobile-and-desktop-apps	native-and-desktop-development
DesktopAppRecoveryPermissionFlows.md	mobile-and-desktop-apps	native-and-desktop-development
DesktopAppRecoveryRollbackChannels.md	mobile-and-desktop-apps	native-and-desktop-development
DesktopAppRecoveryStoreReadiness.md	mobile-and-desktop-apps	native-and-desktop-development
DesktopAppRecoverySyncConflictRules.md	mobile-and-desktop-apps	native-and-desktop-development
DesktopAppRecoveryTelemetrySignals.md	mobile-and-desktop-apps	native-and-desktop-development
DesktopAppRecoveryUpgradeSafety.md	mobile-and-desktop-apps	native-and-desktop-development
DesktopAppRecoveryUserRecovery.md	mobile-and-desktop-apps	native-and-desktop-development
DesktopCrashDiagnostics.md	mobile-and-desktop-apps	native-and-desktop-development
DesktopFileSystemOps.md	mobile-and-desktop-apps	native-and-desktop-development
DevOpsCICD.md	platform-and-cloud-infrastructure	ci-cd-and-release-pipelines
DevOpsCI_CD.md	platform-and-cloud-infrastructure	ci-cd-and-release-pipelines
DeveloperExperience.md	software-engineering-craft	developer-tooling-and-experience
DeveloperOnboarding.md	people-and-engineering-management	employee-onboarding-and-training
DeveloperPortalRefreshActionabilityChecks.md	content-and-communication	technical-documentation
DeveloperPortalRefreshApprovalRouting.md	content-and-communication	technical-documentation
DeveloperPortalRefreshExampleCoverage.md	content-and-communication	technical-documentation
DeveloperPortalRefreshLinkIntegrity.md	content-and-communication	technical-documentation
DeveloperPortalRefreshMaintenanceOwnership.md	content-and-communication	technical-documentation
DeveloperPortalRefreshReaderTasks.md	content-and-communication	technical-documentation
DeveloperPortalRefreshScreenshotStrategy.md	content-and-communication	technical-documentation
DeveloperPortalRefreshSearchKeywords.md	content-and-communication	technical-documentation
DeveloperPortalRefreshUpdateTriggers.md	content-and-communication	technical-documentation
DeveloperPortalRefreshVersionStamps.md	content-and-communication	technical-documentation
DeviceCapabilityMatricesDesign.md	mobile-and-desktop-apps	device-connectivity-and-offline
DeviceCapabilityMatricesDiagnostics.md	mobile-and-desktop-apps	device-connectivity-and-offline
DeviceCapabilityMatricesGovernance.md	mobile-and-desktop-apps	device-connectivity-and-offline
DeviceCapabilityMatricesOperations.md	mobile-and-desktop-apps	device-connectivity-and-offline
DeviceCapabilityMatricesOptimization.md	mobile-and-desktop-apps	device-connectivity-and-offline
DeviceCapabilityMatricesPlanning.md	mobile-and-desktop-apps	device-connectivity-and-offline
DeviceCapabilityMatricesPlaybook.md	mobile-and-desktop-apps	device-connectivity-and-offline
DeviceCapabilityMatricesReliability.md	mobile-and-desktop-apps	device-connectivity-and-offline
DeviceCapabilityMatricesReview.md	mobile-and-desktop-apps	device-connectivity-and-offline
DeviceCapabilityMatricesStrategy.md	mobile-and-desktop-apps	device-connectivity-and-offline
DeviceTrustAnalysis.md	security-and-trust	identity-and-access
DeviceTrustAutomation.md	security-and-trust	identity-and-access
DeviceTrustDesign.md	security-and-trust	identity-and-access
DeviceTrustDiagnostics.md	security-and-trust	identity-and-access
DeviceTrustGovernance.md	security-and-trust	identity-and-access
DeviceTrustOperations.md	security-and-trust	identity-and-access
DeviceTrustOptimization.md	security-and-trust	identity-and-access
DeviceTrustPlanning.md	security-and-trust	identity-and-access
DeviceTrustReview.md	security-and-trust	identity-and-access
DeviceTrustStrategy.md	security-and-trust	identity-and-access
DeviceTrustValidationBlastRadiusNotes.md	security-and-trust	identity-and-access
DeviceTrustValidationControlCoverage.md	security-and-trust	identity-and-access
DeviceTrustValidationEscalationMatrices.md	security-and-trust	identity-and-access
DeviceTrustValidationEvidenceRetention.md	security-and-trust	identity-and-access
DeviceTrustValidationExceptionExpiry.md	security-and-trust	identity-and-access
DeviceTrustValidationPolicyDiffs.md	security-and-trust	identity-and-access
DeviceTrustValidationRecoveryProofs.md	security-and-trust	identity-and-access
DeviceTrustValidationReviewerRouting.md	security-and-trust	identity-and-access
DeviceTrustValidationSignalCorrelation.md	security-and-trust	identity-and-access
DeviceTrustValidationTamperResistance.md	security-and-trust	identity-and-access
DigitalSignalProcessing.md	specialized-and-systems-engineering	graphics-games-and-media-engineering
DigitalSignalProcessingBasics.md	specialized-and-systems-engineering	graphics-games-and-media-engineering
DisasterRecoveryExercisesDesign.md	reliability-and-incident-response	backup-and-disaster-recovery
DisasterRecoveryExercisesDiagnostics.md	reliability-and-incident-response	backup-and-disaster-recovery
DisasterRecoveryExercisesGovernance.md	reliability-and-incident-response	backup-and-disaster-recovery
DisasterRecoveryExercisesOperations.md	reliability-and-incident-response	backup-and-disaster-recovery
DisasterRecoveryExercisesOptimization.md	reliability-and-incident-response	backup-and-disaster-recovery
DisasterRecoveryExercisesPlanning.md	reliability-and-incident-response	backup-and-disaster-recovery
DisasterRecoveryExercisesPlaybook.md	reliability-and-incident-response	backup-and-disaster-recovery
DisasterRecoveryExercisesReliability.md	reliability-and-incident-response	backup-and-disaster-recovery
DisasterRecoveryExercisesReview.md	reliability-and-incident-response	backup-and-disaster-recovery
DisasterRecoveryExercisesStrategy.md	reliability-and-incident-response	backup-and-disaster-recovery
DistributedCaching.md	backend-and-api-engineering	service-architecture-and-decomposition
DistributedQueueModelingBenchmarkDesign.md	backend-and-api-engineering	messaging-queues-and-realtime
DistributedQueueModelingDeploymentConstraints.md	backend-and-api-engineering	messaging-queues-and-realtime
DistributedQueueModelingFailureModels.md	backend-and-api-engineering	messaging-queues-and-realtime
DistributedQueueModelingObservabilityHooks.md	backend-and-api-engineering	messaging-queues-and-realtime
DistributedQueueModelingOptimizationBoundaries.md	backend-and-api-engineering	messaging-queues-and-realtime
DistributedQueueModelingRecoveryLogic.md	backend-and-api-engineering	messaging-queues-and-realtime
DistributedQueueModelingReproHarnesses.md	backend-and-api-engineering	messaging-queues-and-realtime
DistributedQueueModelingResourceBudgets.md	backend-and-api-engineering	messaging-queues-and-realtime
DistributedQueueModelingSafetyMargins.md	backend-and-api-engineering	messaging-queues-and-realtime
DistributedQueueModelingStateInspection.md	backend-and-api-engineering	messaging-queues-and-realtime
DistributedSystemsAPIDesign.md	backend-and-api-engineering	service-architecture-and-decomposition
DistributedSystemsArchitecturePatterns.md	backend-and-api-engineering	service-architecture-and-decomposition
DistributedSystemsDebuggingTactics.md	backend-and-api-engineering	service-architecture-and-decomposition
DistributedSystemsFailureAnalysis.md	backend-and-api-engineering	service-architecture-and-decomposition
DistributedSystemsLabAPIDesign.md	backend-and-api-engineering	service-architecture-and-decomposition
DistributedSystemsLabArchitecturePatterns.md	backend-and-api-engineering	service-architecture-and-decomposition
DistributedSystemsLabDebuggingTactics.md	backend-and-api-engineering	service-architecture-and-decomposition
DistributedSystemsLabFailureAnalysis.md	backend-and-api-engineering	service-architecture-and-decomposition
DistributedSystemsLabMemorySafety.md	backend-and-api-engineering	service-architecture-and-decomposition
DistributedSystemsLabOptimizationPlaybooks.md	backend-and-api-engineering	service-architecture-and-decomposition
DistributedSystemsLabPerformanceModels.md	backend-and-api-engineering	service-architecture-and-decomposition
DistributedSystemsLabStateMachines.md	backend-and-api-engineering	service-architecture-and-decomposition
DistributedSystemsLabTestStrategies.md	backend-and-api-engineering	service-architecture-and-decomposition
DistributedSystemsLabToolingWorkflows.md	backend-and-api-engineering	service-architecture-and-decomposition
DistributedSystemsMemorySafety.md	backend-and-api-engineering	service-architecture-and-decomposition
DistributedSystemsOptimizationPlaybooks.md	backend-and-api-engineering	service-architecture-and-decomposition
DistributedSystemsPerformanceModels.md	backend-and-api-engineering	service-architecture-and-decomposition
DistributedSystemsStateMachines.md	backend-and-api-engineering	service-architecture-and-decomposition
DistributedSystemsTestStrategies.md	backend-and-api-engineering	service-architecture-and-decomposition
DistributedSystemsToolingWorkflows.md	backend-and-api-engineering	service-architecture-and-decomposition
DistributedTracing.md	reliability-and-incident-response	observability-and-slos
DjangoAuthenticationFlows.md	backend-and-api-engineering	backend-framework-patterns
DjangoBackgroundJobPatterns.md	backend-and-api-engineering	backend-framework-patterns
DjangoCacheInvalidation.md	backend-and-api-engineering	backend-framework-patterns
DjangoContractEvolution.md	backend-and-api-engineering	backend-framework-patterns
DjangoErrorModeling.md	backend-and-api-engineering	backend-framework-patterns
DjangoIdempotencyControls.md	backend-and-api-engineering	backend-framework-patterns
DjangoMultiTenantIsolation.md	backend-and-api-engineering	backend-framework-patterns
DjangoObservabilityContracts.md	backend-and-api-engineering	backend-framework-patterns
DjangoPaginationSystems.md	backend-and-api-engineering	backend-framework-patterns
DjangoRateLimitDesign.md	backend-and-api-engineering	backend-framework-patterns
Docker.md	platform-and-cloud-infrastructure	cloud-and-kubernetes-operations
DockerAutomationSafety.md	platform-and-cloud-infrastructure	cloud-and-kubernetes-operations
DockerCapacityForecasting.md	platform-and-cloud-infrastructure	capacity-and-cost-governance
DockerComposeLocalDev.md	platform-and-cloud-infrastructure	cloud-and-kubernetes-operations
DockerContainerization.md	platform-and-cloud-infrastructure	cloud-and-kubernetes-operations
DockerCostGovernance.md	platform-and-cloud-infrastructure	capacity-and-cost-governance
DockerDeploymentRollouts.md	platform-and-cloud-infrastructure	ci-cd-and-release-pipelines
DockerEnvironmentPromotion.md	platform-and-cloud-infrastructure	ci-cd-and-release-pipelines
DockerFailureRecovery.md	platform-and-cloud-infrastructure	cloud-and-kubernetes-operations
DockerIncidentTriage.md	platform-and-cloud-infrastructure	cloud-and-kubernetes-operations
DockerObservabilityDesign.md	platform-and-cloud-infrastructure	cloud-and-kubernetes-operations
DockerPolicyAutomation.md	platform-and-cloud-infrastructure	cloud-and-kubernetes-operations
DockerSecretsManagement.md	security-and-trust	secrets-and-key-management
DockerfileOptimization.md	platform-and-cloud-infrastructure	cloud-and-kubernetes-operations
DomainDrivenDesign.md	backend-and-api-engineering	service-architecture-and-decomposition
DomainEventStorming.md	backend-and-api-engineering	service-architecture-and-decomposition
DownloadFlowAutomationArtifactCapture.md	testing-and-quality-assurance	browser-and-end-to-end-testing
DownloadFlowAutomationCrossBrowserDrift.md	testing-and-quality-assurance	browser-and-end-to-end-testing
DownloadFlowAutomationEnvironmentParity.md	testing-and-quality-assurance	browser-and-end-to-end-testing
DownloadFlowAutomationFailureScreenshots.md	testing-and-quality-assurance	browser-and-end-to-end-testing
DownloadFlowAutomationFlakeTriage.md	testing-and-quality-assurance	browser-and-end-to-end-testing
DownloadFlowAutomationRetryWindows.md	testing-and-quality-assurance	browser-and-end-to-end-testing
DownloadFlowAutomationSelectorResilience.md	testing-and-quality-assurance	browser-and-end-to-end-testing
DownloadFlowAutomationStateReset.md	testing-and-quality-assurance	browser-and-end-to-end-testing
DownloadFlowAutomationTimingStability.md	testing-and-quality-assurance	browser-and-end-to-end-testing
DownloadFlowAutomationUserSimulation.md	testing-and-quality-assurance	browser-and-end-to-end-testing
ETLConnectorValidationAlertEscalations.md	data-platform-and-analytics	pipelines-and-ingestion
ETLConnectorValidationDeadLetterHandling.md	data-platform-and-analytics	pipelines-and-ingestion
ETLConnectorValidationDeliveryAudits.md	data-platform-and-analytics	pipelines-and-ingestion
ETLConnectorValidationIdempotencyWindows.md	data-platform-and-analytics	pipelines-and-ingestion
ETLConnectorValidationMappingValidation.md	data-platform-and-analytics	pipelines-and-ingestion
ETLConnectorValidationReplayStrategies.md	data-platform-and-analytics	pipelines-and-ingestion
ETLConnectorValidationRetryContracts.md	data-platform-and-analytics	pipelines-and-ingestion
ETLConnectorValidationSchemaGuardrails.md	data-platform-and-analytics	pipelines-and-ingestion
ETLConnectorValidationSecretRotation.md	data-platform-and-analytics	pipelines-and-ingestion
ETLConnectorValidationThroughputLimits.md	data-platform-and-analytics	pipelines-and-ingestion
ETLIncidentRepairAnomalyIsolation.md	data-platform-and-analytics	pipelines-and-ingestion
ETLIncidentRepairConsistencyGuarantees.md	data-platform-and-analytics	pipelines-and-ingestion
ETLIncidentRepairConsumerImpact.md	data-platform-and-analytics	pipelines-and-ingestion
ETLIncidentRepairCostSignals.md	data-platform-and-analytics	pipelines-and-ingestion
ETLIncidentRepairDriftChecks.md	data-platform-and-analytics	pipelines-and-ingestion
ETLIncidentRepairLineageRecords.md	data-platform-and-analytics	pipelines-and-ingestion
ETLIncidentRepairMigrationWindows.md	data-platform-and-analytics	pipelines-and-ingestion
ETLIncidentRepairOwnershipMaps.md	data-platform-and-analytics	pipelines-and-ingestion
ETLIncidentRepairRecoveryPaths.md	data-platform-and-analytics	pipelines-and-ingestion
ETLIncidentRepairValidationProofs.md	data-platform-and-analytics	pipelines-and-ingestion
ETLRepairOpsAnomalyTriage.md	data-platform-and-analytics	pipelines-and-ingestion
ETLRepairOpsChangeImpact.md	data-platform-and-analytics	pipelines-and-ingestion
ETLRepairOpsConsumerReadiness.md	data-platform-and-analytics	pipelines-and-ingestion
ETLRepairOpsCostDiagnostics.md	data-platform-and-analytics	pipelines-and-ingestion
ETLRepairOpsFreshnessMonitoring.md	data-platform-and-analytics	pipelines-and-ingestion
ETLRepairOpsQueryPlans.md	data-platform-and-analytics	pipelines-and-ingestion
ETLRepairOpsReconciliationChecks.md	data-platform-and-analytics	pipelines-and-ingestion
ETLRepairOpsRetentionPolicies.md	data-platform-and-analytics	pipelines-and-ingestion
ETLRepairOpsSemanticContracts.md	data-platform-and-analytics	pipelines-and-ingestion
ETLRepairOpsValidationSuites.md	data-platform-and-analytics	pipelines-and-ingestion
EdgeComputing.md	platform-and-cloud-infrastructure	platform-engineering-and-tenancy
EdgeComputingArchitecture.md	platform-and-cloud-infrastructure	platform-engineering-and-tenancy
EdgeDeviceReliabilityBenchmarkDesign.md	specialized-and-systems-engineering	embedded-iot-and-robotics
EdgeDeviceReliabilityDeploymentConstraints.md	specialized-and-systems-engineering	embedded-iot-and-robotics
EdgeDeviceReliabilityFailureModels.md	specialized-and-systems-engineering	embedded-iot-and-robotics
EdgeDeviceReliabilityObservabilityHooks.md	specialized-and-systems-engineering	embedded-iot-and-robotics
EdgeDeviceReliabilityOptimizationBoundaries.md	specialized-and-systems-engineering	embedded-iot-and-robotics
EdgeDeviceReliabilityRecoveryLogic.md	specialized-and-systems-engineering	embedded-iot-and-robotics
EdgeDeviceReliabilityReproHarnesses.md	specialized-and-systems-engineering	embedded-iot-and-robotics
EdgeDeviceReliabilityResourceBudgets.md	specialized-and-systems-engineering	embedded-iot-and-robotics
EdgeDeviceReliabilitySafetyMargins.md	specialized-and-systems-engineering	embedded-iot-and-robotics
EdgeDeviceReliabilityStateInspection.md	specialized-and-systems-engineering	embedded-iot-and-robotics
EdgeInferenceOperationsDesign.md	ai-and-agent-systems	model-serving-and-cost
EdgeInferenceOperationsDiagnostics.md	ai-and-agent-systems	model-serving-and-cost
EdgeInferenceOperationsGovernance.md	ai-and-agent-systems	model-serving-and-cost
EdgeInferenceOperationsOperations.md	ai-and-agent-systems	model-serving-and-cost
EdgeInferenceOperationsOptimization.md	ai-and-agent-systems	model-serving-and-cost
EdgeInferenceOperationsPlanning.md	ai-and-agent-systems	model-serving-and-cost
EdgeInferenceOperationsPlaybook.md	ai-and-agent-systems	model-serving-and-cost
EdgeInferenceOperationsReliability.md	ai-and-agent-systems	model-serving-and-cost
EdgeInferenceOperationsReview.md	ai-and-agent-systems	model-serving-and-cost
EdgeInferenceOperationsStrategy.md	ai-and-agent-systems	model-serving-and-cost
EdgeTelemetryAnalysis.md	specialized-and-systems-engineering	embedded-iot-and-robotics
EdgeTelemetryAutomation.md	specialized-and-systems-engineering	embedded-iot-and-robotics
EdgeTelemetryDesign.md	specialized-and-systems-engineering	embedded-iot-and-robotics
EdgeTelemetryDiagnostics.md	specialized-and-systems-engineering	embedded-iot-and-robotics
EdgeTelemetryGovernance.md	specialized-and-systems-engineering	embedded-iot-and-robotics
EdgeTelemetryOperations.md	specialized-and-systems-engineering	embedded-iot-and-robotics
EdgeTelemetryOptimization.md	specialized-and-systems-engineering	embedded-iot-and-robotics
EdgeTelemetryPlanning.md	specialized-and-systems-engineering	embedded-iot-and-robotics
EdgeTelemetryReview.md	specialized-and-systems-engineering	embedded-iot-and-robotics
EdgeTelemetryStrategy.md	specialized-and-systems-engineering	embedded-iot-and-robotics
EditArticle.md	content-and-communication	technical-documentation
EditorialCalendarAnalysis.md	content-and-communication	editorial-and-copywriting
EditorialCalendarAutomation.md	content-and-communication	editorial-and-copywriting
EditorialCalendarDesign.md	content-and-communication	editorial-and-copywriting
EditorialCalendarDiagnostics.md	content-and-communication	editorial-and-copywriting
EditorialCalendarGovernance.md	content-and-communication	editorial-and-copywriting
EditorialCalendarOperations.md	content-and-communication	editorial-and-copywriting
EditorialCalendarOptimization.md	content-and-communication	editorial-and-copywriting
EditorialCalendarPlanning.md	content-and-communication	editorial-and-copywriting
EditorialCalendarReview.md	content-and-communication	editorial-and-copywriting
EditorialCalendarStrategy.md	content-and-communication	editorial-and-copywriting
EditorialQualityControlDesign.md	content-and-communication	editorial-and-copywriting
EditorialQualityControlDiagnostics.md	content-and-communication	editorial-and-copywriting
EditorialQualityControlGovernance.md	content-and-communication	editorial-and-copywriting
EditorialQualityControlOperations.md	content-and-communication	editorial-and-copywriting
EditorialQualityControlOptimization.md	content-and-communication	editorial-and-copywriting
EditorialQualityControlPlanning.md	content-and-communication	editorial-and-copywriting
EditorialQualityControlPlaybook.md	content-and-communication	editorial-and-copywriting
EditorialQualityControlReliability.md	content-and-communication	editorial-and-copywriting
EditorialQualityControlReview.md	content-and-communication	editorial-and-copywriting
EditorialQualityControlStrategy.md	content-and-communication	editorial-and-copywriting
ElectronDesktopApps.md	mobile-and-desktop-apps	native-and-desktop-development
ElectronIPCPatterns.md	mobile-and-desktop-apps	native-and-desktop-development
ElectronSecurityHardening.md	security-and-trust	attack-defense-and-hardening
Elvish.md	software-engineering-craft	languages
EmailLifecycleOptimizationAnalyticsAnnotations.md	product-growth-and-marketing	acquisition-funnels-and-campaigns
EmailLifecycleOptimizationAudienceSegmentation.md	product-growth-and-marketing	acquisition-funnels-and-campaigns
EmailLifecycleOptimizationCohortReadouts.md	product-growth-and-marketing	acquisition-funnels-and-campaigns
EmailLifecycleOptimizationConversionDiagnostics.md	product-growth-and-marketing	acquisition-funnels-and-campaigns
EmailLifecycleOptimizationCopyTesting.md	product-growth-and-marketing	acquisition-funnels-and-campaigns
EmailLifecycleOptimizationHypothesisRanking.md	product-growth-and-marketing	acquisition-funnels-and-campaigns
EmailLifecycleOptimizationOfferFraming.md	product-growth-and-marketing	acquisition-funnels-and-campaigns
EmailLifecycleOptimizationOutcomeAttribution.md	product-growth-and-marketing	acquisition-funnels-and-campaigns
EmailLifecycleOptimizationRolloutSequencing.md	product-growth-and-marketing	acquisition-funnels-and-campaigns
EmailLifecycleOptimizationVariantSafeguards.md	product-growth-and-marketing	acquisition-funnels-and-campaigns
EmailMarketing.md	product-growth-and-marketing	acquisition-funnels-and-campaigns
EmailTemplateDesign.md	content-and-communication	editorial-and-copywriting
EmbeddedDebugLoopsBenchmarkDesign.md	specialized-and-systems-engineering	embedded-iot-and-robotics
EmbeddedDebugLoopsDeploymentConstraints.md	specialized-and-systems-engineering	embedded-iot-and-robotics
EmbeddedDebugLoopsFailureModels.md	specialized-and-systems-engineering	embedded-iot-and-robotics
EmbeddedDebugLoopsObservabilityHooks.md	specialized-and-systems-engineering	embedded-iot-and-robotics
EmbeddedDebugLoopsOptimizationBoundaries.md	specialized-and-systems-engineering	embedded-iot-and-robotics
EmbeddedDebugLoopsRecoveryLogic.md	specialized-and-systems-engineering	embedded-iot-and-robotics
EmbeddedDebugLoopsReproHarnesses.md	specialized-and-systems-engineering	embedded-iot-and-robotics
EmbeddedDebugLoopsResourceBudgets.md	specialized-and-systems-engineering	embedded-iot-and-robotics
EmbeddedDebugLoopsSafetyMargins.md	specialized-and-systems-engineering	embedded-iot-and-robotics
EmbeddedDebugLoopsStateInspection.md	specialized-and-systems-engineering	embedded-iot-and-robotics
EmbeddedSystemsAPIDesign.md	specialized-and-systems-engineering	embedded-iot-and-robotics
EmbeddedSystemsArchitecturePatterns.md	specialized-and-systems-engineering	embedded-iot-and-robotics
EmbeddedSystemsDebuggingTactics.md	specialized-and-systems-engineering	embedded-iot-and-robotics
EmbeddedSystemsFailureAnalysis.md	specialized-and-systems-engineering	embedded-iot-and-robotics
EmbeddedSystemsIoT.md	specialized-and-systems-engineering	embedded-iot-and-robotics
EmbeddedSystemsLabAPIDesign.md	specialized-and-systems-engineering	embedded-iot-and-robotics
EmbeddedSystemsLabArchitecturePatterns.md	specialized-and-systems-engineering	embedded-iot-and-robotics
EmbeddedSystemsLabDebuggingTactics.md	specialized-and-systems-engineering	embedded-iot-and-robotics
EmbeddedSystemsLabFailureAnalysis.md	specialized-and-systems-engineering	embedded-iot-and-robotics
EmbeddedSystemsLabMemorySafety.md	specialized-and-systems-engineering	embedded-iot-and-robotics
EmbeddedSystemsLabOptimizationPlaybooks.md	specialized-and-systems-engineering	embedded-iot-and-robotics
EmbeddedSystemsLabPerformanceModels.md	specialized-and-systems-engineering	embedded-iot-and-robotics
EmbeddedSystemsLabStateMachines.md	specialized-and-systems-engineering	embedded-iot-and-robotics
EmbeddedSystemsLabTestStrategies.md	specialized-and-systems-engineering	embedded-iot-and-robotics
EmbeddedSystemsLabToolingWorkflows.md	specialized-and-systems-engineering	embedded-iot-and-robotics
EmbeddedSystemsMemorySafety.md	specialized-and-systems-engineering	embedded-iot-and-robotics
EmbeddedSystemsOptimizationPlaybooks.md	specialized-and-systems-engineering	embedded-iot-and-robotics
EmbeddedSystemsPerformanceModels.md	specialized-and-systems-engineering	embedded-iot-and-robotics
EmbeddedSystemsStateMachines.md	specialized-and-systems-engineering	embedded-iot-and-robotics
EmbeddedSystemsTestStrategies.md	specialized-and-systems-engineering	embedded-iot-and-robotics
EmbeddedSystemsToolingWorkflows.md	specialized-and-systems-engineering	embedded-iot-and-robotics
EmbeddingDriftMonitoring.md	ai-and-agent-systems	evaluation-and-labeling
EmbeddingsCostControl.md	ai-and-agent-systems	retrieval-search-and-embeddings
EmbeddingsDataContracts.md	ai-and-agent-systems	retrieval-search-and-embeddings
EmbeddingsEvaluationRubrics.md	ai-and-agent-systems	retrieval-search-and-embeddings
EmbeddingsExperimentTracking.md	ai-and-agent-systems	retrieval-search-and-embeddings
EmbeddingsFailureAnalysis.md	ai-and-agent-systems	retrieval-search-and-embeddings
EmbeddingsHumanReviewLoops.md	ai-and-agent-systems	retrieval-search-and-embeddings
EmbeddingsLatencyBudgets.md	ai-and-agent-systems	retrieval-search-and-embeddings
EmbeddingsProductionRollouts.md	ai-and-agent-systems	retrieval-search-and-embeddings
EmbeddingsSafetyDesign.md	ai-and-agent-systems	retrieval-search-and-embeddings
EmbeddingsToolReliability.md	ai-and-agent-systems	retrieval-search-and-embeddings
EmptyStateDesign.md	frontend-and-user-experience	ux-research-and-interaction-design
EmptyStateDesignContentHierarchy.md	frontend-and-user-experience	ux-research-and-interaction-design
EmptyStateDesignDecisionClarity.md	frontend-and-user-experience	ux-research-and-interaction-design
EmptyStateDesignEdgeStateCoverage.md	frontend-and-user-experience	ux-research-and-interaction-design
EmptyStateDesignExperimentAnnotations.md	frontend-and-user-experience	ux-research-and-interaction-design
EmptyStateDesignHandoffSpecs.md	frontend-and-user-experience	ux-research-and-interaction-design
EmptyStateDesignHeuristicReviews.md	frontend-and-user-experience	ux-research-and-interaction-design
EmptyStateDesignMeasurementPlans.md	frontend-and-user-experience	ux-research-and-interaction-design
EmptyStateDesignRecoveryPatterns.md	frontend-and-user-experience	ux-research-and-interaction-design
EmptyStateDesignStateMapping.md	frontend-and-user-experience	ux-research-and-interaction-design
EmptyStateDesignUsabilitySignals.md	frontend-and-user-experience	ux-research-and-interaction-design
EndToEndJourneysBoundaryScenarios.md	testing-and-quality-assurance	browser-and-end-to-end-testing
EndToEndJourneysCoverageStrategy.md	testing-and-quality-assurance	browser-and-end-to-end-testing
EndToEndJourneysDeterministicTiming.md	testing-and-quality-assurance	browser-and-end-to-end-testing
EndToEndJourneysFailureMatrices.md	testing-and-quality-assurance	browser-and-end-to-end-testing
EndToEndJourneysFixtureHygiene.md	testing-and-quality-assurance	browser-and-end-to-end-testing
EndToEndJourneysMockDiscipline.md	testing-and-quality-assurance	browser-and-end-to-end-testing
EndToEndJourneysOracleDesign.md	testing-and-quality-assurance	browser-and-end-to-end-testing
EndToEndJourneysParallelExecution.md	testing-and-quality-assurance	browser-and-end-to-end-testing
EndToEndJourneysResultInterpretation.md	testing-and-quality-assurance	browser-and-end-to-end-testing
EndToEndJourneysTriageHeuristics.md	testing-and-quality-assurance	browser-and-end-to-end-testing
EngineeringLeadership.md	people-and-engineering-management	leadership-and-career-growth
EngineeringMetrics.md	people-and-engineering-management	leadership-and-career-growth
EngineeringMetricsDORA.md	people-and-engineering-management	leadership-and-career-growth
EnterpriseSSOOnboardingBackoffPolicies.md	security-and-trust	identity-and-access
EnterpriseSSOOnboardingContractSnapshots.md	security-and-trust	identity-and-access
EnterpriseSSOOnboardingErrorTaxonomy.md	security-and-trust	identity-and-access
EnterpriseSSOOnboardingRequestReplay.md	security-and-trust	identity-and-access
EnterpriseSSOOnboardingRolloutWindows.md	security-and-trust	identity-and-access
EnterpriseSSOOnboardingSandboxParity.md	security-and-trust	identity-and-access
EnterpriseSSOOnboardingSignatureValidation.md	security-and-trust	identity-and-access
EnterpriseSSOOnboardingSupportEscalations.md	security-and-trust	identity-and-access
EnterpriseSSOOnboardingTokenRefresh.md	security-and-trust	identity-and-access
EnterpriseSSOOnboardingVersionDiffs.md	security-and-trust	identity-and-access
EntityResolutionAnalysis.md	data-platform-and-analytics	data-quality-and-governance
EntityResolutionAutomation.md	data-platform-and-analytics	data-quality-and-governance
EntityResolutionDesign.md	data-platform-and-analytics	data-quality-and-governance
EntityResolutionDiagnostics.md	data-platform-and-analytics	data-quality-and-governance
EntityResolutionGovernance.md	data-platform-and-analytics	data-quality-and-governance
EntityResolutionOperations.md	data-platform-and-analytics	data-quality-and-governance
EntityResolutionOptimization.md	data-platform-and-analytics	data-quality-and-governance
EntityResolutionPlanning.md	data-platform-and-analytics	data-quality-and-governance
EntityResolutionReview.md	data-platform-and-analytics	data-quality-and-governance
EntityResolutionStrategy.md	data-platform-and-analytics	data-quality-and-governance
EnvSecretsManagement.md	security-and-trust	secrets-and-key-management
EnvironmentPromotionAccessBoundaries.md	platform-and-cloud-infrastructure	ci-cd-and-release-pipelines
EnvironmentPromotionAlertTuning.md	platform-and-cloud-infrastructure	ci-cd-and-release-pipelines
EnvironmentPromotionCapacitySignals.md	platform-and-cloud-infrastructure	ci-cd-and-release-pipelines
EnvironmentPromotionChangeWindows.md	platform-and-cloud-infrastructure	ci-cd-and-release-pipelines
EnvironmentPromotionDriftDetection.md	platform-and-cloud-infrastructure	ci-cd-and-release-pipelines
EnvironmentPromotionDrillScenarios.md	platform-and-cloud-infrastructure	ci-cd-and-release-pipelines
EnvironmentPromotionEvidenceCapture.md	platform-and-cloud-infrastructure	ci-cd-and-release-pipelines
EnvironmentPromotionRollbackAutomation.md	platform-and-cloud-infrastructure	ci-cd-and-release-pipelines
EnvironmentPromotionRunbookDesign.md	platform-and-cloud-infrastructure	ci-cd-and-release-pipelines
EnvironmentPromotionSafetyRails.md	platform-and-cloud-infrastructure	ci-cd-and-release-pipelines
ErrorBudgetPolicy.md	reliability-and-incident-response	incident-response-and-postmortems
ErrorHandlingResilience.md	reliability-and-incident-response	resilience-and-failure-isolation
ErrorResiliency.md	reliability-and-incident-response	resilience-and-failure-isolation
EvalDatasetsAnalysis.md	ai-and-agent-systems	evaluation-and-labeling
EvalDatasetsAutomation.md	ai-and-agent-systems	evaluation-and-labeling
EvalDatasetsDesign.md	ai-and-agent-systems	evaluation-and-labeling
EvalDatasetsDiagnostics.md	ai-and-agent-systems	evaluation-and-labeling
EvalDatasetsGovernance.md	ai-and-agent-systems	evaluation-and-labeling
EvalDatasetsOperations.md	ai-and-agent-systems	evaluation-and-labeling
EvalDatasetsOptimization.md	ai-and-agent-systems	evaluation-and-labeling
EvalDatasetsPlanning.md	ai-and-agent-systems	evaluation-and-labeling
EvalDatasetsReview.md	ai-and-agent-systems	evaluation-and-labeling
EvalDatasetsStrategy.md	ai-and-agent-systems	evaluation-and-labeling
EvalEngineeringCostBudgets.md	ai-and-agent-systems	evaluation-and-labeling
EvalEngineeringExperimentTracking.md	ai-and-agent-systems	evaluation-and-labeling
EvalEngineeringFailureTaxonomy.md	ai-and-agent-systems	evaluation-and-labeling
EvalEngineeringHumanEscalation.md	ai-and-agent-systems	evaluation-and-labeling
EvalEngineeringLatencyControl.md	ai-and-agent-systems	evaluation-and-labeling
EvalEngineeringPolicyEnforcement.md	ai-and-agent-systems	evaluation-and-labeling
EvalEngineeringQualityThresholds.md	ai-and-agent-systems	evaluation-and-labeling
EvalEngineeringRolloutStages.md	ai-and-agent-systems	evaluation-and-labeling
EvalEngineeringTaskContracts.md	ai-and-agent-systems	evaluation-and-labeling
EvalEngineeringTraceAnalysis.md	ai-and-agent-systems	evaluation-and-labeling
EvalHarnessesCostControl.md	ai-and-agent-systems	evaluation-and-labeling
EvalHarnessesDataContracts.md	ai-and-agent-systems	evaluation-and-labeling
EvalHarnessesEvaluationRubrics.md	ai-and-agent-systems	evaluation-and-labeling
EvalHarnessesExperimentTracking.md	ai-and-agent-systems	evaluation-and-labeling
EvalHarnessesFailureAnalysis.md	ai-and-agent-systems	evaluation-and-labeling
EvalHarnessesHumanReviewLoops.md	ai-and-agent-systems	evaluation-and-labeling
EvalHarnessesLatencyBudgets.md	ai-and-agent-systems	evaluation-and-labeling
EvalHarnessesProductionRollouts.md	ai-and-agent-systems	evaluation-and-labeling
EvalHarnessesSafetyDesign.md	ai-and-agent-systems	evaluation-and-labeling
EvalHarnessesToolReliability.md	ai-and-agent-systems	evaluation-and-labeling
EvaluationDatasetOpsComparisonRuns.md	ai-and-agent-systems	evaluation-and-labeling
EvaluationDatasetOpsEscalationRules.md	ai-and-agent-systems	evaluation-and-labeling
EvaluationDatasetOpsFailureLabels.md	ai-and-agent-systems	evaluation-and-labeling
EvaluationDatasetOpsHumanOverride.md	ai-and-agent-systems	evaluation-and-labeling
EvaluationDatasetOpsPromptVersioning.md	ai-and-agent-systems	evaluation-and-labeling
EvaluationDatasetOpsQualityGates.md	ai-and-agent-systems	evaluation-and-labeling
EvaluationDatasetOpsSafetyThresholds.md	ai-and-agent-systems	evaluation-and-labeling
EvaluationDatasetOpsTaskContracts.md	ai-and-agent-systems	evaluation-and-labeling
EvaluationDatasetOpsToolReliability.md	ai-and-agent-systems	evaluation-and-labeling
EvaluationDatasetOpsTraceReview.md	ai-and-agent-systems	evaluation-and-labeling
EvaluationQueueOpsAnnotationDisputes.md	ai-and-agent-systems	evaluation-and-labeling
EvaluationQueueOpsDeploymentGates.md	ai-and-agent-systems	evaluation-and-labeling
EvaluationQueueOpsErrorBuckets.md	ai-and-agent-systems	evaluation-and-labeling
EvaluationQueueOpsFeedbackIngestion.md	ai-and-agent-systems	evaluation-and-labeling
EvaluationQueueOpsGoldSetCuration.md	ai-and-agent-systems	evaluation-and-labeling
EvaluationQueueOpsModelCardSignals.md	ai-and-agent-systems	evaluation-and-labeling
EvaluationQueueOpsMonitoringCadence.md	ai-and-agent-systems	evaluation-and-labeling
EvaluationQueueOpsSamplingStrategies.md	ai-and-agent-systems	evaluation-and-labeling
EvaluationQueueOpsSliceAnalysis.md	ai-and-agent-systems	evaluation-and-labeling
EvaluationQueueOpsThresholdPolicies.md	ai-and-agent-systems	evaluation-and-labeling
EventBridgeIntegrationAlertEscalations.md	backend-and-api-engineering	integrations-and-webhooks
EventBridgeIntegrationDeadLetterHandling.md	backend-and-api-engineering	integrations-and-webhooks
EventBridgeIntegrationDeliveryAudits.md	backend-and-api-engineering	integrations-and-webhooks
EventBridgeIntegrationIdempotencyWindows.md	backend-and-api-engineering	integrations-and-webhooks
EventBridgeIntegrationMappingValidation.md	backend-and-api-engineering	integrations-and-webhooks
EventBridgeIntegrationReplayStrategies.md	backend-and-api-engineering	integrations-and-webhooks
EventBridgeIntegrationRetryContracts.md	backend-and-api-engineering	integrations-and-webhooks
EventBridgeIntegrationSchemaGuardrails.md	backend-and-api-engineering	integrations-and-webhooks
EventBridgeIntegrationSecretRotation.md	backend-and-api-engineering	integrations-and-webhooks
EventBridgeIntegrationThroughputLimits.md	backend-and-api-engineering	integrations-and-webhooks
EventDrivenArchitecture.md	backend-and-api-engineering	messaging-queues-and-realtime
EventDrivenSystemsConstraintMapping.md	backend-and-api-engineering	messaging-queues-and-realtime
EventDrivenSystemsDataOwnership.md	backend-and-api-engineering	messaging-queues-and-realtime
EventDrivenSystemsDependencyGraphs.md	backend-and-api-engineering	messaging-queues-and-realtime
EventDrivenSystemsFailureBudgets.md	backend-and-api-engineering	messaging-queues-and-realtime
EventDrivenSystemsInterfaceContracts.md	backend-and-api-engineering	messaging-queues-and-realtime
EventDrivenSystemsMigrationSeams.md	backend-and-api-engineering	messaging-queues-and-realtime
EventDrivenSystemsOperabilityHooks.md	backend-and-api-engineering	messaging-queues-and-realtime
EventDrivenSystemsRolloutPhases.md	backend-and-api-engineering	messaging-queues-and-realtime
EventDrivenSystemsScalingPaths.md	backend-and-api-engineering	messaging-queues-and-realtime
EventDrivenSystemsTradeoffReviews.md	backend-and-api-engineering	messaging-queues-and-realtime
EventSchemaAlignmentAnomalyIsolation.md	data-platform-and-analytics	schema-and-data-contracts
EventSchemaAlignmentConsistencyGuarantees.md	data-platform-and-analytics	schema-and-data-contracts
EventSchemaAlignmentConsumerImpact.md	data-platform-and-analytics	schema-and-data-contracts
EventSchemaAlignmentCostSignals.md	data-platform-and-analytics	schema-and-data-contracts
EventSchemaAlignmentDriftChecks.md	data-platform-and-analytics	schema-and-data-contracts
EventSchemaAlignmentLineageRecords.md	data-platform-and-analytics	schema-and-data-contracts
EventSchemaAlignmentMigrationWindows.md	data-platform-and-analytics	schema-and-data-contracts
EventSchemaAlignmentOwnershipMaps.md	data-platform-and-analytics	schema-and-data-contracts
EventSchemaAlignmentRecoveryPaths.md	data-platform-and-analytics	schema-and-data-contracts
EventSchemaAlignmentValidationProofs.md	data-platform-and-analytics	schema-and-data-contracts
EventSchemaGovernance.md	data-platform-and-analytics	schema-and-data-contracts
EventSourcingCQRS.md	backend-and-api-engineering	messaging-queues-and-realtime
EventTaxonomyAnalysis.md	data-platform-and-analytics	schema-and-data-contracts
EventTaxonomyAutomation.md	data-platform-and-analytics	schema-and-data-contracts
EventTaxonomyDesign.md	data-platform-and-analytics	schema-and-data-contracts
EventTaxonomyDiagnostics.md	data-platform-and-analytics	schema-and-data-contracts
EventTaxonomyGovernance.md	data-platform-and-analytics	schema-and-data-contracts
EventTaxonomyOperations.md	data-platform-and-analytics	schema-and-data-contracts
EventTaxonomyOptimization.md	data-platform-and-analytics	schema-and-data-contracts
EventTaxonomyPlanning.md	data-platform-and-analytics	schema-and-data-contracts
EventTaxonomyReview.md	data-platform-and-analytics	schema-and-data-contracts
EventTaxonomyStrategy.md	data-platform-and-analytics	schema-and-data-contracts
EventVersionMigrationDesign.md	data-platform-and-analytics	schema-and-data-contracts
EventVersionMigrationDiagnostics.md	data-platform-and-analytics	schema-and-data-contracts
EventVersionMigrationGovernance.md	data-platform-and-analytics	schema-and-data-contracts
EventVersionMigrationOperations.md	data-platform-and-analytics	schema-and-data-contracts
EventVersionMigrationOptimization.md	data-platform-and-analytics	schema-and-data-contracts
EventVersionMigrationPlanning.md	data-platform-and-analytics	schema-and-data-contracts
EventVersionMigrationPlaybook.md	data-platform-and-analytics	schema-and-data-contracts
EventVersionMigrationReliability.md	data-platform-and-analytics	schema-and-data-contracts
EventVersionMigrationReview.md	data-platform-and-analytics	schema-and-data-contracts
EventVersionMigrationStrategy.md	data-platform-and-analytics	schema-and-data-contracts
ExecutiveCommunication.md	people-and-engineering-management	leadership-and-career-growth
ExperimentBacklogAnalysis.md	product-growth-and-marketing	experimentation
ExperimentBacklogAutomation.md	product-growth-and-marketing	experimentation
ExperimentBacklogDesign.md	product-growth-and-marketing	experimentation
ExperimentBacklogDesignCommsPlans.md	product-growth-and-marketing	experimentation
ExperimentBacklogDesignDependencyReviews.md	product-growth-and-marketing	experimentation
ExperimentBacklogDesignEscalationPaths.md	product-growth-and-marketing	experimentation
ExperimentBacklogDesignLearningLoops.md	product-growth-and-marketing	experimentation
ExperimentBacklogDesignMetricSelection.md	product-growth-and-marketing	experimentation
ExperimentBacklogDesignOutcomeInterpretation.md	product-growth-and-marketing	experimentation
ExperimentBacklogDesignPostLaunchCadence.md	product-growth-and-marketing	experimentation
ExperimentBacklogDesignReadinessGates.md	product-growth-and-marketing	experimentation
ExperimentBacklogDesignRiskNarratives.md	product-growth-and-marketing	experimentation
ExperimentBacklogDesignSegmentLogic.md	product-growth-and-marketing	experimentation
ExperimentBacklogDiagnostics.md	product-growth-and-marketing	experimentation
ExperimentBacklogGovernance.md	product-growth-and-marketing	experimentation
ExperimentBacklogOperations.md	product-growth-and-marketing	experimentation
ExperimentBacklogOpsFollowupLoops.md	product-growth-and-marketing	experimentation
ExperimentBacklogOpsLearningAgenda.md	product-growth-and-marketing	experimentation
ExperimentBacklogOpsObjectionHandling.md	product-growth-and-marketing	experimentation
ExperimentBacklogOpsProblemFraming.md	product-growth-and-marketing	experimentation
ExperimentBacklogOpsRiskScoring.md	product-growth-and-marketing	experimentation
ExperimentBacklogOpsRolloutRules.md	product-growth-and-marketing	experimentation
ExperimentBacklogOpsSegmentationLogic.md	product-growth-and-marketing	experimentation
ExperimentBacklogOpsStakeholderMaps.md	product-growth-and-marketing	experimentation
ExperimentBacklogOpsSuccessMetrics.md	product-growth-and-marketing	experimentation
ExperimentBacklogOpsTradeoffNarratives.md	product-growth-and-marketing	experimentation
ExperimentBacklogOptimization.md	product-growth-and-marketing	experimentation
ExperimentBacklogPlanning.md	product-growth-and-marketing	experimentation
ExperimentBacklogReview.md	product-growth-and-marketing	experimentation
ExperimentBacklogStrategy.md	product-growth-and-marketing	experimentation
ExperimentGuardrailMetricsDesign.md	product-growth-and-marketing	experimentation
ExperimentGuardrailMetricsDiagnostics.md	product-growth-and-marketing	experimentation
ExperimentGuardrailMetricsGovernance.md	product-growth-and-marketing	experimentation
ExperimentGuardrailMetricsOperations.md	product-growth-and-marketing	experimentation
ExperimentGuardrailMetricsOptimization.md	product-growth-and-marketing	experimentation
ExperimentGuardrailMetricsPlanning.md	product-growth-and-marketing	experimentation
ExperimentGuardrailMetricsPlaybook.md	product-growth-and-marketing	experimentation
ExperimentGuardrailMetricsReliability.md	product-growth-and-marketing	experimentation
ExperimentGuardrailMetricsReview.md	product-growth-and-marketing	experimentation
ExperimentGuardrailMetricsStrategy.md	product-growth-and-marketing	experimentation
ExperimentReadoutOpsAnnotationDisputes.md	product-growth-and-marketing	experimentation
ExperimentReadoutOpsDeploymentGates.md	product-growth-and-marketing	experimentation
ExperimentReadoutOpsErrorBuckets.md	product-growth-and-marketing	experimentation
ExperimentReadoutOpsFeedbackIngestion.md	product-growth-and-marketing	experimentation
ExperimentReadoutOpsGoldSetCuration.md	product-growth-and-marketing	experimentation
ExperimentReadoutOpsModelCardSignals.md	product-growth-and-marketing	experimentation
ExperimentReadoutOpsMonitoringCadence.md	product-growth-and-marketing	experimentation
ExperimentReadoutOpsSamplingStrategies.md	product-growth-and-marketing	experimentation
ExperimentReadoutOpsSliceAnalysis.md	product-growth-and-marketing	experimentation
ExperimentReadoutOpsThresholdPolicies.md	product-growth-and-marketing	experimentation
ExperimentResultAnalysis.md	product-growth-and-marketing	experimentation
ExperimentResultInterpretationActionExtraction.md	product-growth-and-marketing	experimentation
ExperimentResultInterpretationBiasChecks.md	product-growth-and-marketing	experimentation
ExperimentResultInterpretationCitationDiscipline.md	product-growth-and-marketing	experimentation
ExperimentResultInterpretationConfidenceScoring.md	product-growth-and-marketing	experimentation
ExperimentResultInterpretationContradictionHandling.md	product-growth-and-marketing	experimentation
ExperimentResultInterpretationEvidenceSifting.md	product-growth-and-marketing	experimentation
ExperimentResultInterpretationFollowupQuestions.md	product-growth-and-marketing	experimentation
ExperimentResultInterpretationQuestionDesign.md	product-growth-and-marketing	experimentation
ExperimentResultInterpretationStakeholderReadouts.md	product-growth-and-marketing	experimentation
ExperimentResultInterpretationSynthesisFrames.md	product-growth-and-marketing	experimentation
ExperimentationDecisionMemos.md	product-growth-and-marketing	experimentation
ExperimentationFeedbackTaxonomy.md	product-growth-and-marketing	experimentation
ExperimentationMetricTrees.md	product-growth-and-marketing	experimentation
ExperimentationOperatingCadence.md	product-growth-and-marketing	experimentation
ExperimentationPostLaunchAnalysis.md	product-growth-and-marketing	experimentation
ExperimentationPrioritizationModels.md	product-growth-and-marketing	experimentation
ExperimentationProblemFraming.md	product-growth-and-marketing	experimentation
ExperimentationRiskReviews.md	product-growth-and-marketing	experimentation
ExperimentationRolloutPlanning.md	product-growth-and-marketing	experimentation
ExperimentationStakeholderAlignment.md	product-growth-and-marketing	experimentation
ExploratoryQABoundaryScenarios.md	testing-and-quality-assurance	browser-and-end-to-end-testing
ExploratoryQACoverageStrategy.md	testing-and-quality-assurance	browser-and-end-to-end-testing
ExploratoryQADeterministicTiming.md	testing-and-quality-assurance	browser-and-end-to-end-testing
ExploratoryQAFailureMatrices.md	testing-and-quality-assurance	browser-and-end-to-end-testing
ExploratoryQAFixtureHygiene.md	testing-and-quality-assurance	browser-and-end-to-end-testing
ExploratoryQAMockDiscipline.md	testing-and-quality-assurance	browser-and-end-to-end-testing
ExploratoryQAOracleDesign.md	testing-and-quality-assurance	browser-and-end-to-end-testing
ExploratoryQAParallelExecution.md	testing-and-quality-assurance	browser-and-end-to-end-testing
ExploratoryQAResultInterpretation.md	testing-and-quality-assurance	browser-and-end-to-end-testing
ExploratoryQATriageHeuristics.md	testing-and-quality-assurance	browser-and-end-to-end-testing
ExpressAuthenticationFlows.md	backend-and-api-engineering	backend-framework-patterns
ExpressBackgroundJobPatterns.md	backend-and-api-engineering	backend-framework-patterns
ExpressCacheInvalidation.md	backend-and-api-engineering	backend-framework-patterns
ExpressContractEvolution.md	backend-and-api-engineering	backend-framework-patterns
ExpressErrorModeling.md	backend-and-api-engineering	backend-framework-patterns
ExpressIdempotencyControls.md	backend-and-api-engineering	backend-framework-patterns
ExpressMultiTenantIsolation.md	backend-and-api-engineering	backend-framework-patterns
ExpressObservabilityContracts.md	backend-and-api-engineering	backend-framework-patterns
ExpressPaginationSystems.md	backend-and-api-engineering	backend-framework-patterns
ExpressRateLimitDesign.md	backend-and-api-engineering	backend-framework-patterns
ExtensionBehaviorDebuggingArtifactCapture.md	testing-and-quality-assurance	browser-and-end-to-end-testing
ExtensionBehaviorDebuggingCrossBrowserDrift.md	testing-and-quality-assurance	browser-and-end-to-end-testing
ExtensionBehaviorDebuggingEnvironmentParity.md	testing-and-quality-assurance	browser-and-end-to-end-testing
ExtensionBehaviorDebuggingFailureScreenshots.md	testing-and-quality-assurance	browser-and-end-to-end-testing
ExtensionBehaviorDebuggingFlakeTriage.md	testing-and-quality-assurance	browser-and-end-to-end-testing
ExtensionBehaviorDebuggingRetryWindows.md	testing-and-quality-assurance	browser-and-end-to-end-testing
ExtensionBehaviorDebuggingSelectorResilience.md	testing-and-quality-assurance	browser-and-end-to-end-testing
ExtensionBehaviorDebuggingStateReset.md	testing-and-quality-assurance	browser-and-end-to-end-testing
ExtensionBehaviorDebuggingTimingStability.md	testing-and-quality-assurance	browser-and-end-to-end-testing
ExtensionBehaviorDebuggingUserSimulation.md	testing-and-quality-assurance	browser-and-end-to-end-testing
FAQDeflectionDesignActionabilityChecks.md	customer-and-revenue-operations	support-operations
FAQDeflectionDesignApprovalRouting.md	customer-and-revenue-operations	support-operations
FAQDeflectionDesignExampleCoverage.md	customer-and-revenue-operations	support-operations
FAQDeflectionDesignLinkIntegrity.md	customer-and-revenue-operations	support-operations
FAQDeflectionDesignMaintenanceOwnership.md	customer-and-revenue-operations	support-operations
FAQDeflectionDesignReaderTasks.md	customer-and-revenue-operations	support-operations
FAQDeflectionDesignScreenshotStrategy.md	customer-and-revenue-operations	support-operations
FAQDeflectionDesignSearchKeywords.md	customer-and-revenue-operations	support-operations
FAQDeflectionDesignUpdateTriggers.md	customer-and-revenue-operations	support-operations
FAQDeflectionDesignVersionStamps.md	customer-and-revenue-operations	support-operations
FPGAReleaseManagementDesign.md	specialized-and-systems-engineering	embedded-iot-and-robotics
FPGAReleaseManagementDiagnostics.md	specialized-and-systems-engineering	embedded-iot-and-robotics
FPGAReleaseManagementGovernance.md	specialized-and-systems-engineering	embedded-iot-and-robotics
FPGAReleaseManagementOperations.md	specialized-and-systems-engineering	embedded-iot-and-robotics
FPGAReleaseManagementOptimization.md	specialized-and-systems-engineering	embedded-iot-and-robotics
FPGAReleaseManagementPlanning.md	specialized-and-systems-engineering	embedded-iot-and-robotics
FPGAReleaseManagementPlaybook.md	specialized-and-systems-engineering	embedded-iot-and-robotics
FPGAReleaseManagementReliability.md	specialized-and-systems-engineering	embedded-iot-and-robotics
FPGAReleaseManagementReview.md	specialized-and-systems-engineering	embedded-iot-and-robotics
FPGAReleaseManagementStrategy.md	specialized-and-systems-engineering	embedded-iot-and-robotics
FPGAWorkflowPlanning.md	specialized-and-systems-engineering	embedded-iot-and-robotics
FactModelingGrainDesign.md	data-platform-and-analytics	schema-and-data-contracts
FactModelingGrainDiagnostics.md	data-platform-and-analytics	schema-and-data-contracts
FactModelingGrainGovernance.md	data-platform-and-analytics	schema-and-data-contracts
FactModelingGrainOperations.md	data-platform-and-analytics	schema-and-data-contracts
FactModelingGrainOptimization.md	data-platform-and-analytics	schema-and-data-contracts
FactModelingGrainPlanning.md	data-platform-and-analytics	schema-and-data-contracts
FactModelingGrainPlaybook.md	data-platform-and-analytics	schema-and-data-contracts
FactModelingGrainReliability.md	data-platform-and-analytics	schema-and-data-contracts
FactModelingGrainReview.md	data-platform-and-analytics	schema-and-data-contracts
FactModelingGrainStrategy.md	data-platform-and-analytics	schema-and-data-contracts
FailureDomainIsolationDesign.md	reliability-and-incident-response	resilience-and-failure-isolation
FailureDomainIsolationDiagnostics.md	reliability-and-incident-response	resilience-and-failure-isolation
FailureDomainIsolationGovernance.md	reliability-and-incident-response	resilience-and-failure-isolation
FailureDomainIsolationOperations.md	reliability-and-incident-response	resilience-and-failure-isolation
FailureDomainIsolationOptimization.md	reliability-and-incident-response	resilience-and-failure-isolation
FailureDomainIsolationPlanning.md	reliability-and-incident-response	resilience-and-failure-isolation
FailureDomainIsolationPlaybook.md	reliability-and-incident-response	resilience-and-failure-isolation
FailureDomainIsolationReliability.md	reliability-and-incident-response	resilience-and-failure-isolation
FailureDomainIsolationReview.md	reliability-and-incident-response	resilience-and-failure-isolation
FailureDomainIsolationStrategy.md	reliability-and-incident-response	resilience-and-failure-isolation
FailureInjectionLabBoundaryScenarios.md	testing-and-quality-assurance	browser-and-end-to-end-testing
FailureInjectionLabCoverageStrategy.md	testing-and-quality-assurance	browser-and-end-to-end-testing
FailureInjectionLabDeterministicTiming.md	testing-and-quality-assurance	browser-and-end-to-end-testing
FailureInjectionLabFailureMatrices.md	testing-and-quality-assurance	browser-and-end-to-end-testing
FailureInjectionLabFixtureHygiene.md	testing-and-quality-assurance	browser-and-end-to-end-testing
FailureInjectionLabMockDiscipline.md	testing-and-quality-assurance	browser-and-end-to-end-testing
FailureInjectionLabOracleDesign.md	testing-and-quality-assurance	browser-and-end-to-end-testing
FailureInjectionLabParallelExecution.md	testing-and-quality-assurance	browser-and-end-to-end-testing
FailureInjectionLabResultInterpretation.md	testing-and-quality-assurance	browser-and-end-to-end-testing
FailureInjectionLabTriageHeuristics.md	testing-and-quality-assurance	browser-and-end-to-end-testing
FastAPIAuthenticationFlows.md	backend-and-api-engineering	backend-framework-patterns
FastAPIBackgroundJobPatterns.md	backend-and-api-engineering	backend-framework-patterns
FastAPICacheInvalidation.md	backend-and-api-engineering	backend-framework-patterns
FastAPIContractEvolution.md	backend-and-api-engineering	backend-framework-patterns
FastAPIErrorModeling.md	backend-and-api-engineering	backend-framework-patterns
FastAPIIdempotencyControls.md	backend-and-api-engineering	backend-framework-patterns
FastAPIMultiTenantIsolation.md	backend-and-api-engineering	backend-framework-patterns
FastAPIObservabilityContracts.md	backend-and-api-engineering	backend-framework-patterns
FastAPIPaginationSystems.md	backend-and-api-engineering	backend-framework-patterns
FastAPIRateLimitDesign.md	backend-and-api-engineering	backend-framework-patterns
FeatureEducationOpsCommsPlans.md	product-growth-and-marketing	onboarding-activation-and-retention
FeatureEducationOpsDependencyReviews.md	product-growth-and-marketing	onboarding-activation-and-retention
FeatureEducationOpsEscalationPaths.md	product-growth-and-marketing	onboarding-activation-and-retention
FeatureEducationOpsLearningLoops.md	product-growth-and-marketing	onboarding-activation-and-retention
FeatureEducationOpsMetricSelection.md	product-growth-and-marketing	onboarding-activation-and-retention
FeatureEducationOpsOutcomeInterpretation.md	product-growth-and-marketing	onboarding-activation-and-retention
FeatureEducationOpsPostLaunchCadence.md	product-growth-and-marketing	onboarding-activation-and-retention
FeatureEducationOpsReadinessGates.md	product-growth-and-marketing	onboarding-activation-and-retention
FeatureEducationOpsRiskNarratives.md	product-growth-and-marketing	onboarding-activation-and-retention
FeatureEducationOpsSegmentLogic.md	product-growth-and-marketing	onboarding-activation-and-retention
FeatureFlagOperations.md	platform-and-cloud-infrastructure	ci-cd-and-release-pipelines
FeatureFlagOperationsAccessBoundaries.md	platform-and-cloud-infrastructure	ci-cd-and-release-pipelines
FeatureFlagOperationsAlertTuning.md	platform-and-cloud-infrastructure	ci-cd-and-release-pipelines
FeatureFlagOperationsCapacitySignals.md	platform-and-cloud-infrastructure	ci-cd-and-release-pipelines
FeatureFlagOperationsChangeWindows.md	platform-and-cloud-infrastructure	ci-cd-and-release-pipelines
FeatureFlagOperationsDriftDetection.md	platform-and-cloud-infrastructure	ci-cd-and-release-pipelines
FeatureFlagOperationsDrillScenarios.md	platform-and-cloud-infrastructure	ci-cd-and-release-pipelines
FeatureFlagOperationsEvidenceCapture.md	platform-and-cloud-infrastructure	ci-cd-and-release-pipelines
FeatureFlagOperationsRollbackAutomation.md	platform-and-cloud-infrastructure	ci-cd-and-release-pipelines
FeatureFlagOperationsRunbookDesign.md	platform-and-cloud-infrastructure	ci-cd-and-release-pipelines
FeatureFlagOperationsSafetyRails.md	platform-and-cloud-infrastructure	ci-cd-and-release-pipelines
FeatureFlags.md	platform-and-cloud-infrastructure	ci-cd-and-release-pipelines
FeatureScaffoldingAutomationHooks.md	software-engineering-craft	developer-tooling-and-experience
FeatureScaffoldingChangeScoping.md	software-engineering-craft	developer-tooling-and-experience
FeatureScaffoldingEdgeCaseSweeps.md	software-engineering-craft	developer-tooling-and-experience
FeatureScaffoldingMinimalRepros.md	software-engineering-craft	developer-tooling-and-experience
FeatureScaffoldingPatchDesign.md	software-engineering-craft	developer-tooling-and-experience
FeatureScaffoldingRegressionGuards.md	software-engineering-craft	developer-tooling-and-experience
FeatureScaffoldingRiskRanking.md	software-engineering-craft	developer-tooling-and-experience
FeatureScaffoldingRollbackPlans.md	software-engineering-craft	developer-tooling-and-experience
FeatureScaffoldingTraceIsolation.md	software-engineering-craft	developer-tooling-and-experience
FeatureScaffoldingVerificationLoops.md	software-engineering-craft	developer-tooling-and-experience
FeatureStoreDebuggingAnnotationDisputes.md	ai-and-agent-systems	machine-learning-and-vision
FeatureStoreDebuggingDeploymentGates.md	ai-and-agent-systems	machine-learning-and-vision
FeatureStoreDebuggingErrorBuckets.md	ai-and-agent-systems	machine-learning-and-vision
FeatureStoreDebuggingFeedbackIngestion.md	ai-and-agent-systems	machine-learning-and-vision
FeatureStoreDebuggingGoldSetCuration.md	ai-and-agent-systems	machine-learning-and-vision
FeatureStoreDebuggingModelCardSignals.md	ai-and-agent-systems	machine-learning-and-vision
FeatureStoreDebuggingMonitoringCadence.md	ai-and-agent-systems	machine-learning-and-vision
FeatureStoreDebuggingSamplingStrategies.md	ai-and-agent-systems	machine-learning-and-vision
FeatureStoreDebuggingSliceAnalysis.md	ai-and-agent-systems	machine-learning-and-vision
FeatureStoreDebuggingThresholdPolicies.md	ai-and-agent-systems	machine-learning-and-vision
FeatureStoreMLPipelines.md	ai-and-agent-systems	machine-learning-and-vision
FeedbackTaxonomyDesignDesign.md	customer-and-revenue-operations	feedback-and-voice-of-customer
FeedbackTaxonomyDesignDiagnostics.md	customer-and-revenue-operations	feedback-and-voice-of-customer
FeedbackTaxonomyDesignGovernance.md	customer-and-revenue-operations	feedback-and-voice-of-customer
FeedbackTaxonomyDesignOperations.md	customer-and-revenue-operations	feedback-and-voice-of-customer
FeedbackTaxonomyDesignOptimization.md	customer-and-revenue-operations	feedback-and-voice-of-customer
FeedbackTaxonomyDesignPlanning.md	customer-and-revenue-operations	feedback-and-voice-of-customer
FeedbackTaxonomyDesignPlaybook.md	customer-and-revenue-operations	feedback-and-voice-of-customer
FeedbackTaxonomyDesignReliability.md	customer-and-revenue-operations	feedback-and-voice-of-customer
FeedbackTaxonomyDesignReview.md	customer-and-revenue-operations	feedback-and-voice-of-customer
FeedbackTaxonomyDesignStrategy.md	customer-and-revenue-operations	feedback-and-voice-of-customer
FeedbackTriageBoardsCommsPlans.md	customer-and-revenue-operations	feedback-and-voice-of-customer
FeedbackTriageBoardsDependencyReviews.md	customer-and-revenue-operations	feedback-and-voice-of-customer
FeedbackTriageBoardsEscalationPaths.md	customer-and-revenue-operations	feedback-and-voice-of-customer
FeedbackTriageBoardsLearningLoops.md	customer-and-revenue-operations	feedback-and-voice-of-customer
FeedbackTriageBoardsMetricSelection.md	customer-and-revenue-operations	feedback-and-voice-of-customer
FeedbackTriageBoardsOutcomeInterpretation.md	customer-and-revenue-operations	feedback-and-voice-of-customer
FeedbackTriageBoardsPostLaunchCadence.md	customer-and-revenue-operations	feedback-and-voice-of-customer
FeedbackTriageBoardsReadinessGates.md	customer-and-revenue-operations	feedback-and-voice-of-customer
FeedbackTriageBoardsRiskNarratives.md	customer-and-revenue-operations	feedback-and-voice-of-customer
FeedbackTriageBoardsSegmentLogic.md	customer-and-revenue-operations	feedback-and-voice-of-customer
Fennel.md	software-engineering-craft	languages
FigmaToCode.md	frontend-and-user-experience	design-systems-and-visual-design
FileMediaHandling.md	backend-and-api-engineering	service-architecture-and-decomposition
FileProcessingPipelinesConstraintMapping.md	data-platform-and-analytics	pipelines-and-ingestion
FileProcessingPipelinesDataOwnership.md	data-platform-and-analytics	pipelines-and-ingestion
FileProcessingPipelinesDependencyGraphs.md	data-platform-and-analytics	pipelines-and-ingestion
FileProcessingPipelinesFailureBudgets.md	data-platform-and-analytics	pipelines-and-ingestion
FileProcessingPipelinesInterfaceContracts.md	data-platform-and-analytics	pipelines-and-ingestion
FileProcessingPipelinesMigrationSeams.md	data-platform-and-analytics	pipelines-and-ingestion
FileProcessingPipelinesOperabilityHooks.md	data-platform-and-analytics	pipelines-and-ingestion
FileProcessingPipelinesRolloutPhases.md	data-platform-and-analytics	pipelines-and-ingestion
FileProcessingPipelinesScalingPaths.md	data-platform-and-analytics	pipelines-and-ingestion
FileProcessingPipelinesTradeoffReviews.md	data-platform-and-analytics	pipelines-and-ingestion
FileStorageUploads.md	backend-and-api-engineering	service-architecture-and-decomposition
FileTransferOperationsAlertEscalations.md	backend-and-api-engineering	integrations-and-webhooks
FileTransferOperationsDeadLetterHandling.md	backend-and-api-engineering	integrations-and-webhooks
FileTransferOperationsDeliveryAudits.md	backend-and-api-engineering	integrations-and-webhooks
FileTransferOperationsIdempotencyWindows.md	backend-and-api-engineering	integrations-and-webhooks
FileTransferOperationsMappingValidation.md	backend-and-api-engineering	integrations-and-webhooks
FileTransferOperationsReplayStrategies.md	backend-and-api-engineering	integrations-and-webhooks
FileTransferOperationsRetryContracts.md	backend-and-api-engineering	integrations-and-webhooks
FileTransferOperationsSchemaGuardrails.md	backend-and-api-engineering	integrations-and-webhooks
FileTransferOperationsSecretRotation.md	backend-and-api-engineering	integrations-and-webhooks
FileTransferOperationsThroughputLimits.md	backend-and-api-engineering	integrations-and-webhooks
FinancialModeling.md	product-and-project-management	strategy-and-business-planning
FineTuningCostControl.md	ai-and-agent-systems	model-serving-and-cost
FineTuningDataContracts.md	ai-and-agent-systems	model-serving-and-cost
FineTuningEvaluationRubrics.md	ai-and-agent-systems	model-serving-and-cost
FineTuningExperimentTracking.md	ai-and-agent-systems	model-serving-and-cost
FineTuningFailureAnalysis.md	ai-and-agent-systems	model-serving-and-cost
FineTuningHumanReviewLoops.md	ai-and-agent-systems	model-serving-and-cost
FineTuningLatencyBudgets.md	ai-and-agent-systems	model-serving-and-cost
FineTuningProductionRollouts.md	ai-and-agent-systems	model-serving-and-cost
FineTuningSafetyDesign.md	ai-and-agent-systems	model-serving-and-cost
FineTuningToolReliability.md	ai-and-agent-systems	model-serving-and-cost
FlakyTestRepairBoundaryScenarios.md	testing-and-quality-assurance	flaky-tests-and-determinism
FlakyTestRepairCoverageStrategy.md	testing-and-quality-assurance	flaky-tests-and-determinism
FlakyTestRepairDeterministicTiming.md	testing-and-quality-assurance	flaky-tests-and-determinism
FlakyTestRepairFailureMatrices.md	testing-and-quality-assurance	flaky-tests-and-determinism
FlakyTestRepairFixtureHygiene.md	testing-and-quality-assurance	flaky-tests-and-determinism
FlakyTestRepairMockDiscipline.md	testing-and-quality-assurance	flaky-tests-and-determinism
FlakyTestRepairOracleDesign.md	testing-and-quality-assurance	flaky-tests-and-determinism
FlakyTestRepairParallelExecution.md	testing-and-quality-assurance	flaky-tests-and-determinism
FlakyTestRepairResultInterpretation.md	testing-and-quality-assurance	flaky-tests-and-determinism
FlakyTestRepairTriageHeuristics.md	testing-and-quality-assurance	flaky-tests-and-determinism
FollowupReminderDesignArtifactTemplates.md	product-and-project-management	planning-cadence-and-delivery
FollowupReminderDesignCompletionProofs.md	product-and-project-management	planning-cadence-and-delivery
FollowupReminderDesignContextCompression.md	product-and-project-management	planning-cadence-and-delivery
FollowupReminderDesignEscalationTriggers.md	product-and-project-management	planning-cadence-and-delivery
FollowupReminderDesignOwnershipHandoffs.md	product-and-project-management	planning-cadence-and-delivery
FollowupReminderDesignReviewRhythms.md	product-and-project-management	planning-cadence-and-delivery
FollowupReminderDesignRiskNotes.md	product-and-project-management	planning-cadence-and-delivery
FollowupReminderDesignStakeholderVisibility.md	product-and-project-management	planning-cadence-and-delivery
FollowupReminderDesignUpdateCadence.md	product-and-project-management	planning-cadence-and-delivery
FollowupReminderDesignUrgencyScoring.md	product-and-project-management	planning-cadence-and-delivery
ForecastBacktestingAnnotationDisputes.md	ai-and-agent-systems	machine-learning-and-vision
ForecastBacktestingDeploymentGates.md	ai-and-agent-systems	machine-learning-and-vision
ForecastBacktestingErrorBuckets.md	ai-and-agent-systems	machine-learning-and-vision
ForecastBacktestingFeedbackIngestion.md	ai-and-agent-systems	machine-learning-and-vision
ForecastBacktestingGoldSetCuration.md	ai-and-agent-systems	machine-learning-and-vision
ForecastBacktestingModelCardSignals.md	ai-and-agent-systems	machine-learning-and-vision
ForecastBacktestingMonitoringCadence.md	ai-and-agent-systems	machine-learning-and-vision
ForecastBacktestingSamplingStrategies.md	ai-and-agent-systems	machine-learning-and-vision
ForecastBacktestingSliceAnalysis.md	ai-and-agent-systems	machine-learning-and-vision
ForecastBacktestingThresholdPolicies.md	ai-and-agent-systems	machine-learning-and-vision
ForecastModelingAnomalyTriage.md	data-platform-and-analytics	metrics-and-analytics
ForecastModelingChangeImpact.md	data-platform-and-analytics	metrics-and-analytics
ForecastModelingConsumerReadiness.md	data-platform-and-analytics	metrics-and-analytics
ForecastModelingCostDiagnostics.md	data-platform-and-analytics	metrics-and-analytics
ForecastModelingFreshnessMonitoring.md	data-platform-and-analytics	metrics-and-analytics
ForecastModelingQueryPlans.md	data-platform-and-analytics	metrics-and-analytics
ForecastModelingReconciliationChecks.md	data-platform-and-analytics	metrics-and-analytics
ForecastModelingRetentionPolicies.md	data-platform-and-analytics	metrics-and-analytics
ForecastModelingSemanticContracts.md	data-platform-and-analytics	metrics-and-analytics
ForecastModelingValidationSuites.md	data-platform-and-analytics	metrics-and-analytics
FormAutofillRecoveryArtifactCapture.md	testing-and-quality-assurance	browser-and-end-to-end-testing
FormAutofillRecoveryCrossBrowserDrift.md	testing-and-quality-assurance	browser-and-end-to-end-testing
FormAutofillRecoveryEnvironmentParity.md	testing-and-quality-assurance	browser-and-end-to-end-testing
FormAutofillRecoveryFailureScreenshots.md	testing-and-quality-assurance	browser-and-end-to-end-testing
FormAutofillRecoveryFlakeTriage.md	testing-and-quality-assurance	browser-and-end-to-end-testing
FormAutofillRecoveryRetryWindows.md	testing-and-quality-assurance	browser-and-end-to-end-testing
FormAutofillRecoverySelectorResilience.md	testing-and-quality-assurance	browser-and-end-to-end-testing
FormAutofillRecoveryStateReset.md	testing-and-quality-assurance	browser-and-end-to-end-testing
FormAutofillRecoveryTimingStability.md	testing-and-quality-assurance	browser-and-end-to-end-testing
FormAutofillRecoveryUserSimulation.md	testing-and-quality-assurance	browser-and-end-to-end-testing
FormInteractionRecoveryAccessibilityProofs.md	testing-and-quality-assurance	browser-and-end-to-end-testing
FormInteractionRecoveryDeviceCoverage.md	testing-and-quality-assurance	browser-and-end-to-end-testing
FormInteractionRecoveryEdgeStateMatrices.md	testing-and-quality-assurance	browser-and-end-to-end-testing
FormInteractionRecoveryFailureRecovery.md	testing-and-quality-assurance	browser-and-end-to-end-testing
FormInteractionRecoveryHandoffSpecs.md	testing-and-quality-assurance	browser-and-end-to-end-testing
FormInteractionRecoveryInteractionLatency.md	testing-and-quality-assurance	browser-and-end-to-end-testing
FormInteractionRecoveryRegressionScreens.md	testing-and-quality-assurance	browser-and-end-to-end-testing
FormInteractionRecoveryStateBoundaries.md	testing-and-quality-assurance	browser-and-end-to-end-testing
FormInteractionRecoveryTestObservability.md	testing-and-quality-assurance	browser-and-end-to-end-testing
FormInteractionRecoveryVisualContracts.md	testing-and-quality-assurance	browser-and-end-to-end-testing
FormValidationArchitectureDesign.md	frontend-and-user-experience	ux-research-and-interaction-design
FormValidationArchitectureDiagnostics.md	frontend-and-user-experience	ux-research-and-interaction-design
FormValidationArchitectureGovernance.md	frontend-and-user-experience	ux-research-and-interaction-design
FormValidationArchitectureOperations.md	frontend-and-user-experience	ux-research-and-interaction-design
FormValidationArchitectureOptimization.md	frontend-and-user-experience	ux-research-and-interaction-design
FormValidationArchitecturePlanning.md	frontend-and-user-experience	ux-research-and-interaction-design
FormValidationArchitecturePlaybook.md	frontend-and-user-experience	ux-research-and-interaction-design
FormValidationArchitectureReliability.md	frontend-and-user-experience	ux-research-and-interaction-design
FormValidationArchitectureReview.md	frontend-and-user-experience	ux-research-and-interaction-design
FormValidationArchitectureStrategy.md	frontend-and-user-experience	ux-research-and-interaction-design
FormalVerification.md	specialized-and-systems-engineering	scientific-and-emerging-computing
FraudCaseTriageBlastRadiusNotes.md	security-and-trust	abuse-and-fraud-defense
FraudCaseTriageControlCoverage.md	security-and-trust	abuse-and-fraud-defense
FraudCaseTriageEscalationMatrices.md	security-and-trust	abuse-and-fraud-defense
FraudCaseTriageEvidenceRetention.md	security-and-trust	abuse-and-fraud-defense
FraudCaseTriageExceptionExpiry.md	security-and-trust	abuse-and-fraud-defense
FraudCaseTriagePolicyDiffs.md	security-and-trust	abuse-and-fraud-defense
FraudCaseTriageRecoveryProofs.md	security-and-trust	abuse-and-fraud-defense
FraudCaseTriageReviewerRouting.md	security-and-trust	abuse-and-fraud-defense
FraudCaseTriageSignalCorrelation.md	security-and-trust	abuse-and-fraud-defense
FraudCaseTriageTamperResistance.md	security-and-trust	abuse-and-fraud-defense
FraudSignalsAnalysis.md	security-and-trust	abuse-and-fraud-defense
FraudSignalsAutomation.md	security-and-trust	abuse-and-fraud-defense
FraudSignalsDesign.md	security-and-trust	abuse-and-fraud-defense
FraudSignalsDiagnostics.md	security-and-trust	abuse-and-fraud-defense
FraudSignalsGovernance.md	security-and-trust	abuse-and-fraud-defense
FraudSignalsOperations.md	security-and-trust	abuse-and-fraud-defense
FraudSignalsOptimization.md	security-and-trust	abuse-and-fraud-defense
FraudSignalsPlanning.md	security-and-trust	abuse-and-fraud-defense
FraudSignalsReview.md	security-and-trust	abuse-and-fraud-defense
FraudSignalsStrategy.md	security-and-trust	abuse-and-fraud-defense
FrontendArchitecture.md	frontend-and-user-experience	frontend-frameworks-and-performance
FrontendErrorHandling.md	frontend-and-user-experience	frontend-frameworks-and-performance
FrontendObservabilitySignalsDesign.md	frontend-and-user-experience	frontend-frameworks-and-performance
FrontendObservabilitySignalsDiagnostics.md	frontend-and-user-experience	frontend-frameworks-and-performance
FrontendObservabilitySignalsGovernance.md	frontend-and-user-experience	frontend-frameworks-and-performance
FrontendObservabilitySignalsOperations.md	frontend-and-user-experience	frontend-frameworks-and-performance
FrontendObservabilitySignalsOptimization.md	frontend-and-user-experience	frontend-frameworks-and-performance
FrontendObservabilitySignalsPlanning.md	frontend-and-user-experience	frontend-frameworks-and-performance
FrontendObservabilitySignalsPlaybook.md	frontend-and-user-experience	frontend-frameworks-and-performance
FrontendObservabilitySignalsReliability.md	frontend-and-user-experience	frontend-frameworks-and-performance
FrontendObservabilitySignalsReview.md	frontend-and-user-experience	frontend-frameworks-and-performance
FrontendObservabilitySignalsStrategy.md	frontend-and-user-experience	frontend-frameworks-and-performance
FrontendTelemetryDesignAccessibilityProofs.md	frontend-and-user-experience	frontend-frameworks-and-performance
FrontendTelemetryDesignDeviceCoverage.md	frontend-and-user-experience	frontend-frameworks-and-performance
FrontendTelemetryDesignEdgeStateMatrices.md	frontend-and-user-experience	frontend-frameworks-and-performance
FrontendTelemetryDesignFailureRecovery.md	frontend-and-user-experience	frontend-frameworks-and-performance
FrontendTelemetryDesignHandoffSpecs.md	frontend-and-user-experience	frontend-frameworks-and-performance
FrontendTelemetryDesignInteractionLatency.md	frontend-and-user-experience	frontend-frameworks-and-performance
FrontendTelemetryDesignRegressionScreens.md	frontend-and-user-experience	frontend-frameworks-and-performance
FrontendTelemetryDesignStateBoundaries.md	frontend-and-user-experience	frontend-frameworks-and-performance
FrontendTelemetryDesignTestObservability.md	frontend-and-user-experience	frontend-frameworks-and-performance
FrontendTelemetryDesignVisualContracts.md	frontend-and-user-experience	frontend-frameworks-and-performance
FunctionalProgramming.md	software-engineering-craft	algorithms-and-fundamentals
FundraisingVenture.md	product-and-project-management	strategy-and-business-planning
FunnelAttributionModelsDesign.md	data-platform-and-analytics	metrics-and-analytics
FunnelAttributionModelsDiagnostics.md	data-platform-and-analytics	metrics-and-analytics
FunnelAttributionModelsGovernance.md	data-platform-and-analytics	metrics-and-analytics
FunnelAttributionModelsOperations.md	data-platform-and-analytics	metrics-and-analytics
FunnelAttributionModelsOptimization.md	data-platform-and-analytics	metrics-and-analytics
FunnelAttributionModelsPlanning.md	data-platform-and-analytics	metrics-and-analytics
FunnelAttributionModelsPlaybook.md	data-platform-and-analytics	metrics-and-analytics
FunnelAttributionModelsReliability.md	data-platform-and-analytics	metrics-and-analytics
FunnelAttributionModelsReview.md	data-platform-and-analytics	metrics-and-analytics
FunnelAttributionModelsStrategy.md	data-platform-and-analytics	metrics-and-analytics
GCPAutomationSafety.md	platform-and-cloud-infrastructure	cloud-and-kubernetes-operations
GCPCapacityForecasting.md	platform-and-cloud-infrastructure	capacity-and-cost-governance
GCPCostGovernance.md	platform-and-cloud-infrastructure	capacity-and-cost-governance
GCPDeploymentRollouts.md	platform-and-cloud-infrastructure	ci-cd-and-release-pipelines
GCPEnvironmentPromotion.md	platform-and-cloud-infrastructure	ci-cd-and-release-pipelines
GCPFailureRecovery.md	platform-and-cloud-infrastructure	cloud-and-kubernetes-operations
GCPIncidentTriage.md	platform-and-cloud-infrastructure	cloud-and-kubernetes-operations
GCPObservabilityDesign.md	platform-and-cloud-infrastructure	cloud-and-kubernetes-operations
GCPPolicyAutomation.md	platform-and-cloud-infrastructure	cloud-and-kubernetes-operations
GCPSecretsManagement.md	security-and-trust	secrets-and-key-management
GPT4o.md	ai-and-agent-systems	model-provider-guides
GPUCapacitySchedulingDesign.md	platform-and-cloud-infrastructure	capacity-and-cost-governance
GPUCapacitySchedulingDiagnostics.md	platform-and-cloud-infrastructure	capacity-and-cost-governance
GPUCapacitySchedulingGovernance.md	platform-and-cloud-infrastructure	capacity-and-cost-governance
GPUCapacitySchedulingOperations.md	platform-and-cloud-infrastructure	capacity-and-cost-governance
GPUCapacitySchedulingOptimization.md	platform-and-cloud-infrastructure	capacity-and-cost-governance
GPUCapacitySchedulingPlanning.md	platform-and-cloud-infrastructure	capacity-and-cost-governance
GPUCapacitySchedulingPlaybook.md	platform-and-cloud-infrastructure	capacity-and-cost-governance
GPUCapacitySchedulingReliability.md	platform-and-cloud-infrastructure	capacity-and-cost-governance
GPUCapacitySchedulingReview.md	platform-and-cloud-infrastructure	capacity-and-cost-governance
GPUCapacitySchedulingStrategy.md	platform-and-cloud-infrastructure	capacity-and-cost-governance
GPUProgramming.md	specialized-and-systems-engineering	hardware-and-computer-architecture
GPUWorkloadDiagnosticsBenchmarkDesign.md	ai-and-agent-systems	model-serving-and-cost
GPUWorkloadDiagnosticsDeploymentConstraints.md	ai-and-agent-systems	model-serving-and-cost
GPUWorkloadDiagnosticsFailureModels.md	ai-and-agent-systems	model-serving-and-cost
GPUWorkloadDiagnosticsObservabilityHooks.md	ai-and-agent-systems	model-serving-and-cost
GPUWorkloadDiagnosticsOptimizationBoundaries.md	ai-and-agent-systems	model-serving-and-cost
GPUWorkloadDiagnosticsRecoveryLogic.md	ai-and-agent-systems	model-serving-and-cost
GPUWorkloadDiagnosticsReproHarnesses.md	ai-and-agent-systems	model-serving-and-cost
GPUWorkloadDiagnosticsResourceBudgets.md	ai-and-agent-systems	model-serving-and-cost
GPUWorkloadDiagnosticsSafetyMargins.md	ai-and-agent-systems	model-serving-and-cost
GPUWorkloadDiagnosticsStateInspection.md	ai-and-agent-systems	model-serving-and-cost
GPUWorkloadScheduling.md	ai-and-agent-systems	model-serving-and-cost
GRPCAuthenticationFlows.md	backend-and-api-engineering	backend-framework-patterns
GRPCBackgroundJobPatterns.md	backend-and-api-engineering	backend-framework-patterns
GRPCCacheInvalidation.md	backend-and-api-engineering	backend-framework-patterns
GRPCContractEvolution.md	backend-and-api-engineering	backend-framework-patterns
GRPCErrorModeling.md	backend-and-api-engineering	backend-framework-patterns
GRPCIdempotencyControls.md	backend-and-api-engineering	backend-framework-patterns
GRPCMultiTenantIsolation.md	backend-and-api-engineering	backend-framework-patterns
GRPCObservabilityContracts.md	backend-and-api-engineering	backend-framework-patterns
GRPCPaginationSystems.md	backend-and-api-engineering	backend-framework-patterns
GRPCRateLimitDesign.md	backend-and-api-engineering	backend-framework-patterns
GameDevelopment.md	specialized-and-systems-engineering	graphics-games-and-media-engineering
GameDevelopmentAPIDesign.md	specialized-and-systems-engineering	graphics-games-and-media-engineering
GameDevelopmentArchitecturePatterns.md	specialized-and-systems-engineering	graphics-games-and-media-engineering
GameDevelopmentDebuggingTactics.md	specialized-and-systems-engineering	graphics-games-and-media-engineering
GameDevelopmentFailureAnalysis.md	specialized-and-systems-engineering	graphics-games-and-media-engineering
GameDevelopmentMemorySafety.md	specialized-and-systems-engineering	graphics-games-and-media-engineering
GameDevelopmentOptimizationPlaybooks.md	specialized-and-systems-engineering	graphics-games-and-media-engineering
GameDevelopmentPerformanceModels.md	specialized-and-systems-engineering	graphics-games-and-media-engineering
GameDevelopmentStateMachines.md	specialized-and-systems-engineering	graphics-games-and-media-engineering
GameDevelopmentTestStrategies.md	specialized-and-systems-engineering	graphics-games-and-media-engineering
GameDevelopmentToolingWorkflows.md	specialized-and-systems-engineering	graphics-games-and-media-engineering
GameSystemsDesignAPIDesign.md	specialized-and-systems-engineering	graphics-games-and-media-engineering
GameSystemsDesignArchitecturePatterns.md	specialized-and-systems-engineering	graphics-games-and-media-engineering
GameSystemsDesignDebuggingTactics.md	specialized-and-systems-engineering	graphics-games-and-media-engineering
GameSystemsDesignFailureAnalysis.md	specialized-and-systems-engineering	graphics-games-and-media-engineering
GameSystemsDesignMemorySafety.md	specialized-and-systems-engineering	graphics-games-and-media-engineering
GameSystemsDesignOptimizationPlaybooks.md	specialized-and-systems-engineering	graphics-games-and-media-engineering
GameSystemsDesignPerformanceModels.md	specialized-and-systems-engineering	graphics-games-and-media-engineering
GameSystemsDesignStateMachines.md	specialized-and-systems-engineering	graphics-games-and-media-engineering
GameSystemsDesignTestStrategies.md	specialized-and-systems-engineering	graphics-games-and-media-engineering
GameSystemsDesignToolingWorkflows.md	specialized-and-systems-engineering	graphics-games-and-media-engineering
Gemini.md	ai-and-agent-systems	model-provider-guides
Gemma3.md	ai-and-agent-systems	model-provider-guides
GeospatialDataSystems.md	data-platform-and-analytics	databases-and-warehouses
GeospatialIndexTuningDesign.md	data-platform-and-analytics	databases-and-warehouses
GeospatialIndexTuningDiagnostics.md	data-platform-and-analytics	databases-and-warehouses
GeospatialIndexTuningGovernance.md	data-platform-and-analytics	databases-and-warehouses
GeospatialIndexTuningOperations.md	data-platform-and-analytics	databases-and-warehouses
GeospatialIndexTuningOptimization.md	data-platform-and-analytics	databases-and-warehouses
GeospatialIndexTuningPlanning.md	data-platform-and-analytics	databases-and-warehouses
GeospatialIndexTuningPlaybook.md	data-platform-and-analytics	databases-and-warehouses
GeospatialIndexTuningReliability.md	data-platform-and-analytics	databases-and-warehouses
GeospatialIndexTuningReview.md	data-platform-and-analytics	databases-and-warehouses
GeospatialIndexTuningStrategy.md	data-platform-and-analytics	databases-and-warehouses
GitAdvanced.md	software-engineering-craft	version-control-and-builds
GitGuardrails.md	software-engineering-craft	version-control-and-builds
GitHub.md	software-engineering-craft	version-control-and-builds
GitHubActionsAutomationSafety.md	platform-and-cloud-infrastructure	ci-cd-and-release-pipelines
GitHubActionsCapacityForecasting.md	platform-and-cloud-infrastructure	ci-cd-and-release-pipelines
GitHubActionsCostGovernance.md	platform-and-cloud-infrastructure	ci-cd-and-release-pipelines
GitHubActionsDeploymentRollouts.md	platform-and-cloud-infrastructure	ci-cd-and-release-pipelines
GitHubActionsEnvironmentPromotion.md	platform-and-cloud-infrastructure	ci-cd-and-release-pipelines
GitHubActionsFailureRecovery.md	platform-and-cloud-infrastructure	ci-cd-and-release-pipelines
GitHubActionsIncidentTriage.md	platform-and-cloud-infrastructure	ci-cd-and-release-pipelines
GitHubActionsObservabilityDesign.md	platform-and-cloud-infrastructure	ci-cd-and-release-pipelines
GitHubActionsPolicyAutomation.md	platform-and-cloud-infrastructure	ci-cd-and-release-pipelines
GitHubActionsSecretsManagement.md	platform-and-cloud-infrastructure	ci-cd-and-release-pipelines
GitHub_Actions.md	platform-and-cloud-infrastructure	ci-cd-and-release-pipelines
GitLab.md	software-engineering-craft	version-control-and-builds
GitWorkflow.md	software-engineering-craft	version-control-and-builds
Gleam.md	software-engineering-craft	languages
GoBuildToolchains.md	software-engineering-craft	version-control-and-builds
GoConcurrencyPatterns.md	software-engineering-craft	languages
GoDebugWorkflows.md	software-engineering-craft	languages
GoErrorSemantics.md	software-engineering-craft	languages
GoInteropBoundaries.md	software-engineering-craft	languages
GoPackagePublishing.md	software-engineering-craft	version-control-and-builds
GoPerformanceProfiling.md	software-engineering-craft	languages
GoRefactorMechanics.md	software-engineering-craft	code-quality-and-refactoring
GoTestHarnessDesign.md	software-engineering-craft	languages
GoTypeArchitecture.md	software-engineering-craft	languages
GpuOrchestrationAnalysis.md	platform-and-cloud-infrastructure	capacity-and-cost-governance
GpuOrchestrationAutomation.md	platform-and-cloud-infrastructure	capacity-and-cost-governance
GpuOrchestrationDesign.md	platform-and-cloud-infrastructure	capacity-and-cost-governance
GpuOrchestrationDiagnostics.md	platform-and-cloud-infrastructure	capacity-and-cost-governance
GpuOrchestrationGovernance.md	platform-and-cloud-infrastructure	capacity-and-cost-governance
GpuOrchestrationOperations.md	platform-and-cloud-infrastructure	capacity-and-cost-governance
GpuOrchestrationOptimization.md	platform-and-cloud-infrastructure	capacity-and-cost-governance
GpuOrchestrationPlanning.md	platform-and-cloud-infrastructure	capacity-and-cost-governance
GpuOrchestrationReview.md	platform-and-cloud-infrastructure	capacity-and-cost-governance
GpuOrchestrationStrategy.md	platform-and-cloud-infrastructure	capacity-and-cost-governance
GraphDatabases.md	data-platform-and-analytics	databases-and-warehouses
GraphQL.md	backend-and-api-engineering	api-design-and-lifecycle
GraphQLAuthenticationFlows.md	backend-and-api-engineering	backend-framework-patterns
GraphQLBackgroundJobPatterns.md	backend-and-api-engineering	backend-framework-patterns
GraphQLCacheInvalidation.md	backend-and-api-engineering	backend-framework-patterns
GraphQLContractEvolution.md	backend-and-api-engineering	backend-framework-patterns
GraphQLDesign.md	backend-and-api-engineering	api-design-and-lifecycle
GraphQLErrorModeling.md	backend-and-api-engineering	backend-framework-patterns
GraphQLIdempotencyControls.md	backend-and-api-engineering	backend-framework-patterns
GraphQLMultiTenantIsolation.md	backend-and-api-engineering	backend-framework-patterns
GraphQLObservabilityContracts.md	backend-and-api-engineering	backend-framework-patterns
GraphQLPaginationSystems.md	backend-and-api-engineering	backend-framework-patterns
GraphQLRateLimitDesign.md	backend-and-api-engineering	backend-framework-patterns
Graphic-Design-Print.md	frontend-and-user-experience	design-systems-and-visual-design
GraphicsProgrammingAPIDesign.md	specialized-and-systems-engineering	graphics-games-and-media-engineering
GraphicsProgrammingArchitecturePatterns.md	specialized-and-systems-engineering	graphics-games-and-media-engineering
GraphicsProgrammingDebuggingTactics.md	specialized-and-systems-engineering	graphics-games-and-media-engineering
GraphicsProgrammingFailureAnalysis.md	specialized-and-systems-engineering	graphics-games-and-media-engineering
GraphicsProgrammingMemorySafety.md	specialized-and-systems-engineering	graphics-games-and-media-engineering
GraphicsProgrammingOptimizationPlaybooks.md	specialized-and-systems-engineering	graphics-games-and-media-engineering
GraphicsProgrammingPerformanceModels.md	specialized-and-systems-engineering	graphics-games-and-media-engineering
GraphicsProgrammingStateMachines.md	specialized-and-systems-engineering	graphics-games-and-media-engineering
GraphicsProgrammingTestStrategies.md	specialized-and-systems-engineering	graphics-games-and-media-engineering
GraphicsProgrammingToolingWorkflows.md	specialized-and-systems-engineering	graphics-games-and-media-engineering
GraphicsSystemsProgrammingAPIDesign.md	specialized-and-systems-engineering	graphics-games-and-media-engineering
GraphicsSystemsProgrammingArchitecturePatterns.md	specialized-and-systems-engineering	graphics-games-and-media-engineering
GraphicsSystemsProgrammingDebuggingTactics.md	specialized-and-systems-engineering	graphics-games-and-media-engineering
GraphicsSystemsProgrammingFailureAnalysis.md	specialized-and-systems-engineering	graphics-games-and-media-engineering
GraphicsSystemsProgrammingMemorySafety.md	specialized-and-systems-engineering	graphics-games-and-media-engineering
GraphicsSystemsProgrammingOptimizationPlaybooks.md	specialized-and-systems-engineering	graphics-games-and-media-engineering
GraphicsSystemsProgrammingPerformanceModels.md	specialized-and-systems-engineering	graphics-games-and-media-engineering
GraphicsSystemsProgrammingStateMachines.md	specialized-and-systems-engineering	graphics-games-and-media-engineering
GraphicsSystemsProgrammingTestStrategies.md	specialized-and-systems-engineering	graphics-games-and-media-engineering
GraphicsSystemsProgrammingToolingWorkflows.md	specialized-and-systems-engineering	graphics-games-and-media-engineering
Grok.md	ai-and-agent-systems	model-provider-guides
Groq.md	ai-and-agent-systems	model-provider-guides
GrowthExperimentation.md	product-growth-and-marketing	experimentation
GrowthLoopDesignFollowupLoops.md	product-growth-and-marketing	acquisition-funnels-and-campaigns
GrowthLoopDesignLearningAgenda.md	product-growth-and-marketing	acquisition-funnels-and-campaigns
GrowthLoopDesignObjectionHandling.md	product-growth-and-marketing	acquisition-funnels-and-campaigns
GrowthLoopDesignProblemFraming.md	product-growth-and-marketing	acquisition-funnels-and-campaigns
GrowthLoopDesignRiskScoring.md	product-growth-and-marketing	acquisition-funnels-and-campaigns
GrowthLoopDesignRolloutRules.md	product-growth-and-marketing	acquisition-funnels-and-campaigns
GrowthLoopDesignSegmentationLogic.md	product-growth-and-marketing	acquisition-funnels-and-campaigns
GrowthLoopDesignStakeholderMaps.md	product-growth-and-marketing	acquisition-funnels-and-campaigns
GrowthLoopDesignSuccessMetrics.md	product-growth-and-marketing	acquisition-funnels-and-campaigns
GrowthLoopDesignTradeoffNarratives.md	product-growth-and-marketing	acquisition-funnels-and-campaigns
GrowthLoopsDecisionMemos.md	product-growth-and-marketing	acquisition-funnels-and-campaigns
GrowthLoopsFeedbackTaxonomy.md	product-growth-and-marketing	acquisition-funnels-and-campaigns
GrowthLoopsMetricTrees.md	product-growth-and-marketing	acquisition-funnels-and-campaigns
GrowthLoopsOperatingCadence.md	product-growth-and-marketing	acquisition-funnels-and-campaigns
GrowthLoopsPostLaunchAnalysis.md	product-growth-and-marketing	acquisition-funnels-and-campaigns
GrowthLoopsPrioritizationModels.md	product-growth-and-marketing	acquisition-funnels-and-campaigns
GrowthLoopsProblemFraming.md	product-growth-and-marketing	acquisition-funnels-and-campaigns
GrowthLoopsRiskReviews.md	product-growth-and-marketing	acquisition-funnels-and-campaigns
GrowthLoopsRolloutPlanning.md	product-growth-and-marketing	acquisition-funnels-and-campaigns
GrowthLoopsStakeholderAlignment.md	product-growth-and-marketing	acquisition-funnels-and-campaigns
GuardrailPolicyOpsComparisonRuns.md	ai-and-agent-systems	safety-and-guardrails
GuardrailPolicyOpsEscalationRules.md	ai-and-agent-systems	safety-and-guardrails
GuardrailPolicyOpsFailureLabels.md	ai-and-agent-systems	safety-and-guardrails
GuardrailPolicyOpsHumanOverride.md	ai-and-agent-systems	safety-and-guardrails
GuardrailPolicyOpsPromptVersioning.md	ai-and-agent-systems	safety-and-guardrails
GuardrailPolicyOpsQualityGates.md	ai-and-agent-systems	safety-and-guardrails
GuardrailPolicyOpsSafetyThresholds.md	ai-and-agent-systems	safety-and-guardrails
GuardrailPolicyOpsTaskContracts.md	ai-and-agent-systems	safety-and-guardrails
GuardrailPolicyOpsToolReliability.md	ai-and-agent-systems	safety-and-guardrails
GuardrailPolicyOpsTraceReview.md	ai-and-agent-systems	safety-and-guardrails
GuardrailsCostControl.md	ai-and-agent-systems	safety-and-guardrails
GuardrailsDataContracts.md	ai-and-agent-systems	safety-and-guardrails
GuardrailsEvaluationRubrics.md	ai-and-agent-systems	safety-and-guardrails
GuardrailsExperimentTracking.md	ai-and-agent-systems	safety-and-guardrails
GuardrailsFailureAnalysis.md	ai-and-agent-systems	safety-and-guardrails
GuardrailsHumanReviewLoops.md	ai-and-agent-systems	safety-and-guardrails
GuardrailsLatencyBudgets.md	ai-and-agent-systems	safety-and-guardrails
GuardrailsProductionRollouts.md	ai-and-agent-systems	safety-and-guardrails
GuardrailsSafetyDesign.md	ai-and-agent-systems	safety-and-guardrails
GuardrailsToolReliability.md	ai-and-agent-systems	safety-and-guardrails
Haxe.md	software-engineering-craft	languages
HazardDetectionForwarding.md	specialized-and-systems-engineering	hardware-and-computer-architecture
HiringInterviewing.md	people-and-engineering-management	hiring-and-interviewing
HumanLabelCalibrationAnnotationDisputes.md	ai-and-agent-systems	evaluation-and-labeling
HumanLabelCalibrationDeploymentGates.md	ai-and-agent-systems	evaluation-and-labeling
HumanLabelCalibrationErrorBuckets.md	ai-and-agent-systems	evaluation-and-labeling
HumanLabelCalibrationFeedbackIngestion.md	ai-and-agent-systems	evaluation-and-labeling
HumanLabelCalibrationGoldSetCuration.md	ai-and-agent-systems	evaluation-and-labeling
HumanLabelCalibrationModelCardSignals.md	ai-and-agent-systems	evaluation-and-labeling
HumanLabelCalibrationMonitoringCadence.md	ai-and-agent-systems	evaluation-and-labeling
HumanLabelCalibrationSamplingStrategies.md	ai-and-agent-systems	evaluation-and-labeling
HumanLabelCalibrationSliceAnalysis.md	ai-and-agent-systems	evaluation-and-labeling
HumanLabelCalibrationThresholdPolicies.md	ai-and-agent-systems	evaluation-and-labeling
HumanReviewQueuesCostBudgets.md	ai-and-agent-systems	evaluation-and-labeling
HumanReviewQueuesExperimentTracking.md	ai-and-agent-systems	evaluation-and-labeling
HumanReviewQueuesFailureTaxonomy.md	ai-and-agent-systems	evaluation-and-labeling
HumanReviewQueuesHumanEscalation.md	ai-and-agent-systems	evaluation-and-labeling
HumanReviewQueuesLatencyControl.md	ai-and-agent-systems	evaluation-and-labeling
HumanReviewQueuesPolicyEnforcement.md	ai-and-agent-systems	evaluation-and-labeling
HumanReviewQueuesQualityThresholds.md	ai-and-agent-systems	evaluation-and-labeling
HumanReviewQueuesRolloutStages.md	ai-and-agent-systems	evaluation-and-labeling
HumanReviewQueuesTaskContracts.md	ai-and-agent-systems	evaluation-and-labeling
HumanReviewQueuesTraceAnalysis.md	ai-and-agent-systems	evaluation-and-labeling
Hy.md	software-engineering-craft	languages
ISADesign.md	specialized-and-systems-engineering	hardware-and-computer-architecture
Icon-Design.md	frontend-and-user-experience	design-systems-and-visual-design
IdentityAccessAttackSimulation.md	security-and-trust	identity-and-access
IdentityAccessControlArchitecture.md	security-and-trust	identity-and-access
IdentityAccessDetectionEngineering.md	security-and-trust	identity-and-access
IdentityAccessEvidenceHandling.md	security-and-trust	identity-and-access
IdentityAccessExceptionGovernance.md	security-and-trust	identity-and-access
IdentityAccessHardeningBaselines.md	security-and-trust	identity-and-access
IdentityAccessKeyManagement.md	security-and-trust	identity-and-access
IdentityAccessResponsePlaybooks.md	security-and-trust	identity-and-access
IdentityAccessSecureDefaults.md	security-and-trust	identity-and-access
IdentityAccessVerificationFlows.md	security-and-trust	identity-and-access
IdentityGraphStewardshipDesign.md	data-platform-and-analytics	data-quality-and-governance
IdentityGraphStewardshipDiagnostics.md	data-platform-and-analytics	data-quality-and-governance
IdentityGraphStewardshipGovernance.md	data-platform-and-analytics	data-quality-and-governance
IdentityGraphStewardshipOperations.md	data-platform-and-analytics	data-quality-and-governance
IdentityGraphStewardshipOptimization.md	data-platform-and-analytics	data-quality-and-governance
IdentityGraphStewardshipPlanning.md	data-platform-and-analytics	data-quality-and-governance
IdentityGraphStewardshipPlaybook.md	data-platform-and-analytics	data-quality-and-governance
IdentityGraphStewardshipReliability.md	data-platform-and-analytics	data-quality-and-governance
IdentityGraphStewardshipReview.md	data-platform-and-analytics	data-quality-and-governance
IdentityGraphStewardshipStrategy.md	data-platform-and-analytics	data-quality-and-governance
IdentityPlatformsConstraintMapping.md	security-and-trust	identity-and-access
IdentityPlatformsDataOwnership.md	security-and-trust	identity-and-access
IdentityPlatformsDependencyGraphs.md	security-and-trust	identity-and-access
IdentityPlatformsFailureBudgets.md	security-and-trust	identity-and-access
IdentityPlatformsInterfaceContracts.md	security-and-trust	identity-and-access
IdentityPlatformsMigrationSeams.md	security-and-trust	identity-and-access
IdentityPlatformsOperabilityHooks.md	security-and-trust	identity-and-access
IdentityPlatformsRolloutPhases.md	security-and-trust	identity-and-access
IdentityPlatformsScalingPaths.md	security-and-trust	identity-and-access
IdentityPlatformsTradeoffReviews.md	security-and-trust	identity-and-access
IdentityResolutionStrategy.md	data-platform-and-analytics	data-quality-and-governance
Illustration-Style.md	frontend-and-user-experience	design-systems-and-visual-design
ImproveCodebaseArchitecture.md	software-engineering-craft	code-quality-and-refactoring
InAppMessagingDesign.md	mobile-and-desktop-apps	notifications-and-deep-links
InAppUpsellFlowsAnalyticsAnnotations.md	mobile-and-desktop-apps	notifications-and-deep-links
InAppUpsellFlowsAudienceSegmentation.md	mobile-and-desktop-apps	notifications-and-deep-links
InAppUpsellFlowsCohortReadouts.md	mobile-and-desktop-apps	notifications-and-deep-links
InAppUpsellFlowsConversionDiagnostics.md	mobile-and-desktop-apps	notifications-and-deep-links
InAppUpsellFlowsCopyTesting.md	mobile-and-desktop-apps	notifications-and-deep-links
InAppUpsellFlowsHypothesisRanking.md	mobile-and-desktop-apps	notifications-and-deep-links
InAppUpsellFlowsOfferFraming.md	mobile-and-desktop-apps	notifications-and-deep-links
InAppUpsellFlowsOutcomeAttribution.md	mobile-and-desktop-apps	notifications-and-deep-links
InAppUpsellFlowsRolloutSequencing.md	mobile-and-desktop-apps	notifications-and-deep-links
InAppUpsellFlowsVariantSafeguards.md	mobile-and-desktop-apps	notifications-and-deep-links
InboundWebhookProcessing.md	backend-and-api-engineering	integrations-and-webhooks
InboxTriageSystemsArtifactTemplates.md	product-and-project-management	planning-cadence-and-delivery
InboxTriageSystemsCompletionProofs.md	product-and-project-management	planning-cadence-and-delivery
InboxTriageSystemsContextCompression.md	product-and-project-management	planning-cadence-and-delivery
InboxTriageSystemsEscalationTriggers.md	product-and-project-management	planning-cadence-and-delivery
InboxTriageSystemsOwnershipHandoffs.md	product-and-project-management	planning-cadence-and-delivery
InboxTriageSystemsReviewRhythms.md	product-and-project-management	planning-cadence-and-delivery
InboxTriageSystemsRiskNotes.md	product-and-project-management	planning-cadence-and-delivery
InboxTriageSystemsStakeholderVisibility.md	product-and-project-management	planning-cadence-and-delivery
InboxTriageSystemsUpdateCadence.md	product-and-project-management	planning-cadence-and-delivery
InboxTriageSystemsUrgencyScoring.md	product-and-project-management	planning-cadence-and-delivery
IncidentCommsOperationsEscalationProofs.md	reliability-and-incident-response	incident-response-and-postmortems
IncidentCommsOperationsFollowupCadence.md	reliability-and-incident-response	incident-response-and-postmortems
IncidentCommsOperationsKnowledgeReuse.md	reliability-and-incident-response	incident-response-and-postmortems
IncidentCommsOperationsOutcomeTracking.md	reliability-and-incident-response	incident-response-and-postmortems
IncidentCommsOperationsResponseTemplates.md	reliability-and-incident-response	incident-response-and-postmortems
IncidentCommsOperationsRiskFlags.md	reliability-and-incident-response	incident-response-and-postmortems
IncidentCommsOperationsSegmentationRules.md	reliability-and-incident-response	incident-response-and-postmortems
IncidentCommsOperationsSignalInterpretation.md	reliability-and-incident-response	incident-response-and-postmortems
IncidentCommsOperationsStakeholderMapping.md	reliability-and-incident-response	incident-response-and-postmortems
IncidentCommsOperationsWorkflowSequencing.md	reliability-and-incident-response	incident-response-and-postmortems
IncidentCommunication.md	reliability-and-incident-response	incident-response-and-postmortems
IncidentEvidenceHandlingDesign.md	reliability-and-incident-response	incident-response-and-postmortems
IncidentEvidenceHandlingDiagnostics.md	reliability-and-incident-response	incident-response-and-postmortems
IncidentEvidenceHandlingGovernance.md	reliability-and-incident-response	incident-response-and-postmortems
IncidentEvidenceHandlingOperations.md	reliability-and-incident-response	incident-response-and-postmortems
IncidentEvidenceHandlingOptimization.md	reliability-and-incident-response	incident-response-and-postmortems
IncidentEvidenceHandlingPlanning.md	reliability-and-incident-response	incident-response-and-postmortems
IncidentEvidenceHandlingPlaybook.md	reliability-and-incident-response	incident-response-and-postmortems
IncidentEvidenceHandlingReliability.md	reliability-and-incident-response	incident-response-and-postmortems
IncidentEvidenceHandlingReview.md	reliability-and-incident-response	incident-response-and-postmortems
IncidentEvidenceHandlingStrategy.md	reliability-and-incident-response	incident-response-and-postmortems
IncidentManagement.md	reliability-and-incident-response	incident-response-and-postmortems
IncidentPatternMiningActionExtraction.md	reliability-and-incident-response	incident-response-and-postmortems
IncidentPatternMiningBiasChecks.md	reliability-and-incident-response	incident-response-and-postmortems
IncidentPatternMiningCitationDiscipline.md	reliability-and-incident-response	incident-response-and-postmortems
IncidentPatternMiningConfidenceScoring.md	reliability-and-incident-response	incident-response-and-postmortems
IncidentPatternMiningContradictionHandling.md	reliability-and-incident-response	incident-response-and-postmortems
IncidentPatternMiningEvidenceSifting.md	reliability-and-incident-response	incident-response-and-postmortems
IncidentPatternMiningFollowupQuestions.md	reliability-and-incident-response	incident-response-and-postmortems
IncidentPatternMiningQuestionDesign.md	reliability-and-incident-response	incident-response-and-postmortems
IncidentPatternMiningStakeholderReadouts.md	reliability-and-incident-response	incident-response-and-postmortems
IncidentPatternMiningSynthesisFrames.md	reliability-and-incident-response	incident-response-and-postmortems
IncidentPostmortemsActionSummaries.md	reliability-and-incident-response	incident-response-and-postmortems
IncidentPostmortemsApprovalCriteria.md	reliability-and-incident-response	incident-response-and-postmortems
IncidentPostmortemsAudienceFraming.md	reliability-and-incident-response	incident-response-and-postmortems
IncidentPostmortemsCrossLinking.md	reliability-and-incident-response	incident-response-and-postmortems
IncidentPostmortemsDecisionRecords.md	reliability-and-incident-response	incident-response-and-postmortems
IncidentPostmortemsEvidenceDensity.md	reliability-and-incident-response	incident-response-and-postmortems
IncidentPostmortemsExampleQuality.md	reliability-and-incident-response	incident-response-and-postmortems
IncidentPostmortemsReviewWorkflow.md	reliability-and-incident-response	incident-response-and-postmortems
IncidentPostmortemsSearchability.md	reliability-and-incident-response	incident-response-and-postmortems
IncidentPostmortemsUpdateCadence.md	reliability-and-incident-response	incident-response-and-postmortems
IncidentResponseAttackSimulation.md	reliability-and-incident-response	incident-response-and-postmortems
IncidentResponseControlArchitecture.md	reliability-and-incident-response	incident-response-and-postmortems
IncidentResponseDetectionEngineering.md	reliability-and-incident-response	incident-response-and-postmortems
IncidentResponseEvidenceHandling.md	reliability-and-incident-response	incident-response-and-postmortems
IncidentResponseExceptionGovernance.md	reliability-and-incident-response	incident-response-and-postmortems
IncidentResponseHardeningBaselines.md	reliability-and-incident-response	incident-response-and-postmortems
IncidentResponseKeyManagement.md	reliability-and-incident-response	incident-response-and-postmortems
IncidentResponseOpsAccessBoundaries.md	reliability-and-incident-response	incident-response-and-postmortems
IncidentResponseOpsAlertTuning.md	reliability-and-incident-response	incident-response-and-postmortems
IncidentResponseOpsCapacitySignals.md	reliability-and-incident-response	incident-response-and-postmortems
IncidentResponseOpsChangeWindows.md	reliability-and-incident-response	incident-response-and-postmortems
IncidentResponseOpsDriftDetection.md	reliability-and-incident-response	incident-response-and-postmortems
IncidentResponseOpsDrillScenarios.md	reliability-and-incident-response	incident-response-and-postmortems
IncidentResponseOpsEvidenceCapture.md	reliability-and-incident-response	incident-response-and-postmortems
IncidentResponseOpsRollbackAutomation.md	reliability-and-incident-response	incident-response-and-postmortems
IncidentResponseOpsRunbookDesign.md	reliability-and-incident-response	incident-response-and-postmortems
IncidentResponseOpsSafetyRails.md	reliability-and-incident-response	incident-response-and-postmortems
IncidentResponseResponsePlaybooks.md	reliability-and-incident-response	incident-response-and-postmortems
IncidentResponseSecureDefaults.md	reliability-and-incident-response	incident-response-and-postmortems
IncidentResponseVerificationFlows.md	reliability-and-incident-response	incident-response-and-postmortems
IndexLifecycleManagementAnomalyIsolation.md	data-platform-and-analytics	databases-and-warehouses
IndexLifecycleManagementConsistencyGuarantees.md	data-platform-and-analytics	databases-and-warehouses
IndexLifecycleManagementConsumerImpact.md	data-platform-and-analytics	databases-and-warehouses
IndexLifecycleManagementCostSignals.md	data-platform-and-analytics	databases-and-warehouses
IndexLifecycleManagementDriftChecks.md	data-platform-and-analytics	databases-and-warehouses
IndexLifecycleManagementLineageRecords.md	data-platform-and-analytics	databases-and-warehouses
IndexLifecycleManagementMigrationWindows.md	data-platform-and-analytics	databases-and-warehouses
IndexLifecycleManagementOwnershipMaps.md	data-platform-and-analytics	databases-and-warehouses
IndexLifecycleManagementRecoveryPaths.md	data-platform-and-analytics	databases-and-warehouses
IndexLifecycleManagementValidationProofs.md	data-platform-and-analytics	databases-and-warehouses
InformationArchitectureComponentPatterns.md	frontend-and-user-experience	ux-research-and-interaction-design
InformationArchitectureContentDesign.md	frontend-and-user-experience	ux-research-and-interaction-design
InformationArchitectureCritiqueFrameworks.md	frontend-and-user-experience	ux-research-and-interaction-design
InformationArchitectureEdgeStateDesign.md	frontend-and-user-experience	ux-research-and-interaction-design
InformationArchitectureHandoffSpecifications.md	frontend-and-user-experience	ux-research-and-interaction-design
InformationArchitectureMeasurementPlans.md	frontend-and-user-experience	ux-research-and-interaction-design
InformationArchitectureReviewChecklists.md	frontend-and-user-experience	ux-research-and-interaction-design
InformationArchitectureUsabilityTesting.md	frontend-and-user-experience	ux-research-and-interaction-design
InformationArchitectureUserFlows.md	frontend-and-user-experience	ux-research-and-interaction-design
InformationArchitectureVisualHierarchy.md	frontend-and-user-experience	ux-research-and-interaction-design
InfrastructureAsCode.md	platform-and-cloud-infrastructure	platform-engineering-and-tenancy
InfrastructureChangesAccessBoundaries.md	platform-and-cloud-infrastructure	ci-cd-and-release-pipelines
InfrastructureChangesAlertTuning.md	platform-and-cloud-infrastructure	ci-cd-and-release-pipelines
InfrastructureChangesCapacitySignals.md	platform-and-cloud-infrastructure	ci-cd-and-release-pipelines
InfrastructureChangesChangeWindows.md	platform-and-cloud-infrastructure	ci-cd-and-release-pipelines
InfrastructureChangesDriftDetection.md	platform-and-cloud-infrastructure	ci-cd-and-release-pipelines
InfrastructureChangesDrillScenarios.md	platform-and-cloud-infrastructure	ci-cd-and-release-pipelines
InfrastructureChangesEvidenceCapture.md	platform-and-cloud-infrastructure	ci-cd-and-release-pipelines
InfrastructureChangesRollbackAutomation.md	platform-and-cloud-infrastructure	ci-cd-and-release-pipelines
InfrastructureChangesRunbookDesign.md	platform-and-cloud-infrastructure	ci-cd-and-release-pipelines
InfrastructureChangesSafetyRails.md	platform-and-cloud-infrastructure	ci-cd-and-release-pipelines
InfrastructureDriftPreventionDesign.md	platform-and-cloud-infrastructure	ci-cd-and-release-pipelines
InfrastructureDriftPreventionDiagnostics.md	platform-and-cloud-infrastructure	ci-cd-and-release-pipelines
InfrastructureDriftPreventionGovernance.md	platform-and-cloud-infrastructure	ci-cd-and-release-pipelines
InfrastructureDriftPreventionOperations.md	platform-and-cloud-infrastructure	ci-cd-and-release-pipelines
InfrastructureDriftPreventionOptimization.md	platform-and-cloud-infrastructure	ci-cd-and-release-pipelines
InfrastructureDriftPreventionPlanning.md	platform-and-cloud-infrastructure	ci-cd-and-release-pipelines
InfrastructureDriftPreventionPlaybook.md	platform-and-cloud-infrastructure	ci-cd-and-release-pipelines
InfrastructureDriftPreventionReliability.md	platform-and-cloud-infrastructure	ci-cd-and-release-pipelines
InfrastructureDriftPreventionReview.md	platform-and-cloud-infrastructure	ci-cd-and-release-pipelines
InfrastructureDriftPreventionStrategy.md	platform-and-cloud-infrastructure	ci-cd-and-release-pipelines
InstallAttributionMeasurement.md	mobile-and-desktop-apps	release-and-app-store-delivery
InstallFunnelsAnalysis.md	mobile-and-desktop-apps	release-and-app-store-delivery
InstallFunnelsAutomation.md	mobile-and-desktop-apps	release-and-app-store-delivery
InstallFunnelsDesign.md	mobile-and-desktop-apps	release-and-app-store-delivery
InstallFunnelsDiagnostics.md	mobile-and-desktop-apps	release-and-app-store-delivery
InstallFunnelsGovernance.md	mobile-and-desktop-apps	release-and-app-store-delivery
InstallFunnelsOperations.md	mobile-and-desktop-apps	release-and-app-store-delivery
InstallFunnelsOptimization.md	mobile-and-desktop-apps	release-and-app-store-delivery
InstallFunnelsPlanning.md	mobile-and-desktop-apps	release-and-app-store-delivery
InstallFunnelsReview.md	mobile-and-desktop-apps	release-and-app-store-delivery
InstallFunnelsStrategy.md	mobile-and-desktop-apps	release-and-app-store-delivery
IntegrationTestingOpsBoundaryScenarios.md	testing-and-quality-assurance	test-strategy-and-harnesses
IntegrationTestingOpsCoverageStrategy.md	testing-and-quality-assurance	test-strategy-and-harnesses
IntegrationTestingOpsDeterministicTiming.md	testing-and-quality-assurance	test-strategy-and-harnesses
IntegrationTestingOpsFailureMatrices.md	testing-and-quality-assurance	test-strategy-and-harnesses
IntegrationTestingOpsFixtureHygiene.md	testing-and-quality-assurance	test-strategy-and-harnesses
IntegrationTestingOpsMockDiscipline.md	testing-and-quality-assurance	test-strategy-and-harnesses
IntegrationTestingOpsOracleDesign.md	testing-and-quality-assurance	test-strategy-and-harnesses
IntegrationTestingOpsParallelExecution.md	testing-and-quality-assurance	test-strategy-and-harnesses
IntegrationTestingOpsResultInterpretation.md	testing-and-quality-assurance	test-strategy-and-harnesses
IntegrationTestingOpsTriageHeuristics.md	testing-and-quality-assurance	test-strategy-and-harnesses
InteractionCopyContentHierarchy.md	frontend-and-user-experience	ux-research-and-interaction-design
InteractionCopyDecisionClarity.md	frontend-and-user-experience	ux-research-and-interaction-design
InteractionCopyEdgeStateCoverage.md	frontend-and-user-experience	ux-research-and-interaction-design
InteractionCopyExperimentAnnotations.md	frontend-and-user-experience	ux-research-and-interaction-design
InteractionCopyHandoffSpecs.md	frontend-and-user-experience	ux-research-and-interaction-design
InteractionCopyHeuristicReviews.md	frontend-and-user-experience	ux-research-and-interaction-design
InteractionCopyMeasurementPlans.md	frontend-and-user-experience	ux-research-and-interaction-design
InteractionCopyRecoveryPatterns.md	frontend-and-user-experience	ux-research-and-interaction-design
InteractionCopyStateMapping.md	frontend-and-user-experience	ux-research-and-interaction-design
InteractionCopyUsabilitySignals.md	frontend-and-user-experience	ux-research-and-interaction-design
InteractionDesignComponentPatterns.md	frontend-and-user-experience	ux-research-and-interaction-design
InteractionDesignContentDesign.md	frontend-and-user-experience	ux-research-and-interaction-design
InteractionDesignCritiqueFrameworks.md	frontend-and-user-experience	ux-research-and-interaction-design
InteractionDesignEdgeStateDesign.md	frontend-and-user-experience	ux-research-and-interaction-design
InteractionDesignHandoffSpecifications.md	frontend-and-user-experience	ux-research-and-interaction-design
InteractionDesignMeasurementPlans.md	frontend-and-user-experience	ux-research-and-interaction-design
InteractionDesignReviewChecklists.md	frontend-and-user-experience	ux-research-and-interaction-design
InteractionDesignUsabilityTesting.md	frontend-and-user-experience	ux-research-and-interaction-design
InteractionDesignUserFlows.md	frontend-and-user-experience	ux-research-and-interaction-design
InteractionDesignVisualHierarchy.md	frontend-and-user-experience	ux-research-and-interaction-design
InteractionLatencyBudgetsDesign.md	frontend-and-user-experience	frontend-frameworks-and-performance
InteractionLatencyBudgetsDiagnostics.md	frontend-and-user-experience	frontend-frameworks-and-performance
InteractionLatencyBudgetsGovernance.md	frontend-and-user-experience	frontend-frameworks-and-performance
InteractionLatencyBudgetsOperations.md	frontend-and-user-experience	frontend-frameworks-and-performance
InteractionLatencyBudgetsOptimization.md	frontend-and-user-experience	frontend-frameworks-and-performance
InteractionLatencyBudgetsPlanning.md	frontend-and-user-experience	frontend-frameworks-and-performance
InteractionLatencyBudgetsPlaybook.md	frontend-and-user-experience	frontend-frameworks-and-performance
InteractionLatencyBudgetsReliability.md	frontend-and-user-experience	frontend-frameworks-and-performance
InteractionLatencyBudgetsReview.md	frontend-and-user-experience	frontend-frameworks-and-performance
InteractionLatencyBudgetsStrategy.md	frontend-and-user-experience	frontend-frameworks-and-performance
InteractionStatesAnalysis.md	frontend-and-user-experience	ux-research-and-interaction-design
InteractionStatesAutomation.md	frontend-and-user-experience	ux-research-and-interaction-design
InteractionStatesDesign.md	frontend-and-user-experience	ux-research-and-interaction-design
InteractionStatesDiagnostics.md	frontend-and-user-experience	ux-research-and-interaction-design
InteractionStatesGovernance.md	frontend-and-user-experience	ux-research-and-interaction-design
InteractionStatesOperations.md	frontend-and-user-experience	ux-research-and-interaction-design
InteractionStatesOptimization.md	frontend-and-user-experience	ux-research-and-interaction-design
InteractionStatesPlanning.md	frontend-and-user-experience	ux-research-and-interaction-design
InteractionStatesReview.md	frontend-and-user-experience	ux-research-and-interaction-design
InteractionStatesStrategy.md	frontend-and-user-experience	ux-research-and-interaction-design
InterfaceVersioningAnalysis.md	backend-and-api-engineering	api-design-and-lifecycle
InterfaceVersioningAutomation.md	backend-and-api-engineering	api-design-and-lifecycle
InterfaceVersioningDesign.md	backend-and-api-engineering	api-design-and-lifecycle
InterfaceVersioningDiagnostics.md	backend-and-api-engineering	api-design-and-lifecycle
InterfaceVersioningGovernance.md	backend-and-api-engineering	api-design-and-lifecycle
InterfaceVersioningOperations.md	backend-and-api-engineering	api-design-and-lifecycle
InterfaceVersioningOptimization.md	backend-and-api-engineering	api-design-and-lifecycle
InterfaceVersioningPlanning.md	backend-and-api-engineering	api-design-and-lifecycle
InterfaceVersioningReview.md	backend-and-api-engineering	api-design-and-lifecycle
InterfaceVersioningStrategy.md	backend-and-api-engineering	api-design-and-lifecycle
InternalApiGatewayOpsAlertEscalations.md	platform-and-cloud-infrastructure	platform-engineering-and-tenancy
InternalApiGatewayOpsDeadLetterHandling.md	platform-and-cloud-infrastructure	platform-engineering-and-tenancy
InternalApiGatewayOpsDeliveryAudits.md	platform-and-cloud-infrastructure	platform-engineering-and-tenancy
InternalApiGatewayOpsIdempotencyWindows.md	platform-and-cloud-infrastructure	platform-engineering-and-tenancy
InternalApiGatewayOpsMappingValidation.md	platform-and-cloud-infrastructure	platform-engineering-and-tenancy
InternalApiGatewayOpsReplayStrategies.md	platform-and-cloud-infrastructure	platform-engineering-and-tenancy
InternalApiGatewayOpsRetryContracts.md	platform-and-cloud-infrastructure	platform-engineering-and-tenancy
InternalApiGatewayOpsSchemaGuardrails.md	platform-and-cloud-infrastructure	platform-engineering-and-tenancy
InternalApiGatewayOpsSecretRotation.md	platform-and-cloud-infrastructure	platform-engineering-and-tenancy
InternalApiGatewayOpsThroughputLimits.md	platform-and-cloud-infrastructure	platform-engineering-and-tenancy
InternalTrainingSystemsBiasMitigations.md	people-and-engineering-management	employee-onboarding-and-training
InternalTrainingSystemsCalibrationSessions.md	people-and-engineering-management	employee-onboarding-and-training
InternalTrainingSystemsDecisionMemos.md	people-and-engineering-management	employee-onboarding-and-training
InternalTrainingSystemsDocumentationTemplates.md	people-and-engineering-management	employee-onboarding-and-training
InternalTrainingSystemsEscalationRules.md	people-and-engineering-management	employee-onboarding-and-training
InternalTrainingSystemsEvaluationPackets.md	people-and-engineering-management	employee-onboarding-and-training
InternalTrainingSystemsFeedbackCadence.md	people-and-engineering-management	employee-onboarding-and-training
InternalTrainingSystemsOutcomeTracking.md	people-and-engineering-management	employee-onboarding-and-training
InternalTrainingSystemsReadinessChecks.md	people-and-engineering-management	employee-onboarding-and-training
InternalTrainingSystemsSignalRubrics.md	people-and-engineering-management	employee-onboarding-and-training
InternalWikiCurationActionabilityChecks.md	content-and-communication	internal-knowledge-and-research
InternalWikiCurationApprovalRouting.md	content-and-communication	internal-knowledge-and-research
InternalWikiCurationExampleCoverage.md	content-and-communication	internal-knowledge-and-research
InternalWikiCurationLinkIntegrity.md	content-and-communication	internal-knowledge-and-research
InternalWikiCurationMaintenanceOwnership.md	content-and-communication	internal-knowledge-and-research
InternalWikiCurationReaderTasks.md	content-and-communication	internal-knowledge-and-research
InternalWikiCurationScreenshotStrategy.md	content-and-communication	internal-knowledge-and-research
InternalWikiCurationSearchKeywords.md	content-and-communication	internal-knowledge-and-research
InternalWikiCurationUpdateTriggers.md	content-and-communication	internal-knowledge-and-research
InternalWikiCurationVersionStamps.md	content-and-communication	internal-knowledge-and-research
Internationalization.md	frontend-and-user-experience	frontend-frameworks-and-performance
InterruptExceptionHandling.md	specialized-and-systems-engineering	hardware-and-computer-architecture
InterviewRubricDesignBiasMitigations.md	people-and-engineering-management	hiring-and-interviewing
InterviewRubricDesignCalibrationSessions.md	people-and-engineering-management	hiring-and-interviewing
InterviewRubricDesignDecisionMemos.md	people-and-engineering-management	hiring-and-interviewing
InterviewRubricDesignDocumentationTemplates.md	people-and-engineering-management	hiring-and-interviewing
InterviewRubricDesignEscalationRules.md	people-and-engineering-management	hiring-and-interviewing
InterviewRubricDesignEvaluationPackets.md	people-and-engineering-management	hiring-and-interviewing
InterviewRubricDesignFeedbackCadence.md	people-and-engineering-management	hiring-and-interviewing
InterviewRubricDesignOutcomeTracking.md	people-and-engineering-management	hiring-and-interviewing
InterviewRubricDesignReadinessChecks.md	people-and-engineering-management	hiring-and-interviewing
InterviewRubricDesignSignalRubrics.md	people-and-engineering-management	hiring-and-interviewing
Io.md	software-engineering-craft	languages
IoTFleetSegmentationDesign.md	specialized-and-systems-engineering	embedded-iot-and-robotics
IoTFleetSegmentationDiagnostics.md	specialized-and-systems-engineering	embedded-iot-and-robotics
IoTFleetSegmentationGovernance.md	specialized-and-systems-engineering	embedded-iot-and-robotics
IoTFleetSegmentationOperations.md	specialized-and-systems-engineering	embedded-iot-and-robotics
IoTFleetSegmentationOptimization.md	specialized-and-systems-engineering	embedded-iot-and-robotics
IoTFleetSegmentationPlanning.md	specialized-and-systems-engineering	embedded-iot-and-robotics
IoTFleetSegmentationPlaybook.md	specialized-and-systems-engineering	embedded-iot-and-robotics
IoTFleetSegmentationReliability.md	specialized-and-systems-engineering	embedded-iot-and-robotics
IoTFleetSegmentationReview.md	specialized-and-systems-engineering	embedded-iot-and-robotics
IoTFleetSegmentationStrategy.md	specialized-and-systems-engineering	embedded-iot-and-robotics
JWTAttackSimulation.md	security-and-trust	identity-and-access
JWTControlArchitecture.md	security-and-trust	identity-and-access
JWTDetectionEngineering.md	security-and-trust	identity-and-access
JWTEvidenceHandling.md	security-and-trust	identity-and-access
JWTExceptionGovernance.md	security-and-trust	identity-and-access
JWTHardeningBaselines.md	security-and-trust	identity-and-access
JWTKeyManagement.md	security-and-trust	secrets-and-key-management
JWTResponsePlaybooks.md	security-and-trust	identity-and-access
JWTSecureDefaults.md	security-and-trust	identity-and-access
JWTVerificationFlows.md	security-and-trust	identity-and-access
Janet.md	software-engineering-craft	languages
JavaBuildToolchains.md	software-engineering-craft	version-control-and-builds
JavaBuildToolsMavenGradle.md	software-engineering-craft	version-control-and-builds
JavaCleanCode.md	software-engineering-craft	code-quality-and-refactoring
JavaCollections.md	software-engineering-craft	languages
JavaConcurrency.md	software-engineering-craft	languages
JavaConcurrencyPatterns.md	software-engineering-craft	languages
JavaDebugWorkflows.md	software-engineering-craft	languages
JavaDesignPatterns.md	software-engineering-craft	code-quality-and-refactoring
JavaErrorSemantics.md	software-engineering-craft	languages
JavaExceptionHandling.md	software-engineering-craft	languages
JavaGenerics.md	software-engineering-craft	languages
JavaInteropBoundaries.md	software-engineering-craft	languages
JavaJDBC.md	backend-and-api-engineering	backend-framework-patterns
JavaJPAHibernate.md	backend-and-api-engineering	backend-framework-patterns
JavaLogging.md	software-engineering-craft	languages
JavaMemoryGC.md	software-engineering-craft	languages
JavaMicroservices.md	backend-and-api-engineering	backend-framework-patterns
JavaPackagePublishing.md	software-engineering-craft	version-control-and-builds
JavaPerformanceProfiling.md	software-engineering-craft	languages
JavaPerformanceTuning.md	software-engineering-craft	languages
JavaRecordsSealedClasses.md	software-engineering-craft	languages
JavaRefactorMechanics.md	software-engineering-craft	code-quality-and-refactoring
JavaReflectionAnnotations.md	software-engineering-craft	languages
JavaScriptBuildToolchains.md	software-engineering-craft	version-control-and-builds
JavaScriptConcurrencyPatterns.md	software-engineering-craft	languages
JavaScriptDebugWorkflows.md	software-engineering-craft	languages
JavaScriptErrorSemantics.md	software-engineering-craft	languages
JavaScriptInteropBoundaries.md	software-engineering-craft	languages
JavaScriptPackagePublishing.md	software-engineering-craft	version-control-and-builds
JavaScriptPerformanceProfiling.md	software-engineering-craft	languages
JavaScriptRefactorMechanics.md	software-engineering-craft	code-quality-and-refactoring
JavaScriptTestHarnessDesign.md	software-engineering-craft	languages
JavaScriptTypeArchitecture.md	software-engineering-craft	languages
JavaSecurity.md	security-and-trust	attack-defense-and-hardening
JavaStreamsLambdas.md	software-engineering-craft	languages
JavaTestHarnessDesign.md	software-engineering-craft	languages
JavaTestingJUnitMockito.md	software-engineering-craft	languages
JavaTypeArchitecture.md	software-engineering-craft	languages
JobDescriptionCalibrationBiasMitigations.md	people-and-engineering-management	hiring-and-interviewing
JobDescriptionCalibrationCalibrationSessions.md	people-and-engineering-management	hiring-and-interviewing
JobDescriptionCalibrationDecisionMemos.md	people-and-engineering-management	hiring-and-interviewing
JobDescriptionCalibrationDocumentationTemplates.md	people-and-engineering-management	hiring-and-interviewing
JobDescriptionCalibrationEscalationRules.md	people-and-engineering-management	hiring-and-interviewing
JobDescriptionCalibrationEvaluationPackets.md	people-and-engineering-management	hiring-and-interviewing
JobDescriptionCalibrationFeedbackCadence.md	people-and-engineering-management	hiring-and-interviewing
JobDescriptionCalibrationOutcomeTracking.md	people-and-engineering-management	hiring-and-interviewing
JobDescriptionCalibrationReadinessChecks.md	people-and-engineering-management	hiring-and-interviewing
JobDescriptionCalibrationSignalRubrics.md	people-and-engineering-management	hiring-and-interviewing
JobsToBeDone.md	product-and-project-management	decisions-rfcs-and-memos
JourneyMappingAnalysis.md	frontend-and-user-experience	ux-research-and-interaction-design
JourneyMappingAutomation.md	frontend-and-user-experience	ux-research-and-interaction-design
JourneyMappingDesign.md	frontend-and-user-experience	ux-research-and-interaction-design
JourneyMappingDiagnostics.md	frontend-and-user-experience	ux-research-and-interaction-design
JourneyMappingGovernance.md	frontend-and-user-experience	ux-research-and-interaction-design
JourneyMappingOperations.md	frontend-and-user-experience	ux-research-and-interaction-design
JourneyMappingOptimization.md	frontend-and-user-experience	ux-research-and-interaction-design
JourneyMappingPlanning.md	frontend-and-user-experience	ux-research-and-interaction-design
JourneyMappingReview.md	frontend-and-user-experience	ux-research-and-interaction-design
JourneyMappingStrategy.md	frontend-and-user-experience	ux-research-and-interaction-design
KafkaAccessPatterns.md	data-platform-and-analytics	pipelines-and-ingestion
KafkaConsistencyRules.md	data-platform-and-analytics	pipelines-and-ingestion
KafkaCostGuardrails.md	data-platform-and-analytics	pipelines-and-ingestion
KafkaDataModelGrain.md	data-platform-and-analytics	pipelines-and-ingestion
KafkaDataObservability.md	data-platform-and-analytics	pipelines-and-ingestion
KafkaMigrationCutovers.md	data-platform-and-analytics	pipelines-and-ingestion
KafkaQueryProfiling.md	data-platform-and-analytics	pipelines-and-ingestion
KafkaReplicationRecovery.md	data-platform-and-analytics	pipelines-and-ingestion
KafkaSchemaEvolution.md	data-platform-and-analytics	pipelines-and-ingestion
KafkaSecurityControls.md	security-and-trust	secrets-and-key-management
KeyManagementLifecycle.md	security-and-trust	secrets-and-key-management
KeyRotationCeremoniesDesign.md	security-and-trust	secrets-and-key-management
KeyRotationCeremoniesDiagnostics.md	security-and-trust	secrets-and-key-management
KeyRotationCeremoniesGovernance.md	security-and-trust	secrets-and-key-management
KeyRotationCeremoniesOperations.md	security-and-trust	secrets-and-key-management
KeyRotationCeremoniesOptimization.md	security-and-trust	secrets-and-key-management
KeyRotationCeremoniesPlanning.md	security-and-trust	secrets-and-key-management
KeyRotationCeremoniesPlaybook.md	security-and-trust	secrets-and-key-management
KeyRotationCeremoniesReliability.md	security-and-trust	secrets-and-key-management
KeyRotationCeremoniesReview.md	security-and-trust	secrets-and-key-management
KeyRotationCeremoniesStrategy.md	security-and-trust	secrets-and-key-management
Kimi.md	ai-and-agent-systems	model-provider-guides
KnowledgeBaseOperationsActionSummaries.md	content-and-communication	internal-knowledge-and-research
KnowledgeBaseOperationsApprovalCriteria.md	content-and-communication	internal-knowledge-and-research
KnowledgeBaseOperationsAudienceFraming.md	content-and-communication	internal-knowledge-and-research
KnowledgeBaseOperationsCrossLinking.md	content-and-communication	internal-knowledge-and-research
KnowledgeBaseOperationsDecisionRecords.md	content-and-communication	internal-knowledge-and-research
KnowledgeBaseOperationsEvidenceDensity.md	content-and-communication	internal-knowledge-and-research
KnowledgeBaseOperationsExampleQuality.md	content-and-communication	internal-knowledge-and-research
KnowledgeBaseOperationsReviewWorkflow.md	content-and-communication	internal-knowledge-and-research
KnowledgeBaseOperationsSearchability.md	content-and-communication	internal-knowledge-and-research
KnowledgeBaseOperationsUpdateCadence.md	content-and-communication	internal-knowledge-and-research
KnowledgeCaptureLoopsArtifactTemplates.md	content-and-communication	internal-knowledge-and-research
KnowledgeCaptureLoopsCompletionProofs.md	content-and-communication	internal-knowledge-and-research
KnowledgeCaptureLoopsContextCompression.md	content-and-communication	internal-knowledge-and-research
KnowledgeCaptureLoopsEscalationTriggers.md	content-and-communication	internal-knowledge-and-research
KnowledgeCaptureLoopsOwnershipHandoffs.md	content-and-communication	internal-knowledge-and-research
KnowledgeCaptureLoopsReviewRhythms.md	content-and-communication	internal-knowledge-and-research
KnowledgeCaptureLoopsRiskNotes.md	content-and-communication	internal-knowledge-and-research
KnowledgeCaptureLoopsStakeholderVisibility.md	content-and-communication	internal-knowledge-and-research
KnowledgeCaptureLoopsUpdateCadence.md	content-and-communication	internal-knowledge-and-research
KnowledgeCaptureLoopsUrgencyScoring.md	content-and-communication	internal-knowledge-and-research
KotlinBuildToolchains.md	software-engineering-craft	version-control-and-builds
KotlinConcurrencyPatterns.md	software-engineering-craft	languages
KotlinDebugWorkflows.md	software-engineering-craft	languages
KotlinErrorSemantics.md	software-engineering-craft	languages
KotlinInteropBoundaries.md	software-engineering-craft	languages
KotlinPackagePublishing.md	software-engineering-craft	version-control-and-builds
KotlinPerformanceProfiling.md	software-engineering-craft	languages
KotlinRefactorMechanics.md	software-engineering-craft	code-quality-and-refactoring
KotlinTestHarnessDesign.md	software-engineering-craft	languages
KotlinTypeArchitecture.md	software-engineering-craft	languages
Kubernetes.md	platform-and-cloud-infrastructure	cloud-and-kubernetes-operations
KubernetesAutomationSafety.md	platform-and-cloud-infrastructure	cloud-and-kubernetes-operations
KubernetesCapacityForecasting.md	platform-and-cloud-infrastructure	capacity-and-cost-governance
KubernetesCostGovernance.md	platform-and-cloud-infrastructure	capacity-and-cost-governance
KubernetesDeploymentRollouts.md	platform-and-cloud-infrastructure	ci-cd-and-release-pipelines
KubernetesEnvironmentPromotion.md	platform-and-cloud-infrastructure	ci-cd-and-release-pipelines
KubernetesFailureRecovery.md	platform-and-cloud-infrastructure	cloud-and-kubernetes-operations
KubernetesIncidentTriage.md	platform-and-cloud-infrastructure	cloud-and-kubernetes-operations
KubernetesObservabilityDesign.md	platform-and-cloud-infrastructure	cloud-and-kubernetes-operations
KubernetesOperationsAccessBoundaries.md	platform-and-cloud-infrastructure	cloud-and-kubernetes-operations
KubernetesOperationsAlertTuning.md	platform-and-cloud-infrastructure	cloud-and-kubernetes-operations
KubernetesOperationsCapacitySignals.md	platform-and-cloud-infrastructure	cloud-and-kubernetes-operations
KubernetesOperationsChangeWindows.md	platform-and-cloud-infrastructure	cloud-and-kubernetes-operations
KubernetesOperationsDriftDetection.md	platform-and-cloud-infrastructure	cloud-and-kubernetes-operations
KubernetesOperationsDrillScenarios.md	platform-and-cloud-infrastructure	cloud-and-kubernetes-operations
KubernetesOperationsEvidenceCapture.md	platform-and-cloud-infrastructure	cloud-and-kubernetes-operations
KubernetesOperationsRollbackAutomation.md	platform-and-cloud-infrastructure	cloud-and-kubernetes-operations
KubernetesOperationsRunbookDesign.md	platform-and-cloud-infrastructure	cloud-and-kubernetes-operations
KubernetesOperationsSafetyRails.md	platform-and-cloud-infrastructure	cloud-and-kubernetes-operations
KubernetesPatterns.md	platform-and-cloud-infrastructure	cloud-and-kubernetes-operations
KubernetesPolicyAutomation.md	platform-and-cloud-infrastructure	cloud-and-kubernetes-operations
KubernetesSecretsManagement.md	security-and-trust	secrets-and-key-management
LLMCostControlsDesign.md	ai-and-agent-systems	model-serving-and-cost
LLMCostControlsDiagnostics.md	ai-and-agent-systems	model-serving-and-cost
LLMCostControlsGovernance.md	ai-and-agent-systems	model-serving-and-cost
LLMCostControlsOperations.md	ai-and-agent-systems	model-serving-and-cost
LLMCostControlsOptimization.md	ai-and-agent-systems	model-serving-and-cost
LLMCostControlsPlanning.md	ai-and-agent-systems	model-serving-and-cost
LLMCostControlsPlaybook.md	ai-and-agent-systems	model-serving-and-cost
LLMCostControlsReliability.md	ai-and-agent-systems	model-serving-and-cost
LLMCostControlsReview.md	ai-and-agent-systems	model-serving-and-cost
LLMCostControlsStrategy.md	ai-and-agent-systems	model-serving-and-cost
LLMFineTuning.md	ai-and-agent-systems	model-serving-and-cost
LLMGuardrailDesign.md	ai-and-agent-systems	safety-and-guardrails
LLMIntegration.md	ai-and-agent-systems	model-serving-and-cost
LakehouseModeling.md	data-platform-and-analytics	databases-and-warehouses
LandingPageIterationAnalyticsAnnotations.md	product-growth-and-marketing	acquisition-funnels-and-campaigns
LandingPageIterationAudienceSegmentation.md	product-growth-and-marketing	acquisition-funnels-and-campaigns
LandingPageIterationCohortReadouts.md	product-growth-and-marketing	acquisition-funnels-and-campaigns
LandingPageIterationConversionDiagnostics.md	product-growth-and-marketing	acquisition-funnels-and-campaigns
LandingPageIterationCopyTesting.md	product-growth-and-marketing	acquisition-funnels-and-campaigns
LandingPageIterationHypothesisRanking.md	product-growth-and-marketing	acquisition-funnels-and-campaigns
LandingPageIterationOfferFraming.md	product-growth-and-marketing	acquisition-funnels-and-campaigns
LandingPageIterationOutcomeAttribution.md	product-growth-and-marketing	acquisition-funnels-and-campaigns
LandingPageIterationRolloutSequencing.md	product-growth-and-marketing	acquisition-funnels-and-campaigns
LandingPageIterationVariantSafeguards.md	product-growth-and-marketing	acquisition-funnels-and-campaigns
LandingPageMessaging.md	product-growth-and-marketing	acquisition-funnels-and-campaigns
LaunchChecklistSystemsCommsPlans.md	product-and-project-management	launch-coordination
LaunchChecklistSystemsDependencyReviews.md	product-and-project-management	launch-coordination
LaunchChecklistSystemsEscalationPaths.md	product-and-project-management	launch-coordination
LaunchChecklistSystemsLearningLoops.md	product-and-project-management	launch-coordination
LaunchChecklistSystemsMetricSelection.md	product-and-project-management	launch-coordination
LaunchChecklistSystemsOutcomeInterpretation.md	product-and-project-management	launch-coordination
LaunchChecklistSystemsPostLaunchCadence.md	product-and-project-management	launch-coordination
LaunchChecklistSystemsReadinessGates.md	product-and-project-management	launch-coordination
LaunchChecklistSystemsRiskNarratives.md	product-and-project-management	launch-coordination
LaunchChecklistSystemsSegmentLogic.md	product-and-project-management	launch-coordination
LaunchCoordinationFollowupLoops.md	product-and-project-management	launch-coordination
LaunchCoordinationLearningAgenda.md	product-and-project-management	launch-coordination
LaunchCoordinationObjectionHandling.md	product-and-project-management	launch-coordination
LaunchCoordinationProblemFraming.md	product-and-project-management	launch-coordination
LaunchCoordinationRiskScoring.md	product-and-project-management	launch-coordination
LaunchCoordinationRolloutRules.md	product-and-project-management	launch-coordination
LaunchCoordinationSegmentationLogic.md	product-and-project-management	launch-coordination
LaunchCoordinationStakeholderMaps.md	product-and-project-management	launch-coordination
LaunchCoordinationSuccessMetrics.md	product-and-project-management	launch-coordination
LaunchCoordinationTradeoffNarratives.md	product-and-project-management	launch-coordination
LaunchPlanningDecisionMemos.md	product-and-project-management	launch-coordination
LaunchPlanningFeedbackTaxonomy.md	product-and-project-management	launch-coordination
LaunchPlanningMetricTrees.md	product-and-project-management	launch-coordination
LaunchPlanningOperatingCadence.md	product-and-project-management	launch-coordination
LaunchPlanningPostLaunchAnalysis.md	product-and-project-management	launch-coordination
LaunchPlanningPrioritizationModels.md	product-and-project-management	launch-coordination
LaunchPlanningProblemFraming.md	product-and-project-management	launch-coordination
LaunchPlanningRiskReviews.md	product-and-project-management	launch-coordination
LaunchPlanningRolloutPlanning.md	product-and-project-management	launch-coordination
LaunchPlanningStakeholderAlignment.md	product-and-project-management	launch-coordination
LaunchReadinessReview.md	product-and-project-management	launch-coordination
LaunchRiskReviewsDesign.md	product-and-project-management	launch-coordination
LaunchRiskReviewsDiagnostics.md	product-and-project-management	launch-coordination
LaunchRiskReviewsGovernance.md	product-and-project-management	launch-coordination
LaunchRiskReviewsOperations.md	product-and-project-management	launch-coordination
LaunchRiskReviewsOptimization.md	product-and-project-management	launch-coordination
LaunchRiskReviewsPlanning.md	product-and-project-management	launch-coordination
LaunchRiskReviewsPlaybook.md	product-and-project-management	launch-coordination
LaunchRiskReviewsReliability.md	product-and-project-management	launch-coordination
LaunchRiskReviewsReview.md	product-and-project-management	launch-coordination
LaunchRiskReviewsStrategy.md	product-and-project-management	launch-coordination
Layout-Composition.md	frontend-and-user-experience	design-systems-and-visual-design
LeadQualificationOpsEscalationProofs.md	customer-and-revenue-operations	sales-and-partner-operations
LeadQualificationOpsFollowupCadence.md	customer-and-revenue-operations	sales-and-partner-operations
LeadQualificationOpsKnowledgeReuse.md	customer-and-revenue-operations	sales-and-partner-operations
LeadQualificationOpsOutcomeTracking.md	customer-and-revenue-operations	sales-and-partner-operations
LeadQualificationOpsResponseTemplates.md	customer-and-revenue-operations	sales-and-partner-operations
LeadQualificationOpsRiskFlags.md	customer-and-revenue-operations	sales-and-partner-operations
LeadQualificationOpsSegmentationRules.md	customer-and-revenue-operations	sales-and-partner-operations
LeadQualificationOpsSignalInterpretation.md	customer-and-revenue-operations	sales-and-partner-operations
LeadQualificationOpsStakeholderMapping.md	customer-and-revenue-operations	sales-and-partner-operations
LeadQualificationOpsWorkflowSequencing.md	customer-and-revenue-operations	sales-and-partner-operations
LegacyBoundaryExtractionDesign.md	backend-and-api-engineering	service-architecture-and-decomposition
LegacyBoundaryExtractionDiagnostics.md	backend-and-api-engineering	service-architecture-and-decomposition
LegacyBoundaryExtractionGovernance.md	backend-and-api-engineering	service-architecture-and-decomposition
LegacyBoundaryExtractionOperations.md	backend-and-api-engineering	service-architecture-and-decomposition
LegacyBoundaryExtractionOptimization.md	backend-and-api-engineering	service-architecture-and-decomposition
LegacyBoundaryExtractionPlanning.md	backend-and-api-engineering	service-architecture-and-decomposition
LegacyBoundaryExtractionPlaybook.md	backend-and-api-engineering	service-architecture-and-decomposition
LegacyBoundaryExtractionReliability.md	backend-and-api-engineering	service-architecture-and-decomposition
LegacyBoundaryExtractionReview.md	backend-and-api-engineering	service-architecture-and-decomposition
LegacyBoundaryExtractionStrategy.md	backend-and-api-engineering	service-architecture-and-decomposition
LegacyRefactorAutomationHooks.md	software-engineering-craft	code-quality-and-refactoring
LegacyRefactorChangeScoping.md	software-engineering-craft	code-quality-and-refactoring
LegacyRefactorEdgeCaseSweeps.md	software-engineering-craft	code-quality-and-refactoring
LegacyRefactorMinimalRepros.md	software-engineering-craft	code-quality-and-refactoring
LegacyRefactorPatchDesign.md	software-engineering-craft	code-quality-and-refactoring
LegacyRefactorRegressionGuards.md	software-engineering-craft	code-quality-and-refactoring
LegacyRefactorRiskRanking.md	software-engineering-craft	code-quality-and-refactoring
LegacyRefactorRollbackPlans.md	software-engineering-craft	code-quality-and-refactoring
LegacyRefactorTraceIsolation.md	software-engineering-craft	code-quality-and-refactoring
LegacyRefactorVerificationLoops.md	software-engineering-craft	code-quality-and-refactoring
LegacySystemStrangler.md	backend-and-api-engineering	service-architecture-and-decomposition
LegalContractReview.md	security-and-trust	compliance-privacy-and-audit
LinuxOpsAutomationSafety.md	platform-and-cloud-infrastructure	cloud-and-kubernetes-operations
LinuxOpsCapacityForecasting.md	platform-and-cloud-infrastructure	cloud-and-kubernetes-operations
LinuxOpsCostGovernance.md	platform-and-cloud-infrastructure	cloud-and-kubernetes-operations
LinuxOpsDeploymentRollouts.md	platform-and-cloud-infrastructure	cloud-and-kubernetes-operations
LinuxOpsEnvironmentPromotion.md	platform-and-cloud-infrastructure	cloud-and-kubernetes-operations
LinuxOpsFailureRecovery.md	platform-and-cloud-infrastructure	cloud-and-kubernetes-operations
LinuxOpsIncidentTriage.md	platform-and-cloud-infrastructure	cloud-and-kubernetes-operations
LinuxOpsObservabilityDesign.md	platform-and-cloud-infrastructure	cloud-and-kubernetes-operations
LinuxOpsPolicyAutomation.md	platform-and-cloud-infrastructure	cloud-and-kubernetes-operations
LinuxOpsSecretsManagement.md	platform-and-cloud-infrastructure	cloud-and-kubernetes-operations
Linux_Bash.md	platform-and-cloud-infrastructure	systems-administration-reference
LiteratureReviewOpsActionExtraction.md	content-and-communication	internal-knowledge-and-research
LiteratureReviewOpsBiasChecks.md	content-and-communication	internal-knowledge-and-research
LiteratureReviewOpsCitationDiscipline.md	content-and-communication	internal-knowledge-and-research
LiteratureReviewOpsConfidenceScoring.md	content-and-communication	internal-knowledge-and-research
LiteratureReviewOpsContradictionHandling.md	content-and-communication	internal-knowledge-and-research
LiteratureReviewOpsEvidenceSifting.md	content-and-communication	internal-knowledge-and-research
LiteratureReviewOpsFollowupQuestions.md	content-and-communication	internal-knowledge-and-research
LiteratureReviewOpsQuestionDesign.md	content-and-communication	internal-knowledge-and-research
LiteratureReviewOpsStakeholderReadouts.md	content-and-communication	internal-knowledge-and-research
LiteratureReviewOpsSynthesisFrames.md	content-and-communication	internal-knowledge-and-research
Llama3.md	ai-and-agent-systems	model-provider-guides
Llama32Vision.md	ai-and-agent-systems	model-provider-guides
LoadTesting.md	testing-and-quality-assurance	browser-and-end-to-end-testing
Lobster.md	software-engineering-craft	languages
LocalLLMInference.md	ai-and-agent-systems	model-serving-and-cost
LoggingInstrumentationAutomationHooks.md	reliability-and-incident-response	observability-and-slos
LoggingInstrumentationChangeScoping.md	reliability-and-incident-response	observability-and-slos
LoggingInstrumentationEdgeCaseSweeps.md	reliability-and-incident-response	observability-and-slos
LoggingInstrumentationMinimalRepros.md	reliability-and-incident-response	observability-and-slos
LoggingInstrumentationPatchDesign.md	reliability-and-incident-response	observability-and-slos
LoggingInstrumentationRegressionGuards.md	reliability-and-incident-response	observability-and-slos
LoggingInstrumentationRiskRanking.md	reliability-and-incident-response	observability-and-slos
LoggingInstrumentationRollbackPlans.md	reliability-and-incident-response	observability-and-slos
LoggingInstrumentationTraceIsolation.md	reliability-and-incident-response	observability-and-slos
LoggingInstrumentationVerificationLoops.md	reliability-and-incident-response	observability-and-slos
MITM.md	security-and-trust	attack-defense-and-hardening
MLOpsModelDeployment.md	ai-and-agent-systems	model-serving-and-cost
MQTTIoTArchitecture.md	specialized-and-systems-engineering	embedded-iot-and-robotics
MachineLearning.md	ai-and-agent-systems	machine-learning-and-vision
MarketSignalScanningActionExtraction.md	product-growth-and-marketing	market-and-customer-insight
MarketSignalScanningBiasChecks.md	product-growth-and-marketing	market-and-customer-insight
MarketSignalScanningCitationDiscipline.md	product-growth-and-marketing	market-and-customer-insight
MarketSignalScanningConfidenceScoring.md	product-growth-and-marketing	market-and-customer-insight
MarketSignalScanningContradictionHandling.md	product-growth-and-marketing	market-and-customer-insight
MarketSignalScanningEvidenceSifting.md	product-growth-and-marketing	market-and-customer-insight
MarketSignalScanningFollowupQuestions.md	product-growth-and-marketing	market-and-customer-insight
MarketSignalScanningQuestionDesign.md	product-growth-and-marketing	market-and-customer-insight
MarketSignalScanningStakeholderReadouts.md	product-growth-and-marketing	market-and-customer-insight
MarketSignalScanningSynthesisFrames.md	product-growth-and-marketing	market-and-customer-insight
MeetingFacilitation.md	product-and-project-management	planning-cadence-and-delivery
MeetingSynthesisActionSummaries.md	content-and-communication	internal-knowledge-and-research
MeetingSynthesisApprovalCriteria.md	content-and-communication	internal-knowledge-and-research
MeetingSynthesisAudienceFraming.md	content-and-communication	internal-knowledge-and-research
MeetingSynthesisCrossLinking.md	content-and-communication	internal-knowledge-and-research
MeetingSynthesisDecisionRecords.md	content-and-communication	internal-knowledge-and-research
MeetingSynthesisEvidenceDensity.md	content-and-communication	internal-knowledge-and-research
MeetingSynthesisExampleQuality.md	content-and-communication	internal-knowledge-and-research
MeetingSynthesisReviewWorkflow.md	content-and-communication	internal-knowledge-and-research
MeetingSynthesisSearchability.md	content-and-communication	internal-knowledge-and-research
MeetingSynthesisUpdateCadence.md	content-and-communication	internal-knowledge-and-research
MemoryForensics.md	security-and-trust	attack-defense-and-hardening
MemoryHierarchyVirtualMemory.md	specialized-and-systems-engineering	hardware-and-computer-architecture
MemoryLeakTriageBenchmarkDesign.md	reliability-and-incident-response	production-diagnostics-and-triage
MemoryLeakTriageDeploymentConstraints.md	reliability-and-incident-response	production-diagnostics-and-triage
MemoryLeakTriageFailureModels.md	reliability-and-incident-response	production-diagnostics-and-triage
MemoryLeakTriageObservabilityHooks.md	reliability-and-incident-response	production-diagnostics-and-triage
MemoryLeakTriageOptimizationBoundaries.md	reliability-and-incident-response	production-diagnostics-and-triage
MemoryLeakTriageRecoveryLogic.md	reliability-and-incident-response	production-diagnostics-and-triage
MemoryLeakTriageReproHarnesses.md	reliability-and-incident-response	production-diagnostics-and-triage
MemoryLeakTriageResourceBudgets.md	reliability-and-incident-response	production-diagnostics-and-triage
MemoryLeakTriageSafetyMargins.md	reliability-and-incident-response	production-diagnostics-and-triage
MemoryLeakTriageStateInspection.md	reliability-and-incident-response	production-diagnostics-and-triage
MemoryManagementProfiling.md	reliability-and-incident-response	production-diagnostics-and-triage
MergeConflictResolutionApprovalHeuristics.md	software-engineering-craft	version-control-and-builds
MergeConflictResolutionChangeNarratives.md	software-engineering-craft	version-control-and-builds
MergeConflictResolutionDependencyBlastRadius.md	software-engineering-craft	version-control-and-builds
MergeConflictResolutionDiffCompression.md	software-engineering-craft	version-control-and-builds
MergeConflictResolutionEvidencePackets.md	software-engineering-craft	version-control-and-builds
MergeConflictResolutionFollowthroughChecklists.md	software-engineering-craft	version-control-and-builds
MergeConflictResolutionRebaseSafety.md	software-engineering-craft	version-control-and-builds
MergeConflictResolutionRegressionForecasting.md	software-engineering-craft	version-control-and-builds
MergeConflictResolutionReviewerAlignment.md	software-engineering-craft	version-control-and-builds
MergeConflictResolutionStagingPlans.md	software-engineering-craft	version-control-and-builds
MessageQueues.md	backend-and-api-engineering	messaging-queues-and-realtime
MessageSchemaAlignmentAlertEscalations.md	data-platform-and-analytics	schema-and-data-contracts
MessageSchemaAlignmentDeadLetterHandling.md	data-platform-and-analytics	schema-and-data-contracts
MessageSchemaAlignmentDeliveryAudits.md	data-platform-and-analytics	schema-and-data-contracts
MessageSchemaAlignmentIdempotencyWindows.md	data-platform-and-analytics	schema-and-data-contracts
MessageSchemaAlignmentMappingValidation.md	data-platform-and-analytics	schema-and-data-contracts
MessageSchemaAlignmentReplayStrategies.md	data-platform-and-analytics	schema-and-data-contracts
MessageSchemaAlignmentRetryContracts.md	data-platform-and-analytics	schema-and-data-contracts
MessageSchemaAlignmentSchemaGuardrails.md	data-platform-and-analytics	schema-and-data-contracts
MessageSchemaAlignmentSecretRotation.md	data-platform-and-analytics	schema-and-data-contracts
MessageSchemaAlignmentThroughputLimits.md	data-platform-and-analytics	schema-and-data-contracts
MetricDefinitionGovernance.md	data-platform-and-analytics	metrics-and-analytics
MetricGovernanceAnomalyTriage.md	data-platform-and-analytics	metrics-and-analytics
MetricGovernanceChangeImpact.md	data-platform-and-analytics	metrics-and-analytics
MetricGovernanceConsumerReadiness.md	data-platform-and-analytics	metrics-and-analytics
MetricGovernanceCostDiagnostics.md	data-platform-and-analytics	metrics-and-analytics
MetricGovernanceFreshnessMonitoring.md	data-platform-and-analytics	metrics-and-analytics
MetricGovernanceQueryPlans.md	data-platform-and-analytics	metrics-and-analytics
MetricGovernanceReconciliationChecks.md	data-platform-and-analytics	metrics-and-analytics
MetricGovernanceRetentionPolicies.md	data-platform-and-analytics	metrics-and-analytics
MetricGovernanceSemanticContracts.md	data-platform-and-analytics	metrics-and-analytics
MetricGovernanceValidationSuites.md	data-platform-and-analytics	metrics-and-analytics
MetricLineageAnalysis.md	data-platform-and-analytics	metrics-and-analytics
MetricLineageAutomation.md	data-platform-and-analytics	metrics-and-analytics
MetricLineageDesign.md	data-platform-and-analytics	metrics-and-analytics
MetricLineageDiagnostics.md	data-platform-and-analytics	metrics-and-analytics
MetricLineageGovernance.md	data-platform-and-analytics	metrics-and-analytics
MetricLineageOperations.md	data-platform-and-analytics	metrics-and-analytics
MetricLineageOptimization.md	data-platform-and-analytics	metrics-and-analytics
MetricLineagePlanning.md	data-platform-and-analytics	metrics-and-analytics
MetricLineageReview.md	data-platform-and-analytics	metrics-and-analytics
MetricLineageStrategy.md	data-platform-and-analytics	metrics-and-analytics
MetricReviewBoardsDesign.md	data-platform-and-analytics	metrics-and-analytics
MetricReviewBoardsDiagnostics.md	data-platform-and-analytics	metrics-and-analytics
MetricReviewBoardsGovernance.md	data-platform-and-analytics	metrics-and-analytics
MetricReviewBoardsOperations.md	data-platform-and-analytics	metrics-and-analytics
MetricReviewBoardsOptimization.md	data-platform-and-analytics	metrics-and-analytics
MetricReviewBoardsPlanning.md	data-platform-and-analytics	metrics-and-analytics
MetricReviewBoardsPlaybook.md	data-platform-and-analytics	metrics-and-analytics
MetricReviewBoardsReliability.md	data-platform-and-analytics	metrics-and-analytics
MetricReviewBoardsReview.md	data-platform-and-analytics	metrics-and-analytics
MetricReviewBoardsStrategy.md	data-platform-and-analytics	metrics-and-analytics
MetricsDefinitionOpsAnomalyIsolation.md	data-platform-and-analytics	metrics-and-analytics
MetricsDefinitionOpsConsistencyGuarantees.md	data-platform-and-analytics	metrics-and-analytics
MetricsDefinitionOpsConsumerImpact.md	data-platform-and-analytics	metrics-and-analytics
MetricsDefinitionOpsCostSignals.md	data-platform-and-analytics	metrics-and-analytics
MetricsDefinitionOpsDriftChecks.md	data-platform-and-analytics	metrics-and-analytics
MetricsDefinitionOpsLineageRecords.md	data-platform-and-analytics	metrics-and-analytics
MetricsDefinitionOpsMigrationWindows.md	data-platform-and-analytics	metrics-and-analytics
MetricsDefinitionOpsOwnershipMaps.md	data-platform-and-analytics	metrics-and-analytics
MetricsDefinitionOpsRecoveryPaths.md	data-platform-and-analytics	metrics-and-analytics
MetricsDefinitionOpsValidationProofs.md	data-platform-and-analytics	metrics-and-analytics
MicroFrontendArchitecture.md	frontend-and-user-experience	frontend-frameworks-and-performance
MicrocopyDecisionRulesDesign.md	frontend-and-user-experience	ux-research-and-interaction-design
MicrocopyDecisionRulesDiagnostics.md	frontend-and-user-experience	ux-research-and-interaction-design
MicrocopyDecisionRulesGovernance.md	frontend-and-user-experience	ux-research-and-interaction-design
MicrocopyDecisionRulesOperations.md	frontend-and-user-experience	ux-research-and-interaction-design
MicrocopyDecisionRulesOptimization.md	frontend-and-user-experience	ux-research-and-interaction-design
MicrocopyDecisionRulesPlanning.md	frontend-and-user-experience	ux-research-and-interaction-design
MicrocopyDecisionRulesPlaybook.md	frontend-and-user-experience	ux-research-and-interaction-design
MicrocopyDecisionRulesReliability.md	frontend-and-user-experience	ux-research-and-interaction-design
MicrocopyDecisionRulesReview.md	frontend-and-user-experience	ux-research-and-interaction-design
MicrocopyDecisionRulesStrategy.md	frontend-and-user-experience	ux-research-and-interaction-design
MicroservicesDesign.md	backend-and-api-engineering	service-architecture-and-decomposition
MigrateToShoehorn.md	software-engineering-craft	code-quality-and-refactoring
Mistral.md	ai-and-agent-systems	model-provider-guides
MobileAppDesign.md	mobile-and-desktop-apps	native-and-desktop-development
MobileCrossPlatform.md	mobile-and-desktop-apps	native-and-desktop-development
MobileExperienceDesignContentHierarchy.md	frontend-and-user-experience	ux-research-and-interaction-design
MobileExperienceDesignDecisionClarity.md	frontend-and-user-experience	ux-research-and-interaction-design
MobileExperienceDesignEdgeStateCoverage.md	frontend-and-user-experience	ux-research-and-interaction-design
MobileExperienceDesignExperimentAnnotations.md	frontend-and-user-experience	ux-research-and-interaction-design
MobileExperienceDesignHandoffSpecs.md	frontend-and-user-experience	ux-research-and-interaction-design
MobileExperienceDesignHeuristicReviews.md	frontend-and-user-experience	ux-research-and-interaction-design
MobileExperienceDesignMeasurementPlans.md	frontend-and-user-experience	ux-research-and-interaction-design
MobileExperienceDesignRecoveryPatterns.md	frontend-and-user-experience	ux-research-and-interaction-design
MobileExperienceDesignStateMapping.md	frontend-and-user-experience	ux-research-and-interaction-design
MobileExperienceDesignUsabilitySignals.md	frontend-and-user-experience	ux-research-and-interaction-design
MobileNetworkFallbacksDesign.md	mobile-and-desktop-apps	device-connectivity-and-offline
MobileNetworkFallbacksDiagnostics.md	mobile-and-desktop-apps	device-connectivity-and-offline
MobileNetworkFallbacksGovernance.md	mobile-and-desktop-apps	device-connectivity-and-offline
MobileNetworkFallbacksOperations.md	mobile-and-desktop-apps	device-connectivity-and-offline
MobileNetworkFallbacksOptimization.md	mobile-and-desktop-apps	device-connectivity-and-offline
MobileNetworkFallbacksPlanning.md	mobile-and-desktop-apps	device-connectivity-and-offline
MobileNetworkFallbacksPlaybook.md	mobile-and-desktop-apps	device-connectivity-and-offline
MobileNetworkFallbacksReliability.md	mobile-and-desktop-apps	device-connectivity-and-offline
MobileNetworkFallbacksReview.md	mobile-and-desktop-apps	device-connectivity-and-offline
MobileNetworkFallbacksStrategy.md	mobile-and-desktop-apps	device-connectivity-and-offline
MobileNetworkResilience.md	mobile-and-desktop-apps	device-connectivity-and-offline
MobileReleaseManagement.md	mobile-and-desktop-apps	release-and-app-store-delivery
MobileUXComponentPatterns.md	frontend-and-user-experience	ux-research-and-interaction-design
MobileUXContentDesign.md	frontend-and-user-experience	ux-research-and-interaction-design
MobileUXCritiqueFrameworks.md	frontend-and-user-experience	ux-research-and-interaction-design
MobileUXEdgeStateDesign.md	frontend-and-user-experience	ux-research-and-interaction-design
MobileUXHandoffSpecifications.md	frontend-and-user-experience	ux-research-and-interaction-design
MobileUXMeasurementPlans.md	frontend-and-user-experience	ux-research-and-interaction-design
MobileUXReviewChecklists.md	frontend-and-user-experience	ux-research-and-interaction-design
MobileUXUsabilityTesting.md	frontend-and-user-experience	ux-research-and-interaction-design
MobileUXUserFlows.md	frontend-and-user-experience	ux-research-and-interaction-design
MobileUXVisualHierarchy.md	frontend-and-user-experience	ux-research-and-interaction-design
ModelDriftReviewAnnotationDisputes.md	ai-and-agent-systems	evaluation-and-labeling
ModelDriftReviewDeploymentGates.md	ai-and-agent-systems	evaluation-and-labeling
ModelDriftReviewErrorBuckets.md	ai-and-agent-systems	evaluation-and-labeling
ModelDriftReviewFeedbackIngestion.md	ai-and-agent-systems	evaluation-and-labeling
ModelDriftReviewGoldSetCuration.md	ai-and-agent-systems	evaluation-and-labeling
ModelDriftReviewModelCardSignals.md	ai-and-agent-systems	evaluation-and-labeling
ModelDriftReviewMonitoringCadence.md	ai-and-agent-systems	evaluation-and-labeling
ModelDriftReviewSamplingStrategies.md	ai-and-agent-systems	evaluation-and-labeling
ModelDriftReviewSliceAnalysis.md	ai-and-agent-systems	evaluation-and-labeling
ModelDriftReviewThresholdPolicies.md	ai-and-agent-systems	evaluation-and-labeling
ModelFallbackRoutingComparisonRuns.md	ai-and-agent-systems	model-serving-and-cost
ModelFallbackRoutingEscalationRules.md	ai-and-agent-systems	model-serving-and-cost
ModelFallbackRoutingFailureLabels.md	ai-and-agent-systems	model-serving-and-cost
ModelFallbackRoutingHumanOverride.md	ai-and-agent-systems	model-serving-and-cost
ModelFallbackRoutingPromptVersioning.md	ai-and-agent-systems	model-serving-and-cost
ModelFallbackRoutingQualityGates.md	ai-and-agent-systems	model-serving-and-cost
ModelFallbackRoutingSafetyThresholds.md	ai-and-agent-systems	model-serving-and-cost
ModelFallbackRoutingTaskContracts.md	ai-and-agent-systems	model-serving-and-cost
ModelFallbackRoutingToolReliability.md	ai-and-agent-systems	model-serving-and-cost
ModelFallbackRoutingTraceReview.md	ai-and-agent-systems	model-serving-and-cost
ModelQualityRubricsDesign.md	ai-and-agent-systems	evaluation-and-labeling
ModelQualityRubricsDiagnostics.md	ai-and-agent-systems	evaluation-and-labeling
ModelQualityRubricsGovernance.md	ai-and-agent-systems	evaluation-and-labeling
ModelQualityRubricsOperations.md	ai-and-agent-systems	evaluation-and-labeling
ModelQualityRubricsOptimization.md	ai-and-agent-systems	evaluation-and-labeling
ModelQualityRubricsPlanning.md	ai-and-agent-systems	evaluation-and-labeling
ModelQualityRubricsPlaybook.md	ai-and-agent-systems	evaluation-and-labeling
ModelQualityRubricsReliability.md	ai-and-agent-systems	evaluation-and-labeling
ModelQualityRubricsReview.md	ai-and-agent-systems	evaluation-and-labeling
ModelQualityRubricsStrategy.md	ai-and-agent-systems	evaluation-and-labeling
ModelRoutingAnalysis.md	ai-and-agent-systems	model-serving-and-cost
ModelRoutingAutomation.md	ai-and-agent-systems	model-serving-and-cost
ModelRoutingCostControl.md	ai-and-agent-systems	model-serving-and-cost
ModelRoutingDataContracts.md	ai-and-agent-systems	model-serving-and-cost
ModelRoutingDesign.md	ai-and-agent-systems	model-serving-and-cost
ModelRoutingDiagnostics.md	ai-and-agent-systems	model-serving-and-cost
ModelRoutingEvaluationRubrics.md	ai-and-agent-systems	model-serving-and-cost
ModelRoutingExperimentTracking.md	ai-and-agent-systems	model-serving-and-cost
ModelRoutingFailureAnalysis.md	ai-and-agent-systems	model-serving-and-cost
ModelRoutingGovernance.md	ai-and-agent-systems	model-serving-and-cost
ModelRoutingHumanReviewLoops.md	ai-and-agent-systems	model-serving-and-cost
ModelRoutingLatencyBudgets.md	ai-and-agent-systems	model-serving-and-cost
ModelRoutingOperations.md	ai-and-agent-systems	model-serving-and-cost
ModelRoutingOpsCostBudgets.md	ai-and-agent-systems	model-serving-and-cost
ModelRoutingOpsExperimentTracking.md	ai-and-agent-systems	model-serving-and-cost
ModelRoutingOpsFailureTaxonomy.md	ai-and-agent-systems	model-serving-and-cost
ModelRoutingOpsHumanEscalation.md	ai-and-agent-systems	model-serving-and-cost
ModelRoutingOpsLatencyControl.md	ai-and-agent-systems	model-serving-and-cost
ModelRoutingOpsPolicyEnforcement.md	ai-and-agent-systems	model-serving-and-cost
ModelRoutingOpsQualityThresholds.md	ai-and-agent-systems	model-serving-and-cost
ModelRoutingOpsRolloutStages.md	ai-and-agent-systems	model-serving-and-cost
ModelRoutingOpsTaskContracts.md	ai-and-agent-systems	model-serving-and-cost
ModelRoutingOpsTraceAnalysis.md	ai-and-agent-systems	model-serving-and-cost
ModelRoutingOptimization.md	ai-and-agent-systems	model-serving-and-cost
ModelRoutingPlanning.md	ai-and-agent-systems	model-serving-and-cost
ModelRoutingProductionRollouts.md	ai-and-agent-systems	model-serving-and-cost
ModelRoutingReview.md	ai-and-agent-systems	model-serving-and-cost
ModelRoutingSafetyDesign.md	ai-and-agent-systems	model-serving-and-cost
ModelRoutingStrategy.md	ai-and-agent-systems	model-serving-and-cost
ModelRoutingToolReliability.md	ai-and-agent-systems	model-serving-and-cost
ModularMonolithsConstraintMapping.md	backend-and-api-engineering	service-architecture-and-decomposition
ModularMonolithsDataOwnership.md	backend-and-api-engineering	service-architecture-and-decomposition
ModularMonolithsDependencyGraphs.md	backend-and-api-engineering	service-architecture-and-decomposition
ModularMonolithsFailureBudgets.md	backend-and-api-engineering	service-architecture-and-decomposition
ModularMonolithsInterfaceContracts.md	backend-and-api-engineering	service-architecture-and-decomposition
ModularMonolithsMigrationSeams.md	backend-and-api-engineering	service-architecture-and-decomposition
ModularMonolithsOperabilityHooks.md	backend-and-api-engineering	service-architecture-and-decomposition
ModularMonolithsRolloutPhases.md	backend-and-api-engineering	service-architecture-and-decomposition
ModularMonolithsScalingPaths.md	backend-and-api-engineering	service-architecture-and-decomposition
ModularMonolithsTradeoffReviews.md	backend-and-api-engineering	service-architecture-and-decomposition
MongoDB.md	data-platform-and-analytics	databases-and-warehouses
MongoDBAccessPatterns.md	data-platform-and-analytics	databases-and-warehouses
MongoDBConsistencyRules.md	data-platform-and-analytics	databases-and-warehouses
MongoDBCostGuardrails.md	data-platform-and-analytics	databases-and-warehouses
MongoDBDataModelGrain.md	data-platform-and-analytics	databases-and-warehouses
MongoDBDataObservability.md	data-platform-and-analytics	data-quality-and-governance
MongoDBMigrationCutovers.md	data-platform-and-analytics	databases-and-warehouses
MongoDBQueryProfiling.md	data-platform-and-analytics	databases-and-warehouses
MongoDBReplicationRecovery.md	data-platform-and-analytics	databases-and-warehouses
MongoDBSchemaEvolution.md	data-platform-and-analytics	schema-and-data-contracts
MongoDBSecurityControls.md	security-and-trust	secrets-and-key-management
MonitoringObservability.md	reliability-and-incident-response	observability-and-slos
MonolithDecompositionAnalysis.md	backend-and-api-engineering	service-architecture-and-decomposition
MonolithDecompositionAutomation.md	backend-and-api-engineering	service-architecture-and-decomposition
MonolithDecompositionDesign.md	backend-and-api-engineering	service-architecture-and-decomposition
MonolithDecompositionDiagnostics.md	backend-and-api-engineering	service-architecture-and-decomposition
MonolithDecompositionGovernance.md	backend-and-api-engineering	service-architecture-and-decomposition
MonolithDecompositionOperations.md	backend-and-api-engineering	service-architecture-and-decomposition
MonolithDecompositionOptimization.md	backend-and-api-engineering	service-architecture-and-decomposition
MonolithDecompositionPlanning.md	backend-and-api-engineering	service-architecture-and-decomposition
MonolithDecompositionReview.md	backend-and-api-engineering	service-architecture-and-decomposition
MonolithDecompositionStrategy.md	backend-and-api-engineering	service-architecture-and-decomposition
MonorepoArchitecture.md	software-engineering-craft	version-control-and-builds
MonorepoDependencyRulesDesign.md	software-engineering-craft	version-control-and-builds
MonorepoDependencyRulesDiagnostics.md	software-engineering-craft	version-control-and-builds
MonorepoDependencyRulesGovernance.md	software-engineering-craft	version-control-and-builds
MonorepoDependencyRulesOperations.md	software-engineering-craft	version-control-and-builds
MonorepoDependencyRulesOptimization.md	software-engineering-craft	version-control-and-builds
MonorepoDependencyRulesPlanning.md	software-engineering-craft	version-control-and-builds
MonorepoDependencyRulesPlaybook.md	software-engineering-craft	version-control-and-builds
MonorepoDependencyRulesReliability.md	software-engineering-craft	version-control-and-builds
MonorepoDependencyRulesReview.md	software-engineering-craft	version-control-and-builds
MonorepoDependencyRulesStrategy.md	software-engineering-craft	version-control-and-builds
MonorepoGovernance.md	software-engineering-craft	version-control-and-builds
MonorepoGraphNavigationApprovalHeuristics.md	software-engineering-craft	version-control-and-builds
MonorepoGraphNavigationChangeNarratives.md	software-engineering-craft	version-control-and-builds
MonorepoGraphNavigationDependencyBlastRadius.md	software-engineering-craft	version-control-and-builds
MonorepoGraphNavigationDiffCompression.md	software-engineering-craft	version-control-and-builds
MonorepoGraphNavigationEvidencePackets.md	software-engineering-craft	version-control-and-builds
MonorepoGraphNavigationFollowthroughChecklists.md	software-engineering-craft	version-control-and-builds
MonorepoGraphNavigationRebaseSafety.md	software-engineering-craft	version-control-and-builds
MonorepoGraphNavigationRegressionForecasting.md	software-engineering-craft	version-control-and-builds
MonorepoGraphNavigationReviewerAlignment.md	software-engineering-craft	version-control-and-builds
MonorepoGraphNavigationStagingPlans.md	software-engineering-craft	version-control-and-builds
Motion-Design.md	frontend-and-user-experience	design-systems-and-visual-design
MotionAccessibility.md	frontend-and-user-experience	design-systems-and-visual-design
MotionDesignComponentPatterns.md	frontend-and-user-experience	design-systems-and-visual-design
MotionDesignContentDesign.md	frontend-and-user-experience	design-systems-and-visual-design
MotionDesignCritiqueFrameworks.md	frontend-and-user-experience	design-systems-and-visual-design
MotionDesignEdgeStateDesign.md	frontend-and-user-experience	design-systems-and-visual-design
MotionDesignHandoffSpecifications.md	frontend-and-user-experience	design-systems-and-visual-design
MotionDesignMeasurementPlans.md	frontend-and-user-experience	design-systems-and-visual-design
MotionDesignReviewChecklists.md	frontend-and-user-experience	design-systems-and-visual-design
MotionDesignUsabilityTesting.md	frontend-and-user-experience	design-systems-and-visual-design
MotionDesignUserFlows.md	frontend-and-user-experience	design-systems-and-visual-design
MotionDesignVisualHierarchy.md	frontend-and-user-experience	design-systems-and-visual-design
MultiAgentCoordination.md	ai-and-agent-systems	agents-and-tool-use
MultiModalAI.md	ai-and-agent-systems	model-serving-and-cost
MultiProviderAIIntegration.md	ai-and-agent-systems	model-serving-and-cost
MultiRegionArchitecture.md	platform-and-cloud-infrastructure	platform-engineering-and-tenancy
MultiRegionTrafficPolicyDesign.md	platform-and-cloud-infrastructure	platform-engineering-and-tenancy
MultiRegionTrafficPolicyDiagnostics.md	platform-and-cloud-infrastructure	platform-engineering-and-tenancy
MultiRegionTrafficPolicyGovernance.md	platform-and-cloud-infrastructure	platform-engineering-and-tenancy
MultiRegionTrafficPolicyOperations.md	platform-and-cloud-infrastructure	platform-engineering-and-tenancy
MultiRegionTrafficPolicyOptimization.md	platform-and-cloud-infrastructure	platform-engineering-and-tenancy
MultiRegionTrafficPolicyPlanning.md	platform-and-cloud-infrastructure	platform-engineering-and-tenancy
MultiRegionTrafficPolicyPlaybook.md	platform-and-cloud-infrastructure	platform-engineering-and-tenancy
MultiRegionTrafficPolicyReliability.md	platform-and-cloud-infrastructure	platform-engineering-and-tenancy
MultiRegionTrafficPolicyReview.md	platform-and-cloud-infrastructure	platform-engineering-and-tenancy
MultiRegionTrafficPolicyStrategy.md	platform-and-cloud-infrastructure	platform-engineering-and-tenancy
MultiServiceTracingBackpressureSignals.md	reliability-and-incident-response	observability-and-slos
MultiServiceTracingCausalTracing.md	reliability-and-incident-response	observability-and-slos
MultiServiceTracingContractProofs.md	reliability-and-incident-response	observability-and-slos
MultiServiceTracingDependencyIsolation.md	reliability-and-incident-response	observability-and-slos
MultiServiceTracingFailureSequencing.md	reliability-and-incident-response	observability-and-slos
MultiServiceTracingIdempotencyRules.md	reliability-and-incident-response	observability-and-slos
MultiServiceTracingOperatorClarity.md	reliability-and-incident-response	observability-and-slos
MultiServiceTracingRecoveryScripts.md	reliability-and-incident-response	observability-and-slos
MultiServiceTracingRetryDiscipline.md	reliability-and-incident-response	observability-and-slos
MultiServiceTracingRolloutGuards.md	reliability-and-incident-response	observability-and-slos
MultiStepAgentRecoveryComparisonRuns.md	ai-and-agent-systems	agents-and-tool-use
MultiStepAgentRecoveryEscalationRules.md	ai-and-agent-systems	agents-and-tool-use
MultiStepAgentRecoveryFailureLabels.md	ai-and-agent-systems	agents-and-tool-use
MultiStepAgentRecoveryHumanOverride.md	ai-and-agent-systems	agents-and-tool-use
MultiStepAgentRecoveryPromptVersioning.md	ai-and-agent-systems	agents-and-tool-use
MultiStepAgentRecoveryQualityGates.md	ai-and-agent-systems	agents-and-tool-use
MultiStepAgentRecoverySafetyThresholds.md	ai-and-agent-systems	agents-and-tool-use
MultiStepAgentRecoveryTaskContracts.md	ai-and-agent-systems	agents-and-tool-use
MultiStepAgentRecoveryToolReliability.md	ai-and-agent-systems	agents-and-tool-use
MultiStepAgentRecoveryTraceReview.md	ai-and-agent-systems	agents-and-tool-use
MultiTabCoordinationArtifactCapture.md	testing-and-quality-assurance	browser-and-end-to-end-testing
MultiTabCoordinationCrossBrowserDrift.md	testing-and-quality-assurance	browser-and-end-to-end-testing
MultiTabCoordinationEnvironmentParity.md	testing-and-quality-assurance	browser-and-end-to-end-testing
MultiTabCoordinationFailureScreenshots.md	testing-and-quality-assurance	browser-and-end-to-end-testing
MultiTabCoordinationFlakeTriage.md	testing-and-quality-assurance	browser-and-end-to-end-testing
MultiTabCoordinationRetryWindows.md	testing-and-quality-assurance	browser-and-end-to-end-testing
MultiTabCoordinationSelectorResilience.md	testing-and-quality-assurance	browser-and-end-to-end-testing
MultiTabCoordinationStateReset.md	testing-and-quality-assurance	browser-and-end-to-end-testing
MultiTabCoordinationTimingStability.md	testing-and-quality-assurance	browser-and-end-to-end-testing
MultiTabCoordinationUserSimulation.md	testing-and-quality-assurance	browser-and-end-to-end-testing
MultiTenancySaaS.md	backend-and-api-engineering	service-architecture-and-decomposition
MultiTenantPlatformsConstraintMapping.md	platform-and-cloud-infrastructure	platform-engineering-and-tenancy
MultiTenantPlatformsDataOwnership.md	platform-and-cloud-infrastructure	platform-engineering-and-tenancy
MultiTenantPlatformsDependencyGraphs.md	platform-and-cloud-infrastructure	platform-engineering-and-tenancy
MultiTenantPlatformsFailureBudgets.md	platform-and-cloud-infrastructure	platform-engineering-and-tenancy
MultiTenantPlatformsInterfaceContracts.md	platform-and-cloud-infrastructure	platform-engineering-and-tenancy
MultiTenantPlatformsMigrationSeams.md	platform-and-cloud-infrastructure	platform-engineering-and-tenancy
MultiTenantPlatformsOperabilityHooks.md	platform-and-cloud-infrastructure	platform-engineering-and-tenancy
MultiTenantPlatformsRolloutPhases.md	platform-and-cloud-infrastructure	platform-engineering-and-tenancy
MultiTenantPlatformsScalingPaths.md	platform-and-cloud-infrastructure	platform-engineering-and-tenancy
MultiTenantPlatformsTradeoffReviews.md	platform-and-cloud-infrastructure	platform-engineering-and-tenancy
MySQLAccessPatterns.md	data-platform-and-analytics	databases-and-warehouses
MySQLConsistencyRules.md	data-platform-and-analytics	databases-and-warehouses
MySQLCostGuardrails.md	data-platform-and-analytics	databases-and-warehouses
MySQLDataModelGrain.md	data-platform-and-analytics	databases-and-warehouses
MySQLDataObservability.md	data-platform-and-analytics	data-quality-and-governance
MySQLMigrationCutovers.md	data-platform-and-analytics	databases-and-warehouses
MySQLQueryProfiling.md	data-platform-and-analytics	databases-and-warehouses
MySQLReplicationRecovery.md	data-platform-and-analytics	databases-and-warehouses
MySQLSchemaEvolution.md	data-platform-and-analytics	schema-and-data-contracts
MySQLSecurityControls.md	security-and-trust	secrets-and-key-management
NLPTextProcessing.md	ai-and-agent-systems	machine-learning-and-vision
NPMPackagePublishing.md	software-engineering-craft	version-control-and-builds
NarrativeTestingSystemsDesign.md	content-and-communication	editorial-and-copywriting
NarrativeTestingSystemsDiagnostics.md	content-and-communication	editorial-and-copywriting
NarrativeTestingSystemsGovernance.md	content-and-communication	editorial-and-copywriting
NarrativeTestingSystemsOperations.md	content-and-communication	editorial-and-copywriting
NarrativeTestingSystemsOptimization.md	content-and-communication	editorial-and-copywriting
NarrativeTestingSystemsPlanning.md	content-and-communication	editorial-and-copywriting
NarrativeTestingSystemsPlaybook.md	content-and-communication	editorial-and-copywriting
NarrativeTestingSystemsReliability.md	content-and-communication	editorial-and-copywriting
NarrativeTestingSystemsReview.md	content-and-communication	editorial-and-copywriting
NarrativeTestingSystemsStrategy.md	content-and-communication	editorial-and-copywriting
NavigationFlowRepairAccessibilityProofs.md	frontend-and-user-experience	ux-research-and-interaction-design
NavigationFlowRepairDeviceCoverage.md	frontend-and-user-experience	ux-research-and-interaction-design
NavigationFlowRepairEdgeStateMatrices.md	frontend-and-user-experience	ux-research-and-interaction-design
NavigationFlowRepairFailureRecovery.md	frontend-and-user-experience	ux-research-and-interaction-design
NavigationFlowRepairHandoffSpecs.md	frontend-and-user-experience	ux-research-and-interaction-design
NavigationFlowRepairInteractionLatency.md	frontend-and-user-experience	ux-research-and-interaction-design
NavigationFlowRepairRegressionScreens.md	frontend-and-user-experience	ux-research-and-interaction-design
NavigationFlowRepairStateBoundaries.md	frontend-and-user-experience	ux-research-and-interaction-design
NavigationFlowRepairTestObservability.md	frontend-and-user-experience	ux-research-and-interaction-design
NavigationFlowRepairVisualContracts.md	frontend-and-user-experience	ux-research-and-interaction-design
NegotiationStrategy.md	customer-and-revenue-operations	sales-and-partner-operations
NestJSAuthenticationFlows.md	backend-and-api-engineering	backend-framework-patterns
NestJSBackgroundJobPatterns.md	backend-and-api-engineering	backend-framework-patterns
NestJSCacheInvalidation.md	backend-and-api-engineering	backend-framework-patterns
NestJSContractEvolution.md	backend-and-api-engineering	backend-framework-patterns
NestJSErrorModeling.md	backend-and-api-engineering	backend-framework-patterns
NestJSIdempotencyControls.md	backend-and-api-engineering	backend-framework-patterns
NestJSMultiTenantIsolation.md	backend-and-api-engineering	backend-framework-patterns
NestJSObservabilityContracts.md	backend-and-api-engineering	backend-framework-patterns
NestJSPaginationSystems.md	backend-and-api-engineering	backend-framework-patterns
NestJSRateLimitDesign.md	backend-and-api-engineering	backend-framework-patterns
NetworkPathAnalysisBenchmarkDesign.md	reliability-and-incident-response	production-diagnostics-and-triage
NetworkPathAnalysisDeploymentConstraints.md	reliability-and-incident-response	production-diagnostics-and-triage
NetworkPathAnalysisFailureModels.md	reliability-and-incident-response	production-diagnostics-and-triage
NetworkPathAnalysisObservabilityHooks.md	reliability-and-incident-response	production-diagnostics-and-triage
NetworkPathAnalysisOptimizationBoundaries.md	reliability-and-incident-response	production-diagnostics-and-triage
NetworkPathAnalysisRecoveryLogic.md	reliability-and-incident-response	production-diagnostics-and-triage
NetworkPathAnalysisReproHarnesses.md	reliability-and-incident-response	production-diagnostics-and-triage
NetworkPathAnalysisResourceBudgets.md	reliability-and-incident-response	production-diagnostics-and-triage
NetworkPathAnalysisSafetyMargins.md	reliability-and-incident-response	production-diagnostics-and-triage
NetworkPathAnalysisStateInspection.md	reliability-and-incident-response	production-diagnostics-and-triage
NetworkProgramming.md	specialized-and-systems-engineering	compilers-os-and-networking
NetworkingAPIDesign.md	specialized-and-systems-engineering	compilers-os-and-networking
NetworkingArchitecturePatterns.md	specialized-and-systems-engineering	compilers-os-and-networking
NetworkingDebuggingTactics.md	specialized-and-systems-engineering	compilers-os-and-networking
NetworkingFailureAnalysis.md	specialized-and-systems-engineering	compilers-os-and-networking
NetworkingMemorySafety.md	specialized-and-systems-engineering	compilers-os-and-networking
NetworkingOptimizationPlaybooks.md	specialized-and-systems-engineering	compilers-os-and-networking
NetworkingPerformanceModels.md	specialized-and-systems-engineering	compilers-os-and-networking
NetworkingStackAPIDesign.md	specialized-and-systems-engineering	compilers-os-and-networking
NetworkingStackArchitecturePatterns.md	specialized-and-systems-engineering	compilers-os-and-networking
NetworkingStackDebuggingTactics.md	specialized-and-systems-engineering	compilers-os-and-networking
NetworkingStackFailureAnalysis.md	specialized-and-systems-engineering	compilers-os-and-networking
NetworkingStackMemorySafety.md	specialized-and-systems-engineering	compilers-os-and-networking
NetworkingStackOptimizationPlaybooks.md	specialized-and-systems-engineering	compilers-os-and-networking
NetworkingStackPerformanceModels.md	specialized-and-systems-engineering	compilers-os-and-networking
NetworkingStackStateMachines.md	specialized-and-systems-engineering	compilers-os-and-networking
NetworkingStackTestStrategies.md	specialized-and-systems-engineering	compilers-os-and-networking
NetworkingStackToolingWorkflows.md	specialized-and-systems-engineering	compilers-os-and-networking
NetworkingStateMachines.md	specialized-and-systems-engineering	compilers-os-and-networking
NetworkingTestStrategies.md	specialized-and-systems-engineering	compilers-os-and-networking
NetworkingToolingWorkflows.md	specialized-and-systems-engineering	compilers-os-and-networking
NeuroSymbolicAI.md	ai-and-agent-systems	machine-learning-and-vision
NewsletterEditorialStrategy.md	content-and-communication	editorial-and-copywriting
NextJsAccessibilityFlows.md	frontend-and-user-experience	accessibility
NextJsBuildPipelines.md	frontend-and-user-experience	frontend-frameworks-and-performance
NextJsComponentTesting.md	frontend-and-user-experience	frontend-frameworks-and-performance
NextJsDesignSystemAdoption.md	frontend-and-user-experience	frontend-frameworks-and-performance
NextJsErrorRecoveryUX.md	frontend-and-user-experience	frontend-frameworks-and-performance
NextJsFormSystems.md	frontend-and-user-experience	frontend-frameworks-and-performance
NextJsHydrationRecovery.md	frontend-and-user-experience	frontend-frameworks-and-performance
NextJsRenderingPerformance.md	frontend-and-user-experience	frontend-frameworks-and-performance
NextJsRoutingBoundaries.md	frontend-and-user-experience	frontend-frameworks-and-performance
NextJsStateArchitecture.md	frontend-and-user-experience	frontend-frameworks-and-performance
NginxConfiguration.md	platform-and-cloud-infrastructure	platform-engineering-and-tenancy
Nim.md	software-engineering-craft	languages
NodeJSArchitecture.md	backend-and-api-engineering	backend-framework-patterns
NotificationPipelineOpsAlertEscalations.md	backend-and-api-engineering	integrations-and-webhooks
NotificationPipelineOpsDeadLetterHandling.md	backend-and-api-engineering	integrations-and-webhooks
NotificationPipelineOpsDeliveryAudits.md	backend-and-api-engineering	integrations-and-webhooks
NotificationPipelineOpsIdempotencyWindows.md	backend-and-api-engineering	integrations-and-webhooks
NotificationPipelineOpsMappingValidation.md	backend-and-api-engineering	integrations-and-webhooks
NotificationPipelineOpsReplayStrategies.md	backend-and-api-engineering	integrations-and-webhooks
NotificationPipelineOpsRetryContracts.md	backend-and-api-engineering	integrations-and-webhooks
NotificationPipelineOpsSchemaGuardrails.md	backend-and-api-engineering	integrations-and-webhooks
NotificationPipelineOpsSecretRotation.md	backend-and-api-engineering	integrations-and-webhooks
NotificationPipelineOpsThroughputLimits.md	backend-and-api-engineering	integrations-and-webhooks
NuxtAccessibilityFlows.md	frontend-and-user-experience	accessibility
NuxtBuildPipelines.md	frontend-and-user-experience	frontend-frameworks-and-performance
NuxtComponentTesting.md	frontend-and-user-experience	frontend-frameworks-and-performance
NuxtDesignSystemAdoption.md	frontend-and-user-experience	frontend-frameworks-and-performance
NuxtErrorRecoveryUX.md	frontend-and-user-experience	frontend-frameworks-and-performance
NuxtFormSystems.md	frontend-and-user-experience	frontend-frameworks-and-performance
NuxtHydrationRecovery.md	frontend-and-user-experience	frontend-frameworks-and-performance
NuxtRenderingPerformance.md	frontend-and-user-experience	frontend-frameworks-and-performance
NuxtRoutingBoundaries.md	frontend-and-user-experience	frontend-frameworks-and-performance
NuxtStateArchitecture.md	frontend-and-user-experience	frontend-frameworks-and-performance
OAuthAttackSimulation.md	security-and-trust	identity-and-access
OAuthConsentFlowsBackoffPolicies.md	security-and-trust	identity-and-access
OAuthConsentFlowsContractSnapshots.md	security-and-trust	identity-and-access
OAuthConsentFlowsErrorTaxonomy.md	security-and-trust	identity-and-access
OAuthConsentFlowsRequestReplay.md	security-and-trust	identity-and-access
OAuthConsentFlowsRolloutWindows.md	security-and-trust	identity-and-access
OAuthConsentFlowsSandboxParity.md	security-and-trust	identity-and-access
OAuthConsentFlowsSignatureValidation.md	security-and-trust	identity-and-access
OAuthConsentFlowsSupportEscalations.md	security-and-trust	identity-and-access
OAuthConsentFlowsTokenRefresh.md	security-and-trust	identity-and-access
OAuthConsentFlowsVersionDiffs.md	security-and-trust	identity-and-access
OAuthControlArchitecture.md	security-and-trust	identity-and-access
OAuthDetectionEngineering.md	security-and-trust	identity-and-access
OAuthEvidenceHandling.md	security-and-trust	identity-and-access
OAuthExceptionGovernance.md	security-and-trust	identity-and-access
OAuthHardeningBaselines.md	security-and-trust	identity-and-access
OAuthKeyManagement.md	security-and-trust	secrets-and-key-management
OAuthPKCEFlows.md	security-and-trust	identity-and-access
OAuthResponsePlaybooks.md	security-and-trust	identity-and-access
OAuthSecureDefaults.md	security-and-trust	identity-and-access
OAuthVerificationFlows.md	security-and-trust	identity-and-access
OKRGoalSetting.md	product-and-project-management	strategy-and-business-planning
ObservabilityDashboards.md	reliability-and-incident-response	observability-and-slos
ObservabilityEngineeringAccessBoundaries.md	reliability-and-incident-response	observability-and-slos
ObservabilityEngineeringAlertTuning.md	reliability-and-incident-response	observability-and-slos
ObservabilityEngineeringCapacitySignals.md	reliability-and-incident-response	observability-and-slos
ObservabilityEngineeringChangeWindows.md	reliability-and-incident-response	observability-and-slos
ObservabilityEngineeringDriftDetection.md	reliability-and-incident-response	observability-and-slos
ObservabilityEngineeringDrillScenarios.md	reliability-and-incident-response	observability-and-slos
ObservabilityEngineeringEvidenceCapture.md	reliability-and-incident-response	observability-and-slos
ObservabilityEngineeringRollbackAutomation.md	reliability-and-incident-response	observability-and-slos
ObservabilityEngineeringRunbookDesign.md	reliability-and-incident-response	observability-and-slos
ObservabilityEngineeringSafetyRails.md	reliability-and-incident-response	observability-and-slos
Odin.md	software-engineering-craft	languages
OfferReviewWorkflowsBiasMitigations.md	people-and-engineering-management	hiring-and-interviewing
OfferReviewWorkflowsCalibrationSessions.md	people-and-engineering-management	hiring-and-interviewing
OfferReviewWorkflowsDecisionMemos.md	people-and-engineering-management	hiring-and-interviewing
OfferReviewWorkflowsDocumentationTemplates.md	people-and-engineering-management	hiring-and-interviewing
OfferReviewWorkflowsEscalationRules.md	people-and-engineering-management	hiring-and-interviewing
OfferReviewWorkflowsEvaluationPackets.md	people-and-engineering-management	hiring-and-interviewing
OfferReviewWorkflowsFeedbackCadence.md	people-and-engineering-management	hiring-and-interviewing
OfferReviewWorkflowsOutcomeTracking.md	people-and-engineering-management	hiring-and-interviewing
OfferReviewWorkflowsReadinessChecks.md	people-and-engineering-management	hiring-and-interviewing
OfferReviewWorkflowsSignalRubrics.md	people-and-engineering-management	hiring-and-interviewing
OfflineConflictPoliciesDesign.md	mobile-and-desktop-apps	device-connectivity-and-offline
OfflineConflictPoliciesDiagnostics.md	mobile-and-desktop-apps	device-connectivity-and-offline
OfflineConflictPoliciesGovernance.md	mobile-and-desktop-apps	device-connectivity-and-offline
OfflineConflictPoliciesOperations.md	mobile-and-desktop-apps	device-connectivity-and-offline
OfflineConflictPoliciesOptimization.md	mobile-and-desktop-apps	device-connectivity-and-offline
OfflineConflictPoliciesPlanning.md	mobile-and-desktop-apps	device-connectivity-and-offline
OfflineConflictPoliciesPlaybook.md	mobile-and-desktop-apps	device-connectivity-and-offline
OfflineConflictPoliciesReliability.md	mobile-and-desktop-apps	device-connectivity-and-offline
OfflineConflictPoliciesReview.md	mobile-and-desktop-apps	device-connectivity-and-offline
OfflineConflictPoliciesStrategy.md	mobile-and-desktop-apps	device-connectivity-and-offline
OfflineFirstPWA.md	mobile-and-desktop-apps	device-connectivity-and-offline
OfflineSyncConflictResolution.md	mobile-and-desktop-apps	device-connectivity-and-offline
OfflineSyncRepairBuildSigning.md	mobile-and-desktop-apps	device-connectivity-and-offline
OfflineSyncRepairCrashClustering.md	mobile-and-desktop-apps	device-connectivity-and-offline
OfflineSyncRepairDeviceMatrices.md	mobile-and-desktop-apps	device-connectivity-and-offline
OfflineSyncRepairPermissionFlows.md	mobile-and-desktop-apps	device-connectivity-and-offline
OfflineSyncRepairRollbackChannels.md	mobile-and-desktop-apps	device-connectivity-and-offline
OfflineSyncRepairStoreReadiness.md	mobile-and-desktop-apps	device-connectivity-and-offline
OfflineSyncRepairSyncConflictRules.md	mobile-and-desktop-apps	device-connectivity-and-offline
OfflineSyncRepairTelemetrySignals.md	mobile-and-desktop-apps	device-connectivity-and-offline
OfflineSyncRepairUpgradeSafety.md	mobile-and-desktop-apps	device-connectivity-and-offline
OfflineSyncRepairUserRecovery.md	mobile-and-desktop-apps	device-connectivity-and-offline
Ollama.md	ai-and-agent-systems	model-provider-guides
OnCallCheatSheetsActionabilityChecks.md	reliability-and-incident-response	incident-response-and-postmortems
OnCallCheatSheetsApprovalRouting.md	reliability-and-incident-response	incident-response-and-postmortems
OnCallCheatSheetsExampleCoverage.md	reliability-and-incident-response	incident-response-and-postmortems
OnCallCheatSheetsLinkIntegrity.md	reliability-and-incident-response	incident-response-and-postmortems
OnCallCheatSheetsMaintenanceOwnership.md	reliability-and-incident-response	incident-response-and-postmortems
OnCallCheatSheetsReaderTasks.md	reliability-and-incident-response	incident-response-and-postmortems
OnCallCheatSheetsScreenshotStrategy.md	reliability-and-incident-response	incident-response-and-postmortems
OnCallCheatSheetsSearchKeywords.md	reliability-and-incident-response	incident-response-and-postmortems
OnCallCheatSheetsUpdateTriggers.md	reliability-and-incident-response	incident-response-and-postmortems
OnCallCheatSheetsVersionStamps.md	reliability-and-incident-response	incident-response-and-postmortems
OnCallRunbook.md	reliability-and-incident-response	incident-response-and-postmortems
OnboardingDecisionMemos.md	product-growth-and-marketing	onboarding-activation-and-retention
OnboardingDocumentationActionSummaries.md	people-and-engineering-management	employee-onboarding-and-training
OnboardingDocumentationApprovalCriteria.md	people-and-engineering-management	employee-onboarding-and-training
OnboardingDocumentationAudienceFraming.md	people-and-engineering-management	employee-onboarding-and-training
OnboardingDocumentationCrossLinking.md	people-and-engineering-management	employee-onboarding-and-training
OnboardingDocumentationDecisionRecords.md	people-and-engineering-management	employee-onboarding-and-training
OnboardingDocumentationEvidenceDensity.md	people-and-engineering-management	employee-onboarding-and-training
OnboardingDocumentationExampleQuality.md	people-and-engineering-management	employee-onboarding-and-training
OnboardingDocumentationReviewWorkflow.md	people-and-engineering-management	employee-onboarding-and-training
OnboardingDocumentationSearchability.md	people-and-engineering-management	employee-onboarding-and-training
OnboardingDocumentationUpdateCadence.md	people-and-engineering-management	employee-onboarding-and-training
OnboardingExperienceContentHierarchy.md	frontend-and-user-experience	ux-research-and-interaction-design
OnboardingExperienceDecisionClarity.md	frontend-and-user-experience	ux-research-and-interaction-design
OnboardingExperienceEdgeStateCoverage.md	frontend-and-user-experience	ux-research-and-interaction-design
OnboardingExperienceExperimentAnnotations.md	frontend-and-user-experience	ux-research-and-interaction-design
OnboardingExperienceHandoffSpecs.md	frontend-and-user-experience	ux-research-and-interaction-design
OnboardingExperienceHeuristicReviews.md	frontend-and-user-experience	ux-research-and-interaction-design
OnboardingExperienceMeasurementPlans.md	frontend-and-user-experience	ux-research-and-interaction-design
OnboardingExperienceRecoveryPatterns.md	frontend-and-user-experience	ux-research-and-interaction-design
OnboardingExperienceStateMapping.md	frontend-and-user-experience	ux-research-and-interaction-design
OnboardingExperienceUsabilitySignals.md	frontend-and-user-experience	ux-research-and-interaction-design
OnboardingFeedbackTaxonomy.md	product-growth-and-marketing	onboarding-activation-and-retention
OnboardingFrictionAnalysisDesign.md	product-growth-and-marketing	onboarding-activation-and-retention
OnboardingFrictionAnalysisDiagnostics.md	product-growth-and-marketing	onboarding-activation-and-retention
OnboardingFrictionAnalysisGovernance.md	product-growth-and-marketing	onboarding-activation-and-retention
OnboardingFrictionAnalysisOperations.md	product-growth-and-marketing	onboarding-activation-and-retention
OnboardingFrictionAnalysisOptimization.md	product-growth-and-marketing	onboarding-activation-and-retention
OnboardingFrictionAnalysisPlanning.md	product-growth-and-marketing	onboarding-activation-and-retention
OnboardingFrictionAnalysisPlaybook.md	product-growth-and-marketing	onboarding-activation-and-retention
OnboardingFrictionAnalysisReliability.md	product-growth-and-marketing	onboarding-activation-and-retention
OnboardingFrictionAnalysisReview.md	product-growth-and-marketing	onboarding-activation-and-retention
OnboardingFrictionAnalysisStrategy.md	product-growth-and-marketing	onboarding-activation-and-retention
OnboardingJourneyRepairEscalationProofs.md	product-growth-and-marketing	onboarding-activation-and-retention
OnboardingJourneyRepairFollowupCadence.md	product-growth-and-marketing	onboarding-activation-and-retention
OnboardingJourneyRepairKnowledgeReuse.md	product-growth-and-marketing	onboarding-activation-and-retention
OnboardingJourneyRepairOutcomeTracking.md	product-growth-and-marketing	onboarding-activation-and-retention
OnboardingJourneyRepairResponseTemplates.md	product-growth-and-marketing	onboarding-activation-and-retention
OnboardingJourneyRepairRiskFlags.md	product-growth-and-marketing	onboarding-activation-and-retention
OnboardingJourneyRepairSegmentationRules.md	product-growth-and-marketing	onboarding-activation-and-retention
OnboardingJourneyRepairSignalInterpretation.md	product-growth-and-marketing	onboarding-activation-and-retention
OnboardingJourneyRepairStakeholderMapping.md	product-growth-and-marketing	onboarding-activation-and-retention
OnboardingJourneyRepairWorkflowSequencing.md	product-growth-and-marketing	onboarding-activation-and-retention
OnboardingMetricTrees.md	product-growth-and-marketing	onboarding-activation-and-retention
OnboardingOperatingCadence.md	product-growth-and-marketing	onboarding-activation-and-retention
OnboardingPostLaunchAnalysis.md	product-growth-and-marketing	onboarding-activation-and-retention
OnboardingPrioritizationModels.md	product-growth-and-marketing	onboarding-activation-and-retention
OnboardingProblemFraming.md	product-growth-and-marketing	onboarding-activation-and-retention
OnboardingProgramDesignBiasMitigations.md	people-and-engineering-management	employee-onboarding-and-training
OnboardingProgramDesignCalibrationSessions.md	people-and-engineering-management	employee-onboarding-and-training
OnboardingProgramDesignDecisionMemos.md	people-and-engineering-management	employee-onboarding-and-training
OnboardingProgramDesignDocumentationTemplates.md	people-and-engineering-management	employee-onboarding-and-training
OnboardingProgramDesignEscalationRules.md	people-and-engineering-management	employee-onboarding-and-training
OnboardingProgramDesignEvaluationPackets.md	people-and-engineering-management	employee-onboarding-and-training
OnboardingProgramDesignFeedbackCadence.md	people-and-engineering-management	employee-onboarding-and-training
OnboardingProgramDesignOutcomeTracking.md	people-and-engineering-management	employee-onboarding-and-training
OnboardingProgramDesignReadinessChecks.md	people-and-engineering-management	employee-onboarding-and-training
OnboardingProgramDesignSignalRubrics.md	people-and-engineering-management	employee-onboarding-and-training
OnboardingRiskReviews.md	product-growth-and-marketing	onboarding-activation-and-retention
OnboardingRolloutPlanning.md	product-growth-and-marketing	onboarding-activation-and-retention
OnboardingStakeholderAlignment.md	product-growth-and-marketing	onboarding-activation-and-retention
OpenAI_o1_o3.md	ai-and-agent-systems	model-provider-guides
OpenSourceContributing.md	software-engineering-craft	developer-tooling-and-experience
OpenTelemetry.md	reliability-and-incident-response	observability-and-slos
OperatingSystemsAPIDesign.md	specialized-and-systems-engineering	compilers-os-and-networking
OperatingSystemsArchitecturePatterns.md	specialized-and-systems-engineering	compilers-os-and-networking
OperatingSystemsDebuggingTactics.md	specialized-and-systems-engineering	compilers-os-and-networking
OperatingSystemsFailureAnalysis.md	specialized-and-systems-engineering	compilers-os-and-networking
OperatingSystemsInternalsAPIDesign.md	specialized-and-systems-engineering	compilers-os-and-networking
OperatingSystemsInternalsArchitecturePatterns.md	specialized-and-systems-engineering	compilers-os-and-networking
OperatingSystemsInternalsDebuggingTactics.md	specialized-and-systems-engineering	compilers-os-and-networking
OperatingSystemsInternalsFailureAnalysis.md	specialized-and-systems-engineering	compilers-os-and-networking
OperatingSystemsInternalsMemorySafety.md	specialized-and-systems-engineering	compilers-os-and-networking
OperatingSystemsInternalsOptimizationPlaybooks.md	specialized-and-systems-engineering	compilers-os-and-networking
OperatingSystemsInternalsPerformanceModels.md	specialized-and-systems-engineering	compilers-os-and-networking
OperatingSystemsInternalsStateMachines.md	specialized-and-systems-engineering	compilers-os-and-networking
OperatingSystemsInternalsTestStrategies.md	specialized-and-systems-engineering	compilers-os-and-networking
OperatingSystemsInternalsToolingWorkflows.md	specialized-and-systems-engineering	compilers-os-and-networking
OperatingSystemsMemorySafety.md	specialized-and-systems-engineering	compilers-os-and-networking
OperatingSystemsOptimizationPlaybooks.md	specialized-and-systems-engineering	compilers-os-and-networking
OperatingSystemsPerformanceModels.md	specialized-and-systems-engineering	compilers-os-and-networking
OperatingSystemsStateMachines.md	specialized-and-systems-engineering	compilers-os-and-networking
OperatingSystemsTestStrategies.md	specialized-and-systems-engineering	compilers-os-and-networking
OperatingSystemsToolingWorkflows.md	specialized-and-systems-engineering	compilers-os-and-networking
OutOfOrderExecution.md	specialized-and-systems-engineering	hardware-and-computer-architecture
PackageScriptsAutomation.md	software-engineering-craft	version-control-and-builds
PackagingValueNarrativesDesign.md	product-growth-and-marketing	pricing-and-packaging
PackagingValueNarrativesDiagnostics.md	product-growth-and-marketing	pricing-and-packaging
PackagingValueNarrativesGovernance.md	product-growth-and-marketing	pricing-and-packaging
PackagingValueNarrativesOperations.md	product-growth-and-marketing	pricing-and-packaging
PackagingValueNarrativesOptimization.md	product-growth-and-marketing	pricing-and-packaging
PackagingValueNarrativesPlanning.md	product-growth-and-marketing	pricing-and-packaging
PackagingValueNarrativesPlaybook.md	product-growth-and-marketing	pricing-and-packaging
PackagingValueNarrativesReliability.md	product-growth-and-marketing	pricing-and-packaging
PackagingValueNarrativesReview.md	product-growth-and-marketing	pricing-and-packaging
PackagingValueNarrativesStrategy.md	product-growth-and-marketing	pricing-and-packaging
PartnerCoMarketing.md	customer-and-revenue-operations	sales-and-partner-operations
PartnerLaunchOperationsDesign.md	product-and-project-management	launch-coordination
PartnerLaunchOperationsDiagnostics.md	product-and-project-management	launch-coordination
PartnerLaunchOperationsGovernance.md	product-and-project-management	launch-coordination
PartnerLaunchOperationsOperations.md	product-and-project-management	launch-coordination
PartnerLaunchOperationsOptimization.md	product-and-project-management	launch-coordination
PartnerLaunchOperationsPlanning.md	product-and-project-management	launch-coordination
PartnerLaunchOperationsPlaybook.md	product-and-project-management	launch-coordination
PartnerLaunchOperationsReliability.md	product-and-project-management	launch-coordination
PartnerLaunchOperationsReview.md	product-and-project-management	launch-coordination
PartnerLaunchOperationsStrategy.md	product-and-project-management	launch-coordination
PartnerSandboxValidationBackoffPolicies.md	customer-and-revenue-operations	sales-and-partner-operations
PartnerSandboxValidationContractSnapshots.md	customer-and-revenue-operations	sales-and-partner-operations
PartnerSandboxValidationErrorTaxonomy.md	customer-and-revenue-operations	sales-and-partner-operations
PartnerSandboxValidationRequestReplay.md	customer-and-revenue-operations	sales-and-partner-operations
PartnerSandboxValidationRolloutWindows.md	customer-and-revenue-operations	sales-and-partner-operations
PartnerSandboxValidationSandboxParity.md	customer-and-revenue-operations	sales-and-partner-operations
PartnerSandboxValidationSignatureValidation.md	customer-and-revenue-operations	sales-and-partner-operations
PartnerSandboxValidationSupportEscalations.md	customer-and-revenue-operations	sales-and-partner-operations
PartnerSandboxValidationTokenRefresh.md	customer-and-revenue-operations	sales-and-partner-operations
PartnerSandboxValidationVersionDiffs.md	customer-and-revenue-operations	sales-and-partner-operations
PatchBackportingApprovalHeuristics.md	software-engineering-craft	version-control-and-builds
PatchBackportingChangeNarratives.md	software-engineering-craft	version-control-and-builds
PatchBackportingDependencyBlastRadius.md	software-engineering-craft	version-control-and-builds
PatchBackportingDiffCompression.md	software-engineering-craft	version-control-and-builds
PatchBackportingEvidencePackets.md	software-engineering-craft	version-control-and-builds
PatchBackportingFollowthroughChecklists.md	software-engineering-craft	version-control-and-builds
PatchBackportingRebaseSafety.md	software-engineering-craft	version-control-and-builds
PatchBackportingRegressionForecasting.md	software-engineering-craft	version-control-and-builds
PatchBackportingReviewerAlignment.md	software-engineering-craft	version-control-and-builds
PatchBackportingStagingPlans.md	software-engineering-craft	version-control-and-builds
PaymentIntegration.md	backend-and-api-engineering	payments-and-billing
PaymentProviderIntegrationBackoffPolicies.md	backend-and-api-engineering	payments-and-billing
PaymentProviderIntegrationContractSnapshots.md	backend-and-api-engineering	payments-and-billing
PaymentProviderIntegrationErrorTaxonomy.md	backend-and-api-engineering	payments-and-billing
PaymentProviderIntegrationRequestReplay.md	backend-and-api-engineering	payments-and-billing
PaymentProviderIntegrationRolloutWindows.md	backend-and-api-engineering	payments-and-billing
PaymentProviderIntegrationSandboxParity.md	backend-and-api-engineering	payments-and-billing
PaymentProviderIntegrationSignatureValidation.md	backend-and-api-engineering	payments-and-billing
PaymentProviderIntegrationSupportEscalations.md	backend-and-api-engineering	payments-and-billing
PaymentProviderIntegrationTokenRefresh.md	backend-and-api-engineering	payments-and-billing
PaymentProviderIntegrationVersionDiffs.md	backend-and-api-engineering	payments-and-billing
PenetrationTesting.md	security-and-trust	attack-defense-and-hardening
PerformanceFeedbackOpsBiasMitigations.md	people-and-engineering-management	performance-and-team-health
PerformanceFeedbackOpsCalibrationSessions.md	people-and-engineering-management	performance-and-team-health
PerformanceFeedbackOpsDecisionMemos.md	people-and-engineering-management	performance-and-team-health
PerformanceFeedbackOpsDocumentationTemplates.md	people-and-engineering-management	performance-and-team-health
PerformanceFeedbackOpsEscalationRules.md	people-and-engineering-management	performance-and-team-health
PerformanceFeedbackOpsEvaluationPackets.md	people-and-engineering-management	performance-and-team-health
PerformanceFeedbackOpsFeedbackCadence.md	people-and-engineering-management	performance-and-team-health
PerformanceFeedbackOpsOutcomeTracking.md	people-and-engineering-management	performance-and-team-health
PerformanceFeedbackOpsReadinessChecks.md	people-and-engineering-management	performance-and-team-health
PerformanceFeedbackOpsSignalRubrics.md	people-and-engineering-management	performance-and-team-health
PerformanceOptimization.md	reliability-and-incident-response	production-diagnostics-and-triage
PerformanceOptimizations.md	reliability-and-incident-response	production-diagnostics-and-triage
PerformanceTriageAutomationHooks.md	reliability-and-incident-response	production-diagnostics-and-triage
PerformanceTriageChangeScoping.md	reliability-and-incident-response	production-diagnostics-and-triage
PerformanceTriageEdgeCaseSweeps.md	reliability-and-incident-response	production-diagnostics-and-triage
PerformanceTriageMinimalRepros.md	reliability-and-incident-response	production-diagnostics-and-triage
PerformanceTriagePatchDesign.md	reliability-and-incident-response	production-diagnostics-and-triage
PerformanceTriageRegressionGuards.md	reliability-and-incident-response	production-diagnostics-and-triage
PerformanceTriageRiskRanking.md	reliability-and-incident-response	production-diagnostics-and-triage
PerformanceTriageRollbackPlans.md	reliability-and-incident-response	production-diagnostics-and-triage
PerformanceTriageTraceIsolation.md	reliability-and-incident-response	production-diagnostics-and-triage
PerformanceTriageVerificationLoops.md	reliability-and-incident-response	production-diagnostics-and-triage
PermissionBoundaryChecksBlastRadiusNotes.md	security-and-trust	identity-and-access
PermissionBoundaryChecksControlCoverage.md	security-and-trust	identity-and-access
PermissionBoundaryChecksEscalationMatrices.md	security-and-trust	identity-and-access
PermissionBoundaryChecksEvidenceRetention.md	security-and-trust	identity-and-access
PermissionBoundaryChecksExceptionExpiry.md	security-and-trust	identity-and-access
PermissionBoundaryChecksPolicyDiffs.md	security-and-trust	identity-and-access
PermissionBoundaryChecksRecoveryProofs.md	security-and-trust	identity-and-access
PermissionBoundaryChecksReviewerRouting.md	security-and-trust	identity-and-access
PermissionBoundaryChecksSignalCorrelation.md	security-and-trust	identity-and-access
PermissionBoundaryChecksTamperResistance.md	security-and-trust	identity-and-access
PermissionDriftControlsDesign.md	security-and-trust	identity-and-access
PermissionDriftControlsDiagnostics.md	security-and-trust	identity-and-access
PermissionDriftControlsGovernance.md	security-and-trust	identity-and-access
PermissionDriftControlsOperations.md	security-and-trust	identity-and-access
PermissionDriftControlsOptimization.md	security-and-trust	identity-and-access
PermissionDriftControlsPlanning.md	security-and-trust	identity-and-access
PermissionDriftControlsPlaybook.md	security-and-trust	identity-and-access
PermissionDriftControlsReliability.md	security-and-trust	identity-and-access
PermissionDriftControlsReview.md	security-and-trust	identity-and-access
PermissionDriftControlsStrategy.md	security-and-trust	identity-and-access
PermissionLifecycleAnalysis.md	security-and-trust	identity-and-access
PermissionLifecycleAutomation.md	security-and-trust	identity-and-access
PermissionLifecycleDesign.md	security-and-trust	identity-and-access
PermissionLifecycleDiagnostics.md	security-and-trust	identity-and-access
PermissionLifecycleGovernance.md	security-and-trust	identity-and-access
PermissionLifecycleOperations.md	security-and-trust	identity-and-access
PermissionLifecycleOptimization.md	security-and-trust	identity-and-access
PermissionLifecyclePlanning.md	security-and-trust	identity-and-access
PermissionLifecycleReview.md	security-and-trust	identity-and-access
PermissionLifecycleStrategy.md	security-and-trust	identity-and-access
PermissionPromptTriageArtifactCapture.md	mobile-and-desktop-apps	release-and-app-store-delivery
PermissionPromptTriageCrossBrowserDrift.md	mobile-and-desktop-apps	release-and-app-store-delivery
PermissionPromptTriageEnvironmentParity.md	mobile-and-desktop-apps	release-and-app-store-delivery
PermissionPromptTriageFailureScreenshots.md	mobile-and-desktop-apps	release-and-app-store-delivery
PermissionPromptTriageFlakeTriage.md	mobile-and-desktop-apps	release-and-app-store-delivery
PermissionPromptTriageRetryWindows.md	mobile-and-desktop-apps	release-and-app-store-delivery
PermissionPromptTriageSelectorResilience.md	mobile-and-desktop-apps	release-and-app-store-delivery
PermissionPromptTriageStateReset.md	mobile-and-desktop-apps	release-and-app-store-delivery
PermissionPromptTriageTimingStability.md	mobile-and-desktop-apps	release-and-app-store-delivery
PermissionPromptTriageUserSimulation.md	mobile-and-desktop-apps	release-and-app-store-delivery
Perplexity.md	ai-and-agent-systems	model-provider-guides
PersonaSystemDesign.md	ai-and-agent-systems	prompting-and-context
PersonalBranding.md	people-and-engineering-management	leadership-and-career-growth
Phi4.md	ai-and-agent-systems	model-provider-guides
Phishing.md	security-and-trust	attack-defense-and-hardening
Photography-Direction.md	frontend-and-user-experience	design-systems-and-visual-design
PipelineDesign.md	data-platform-and-analytics	pipelines-and-ingestion
PitchDeck.md	product-and-project-management	strategy-and-business-planning
PlatformAdoptionOpsFollowupLoops.md	platform-and-cloud-infrastructure	platform-engineering-and-tenancy
PlatformAdoptionOpsLearningAgenda.md	platform-and-cloud-infrastructure	platform-engineering-and-tenancy
PlatformAdoptionOpsObjectionHandling.md	platform-and-cloud-infrastructure	platform-engineering-and-tenancy
PlatformAdoptionOpsProblemFraming.md	platform-and-cloud-infrastructure	platform-engineering-and-tenancy
PlatformAdoptionOpsRiskScoring.md	platform-and-cloud-infrastructure	platform-engineering-and-tenancy
PlatformAdoptionOpsRolloutRules.md	platform-and-cloud-infrastructure	platform-engineering-and-tenancy
PlatformAdoptionOpsSegmentationLogic.md	platform-and-cloud-infrastructure	platform-engineering-and-tenancy
PlatformAdoptionOpsStakeholderMaps.md	platform-and-cloud-infrastructure	platform-engineering-and-tenancy
PlatformAdoptionOpsSuccessMetrics.md	platform-and-cloud-infrastructure	platform-engineering-and-tenancy
PlatformAdoptionOpsTradeoffNarratives.md	platform-and-cloud-infrastructure	platform-engineering-and-tenancy
PlatformEngineering.md	platform-and-cloud-infrastructure	platform-engineering-and-tenancy
PlatformEngineeringAutomationSafety.md	platform-and-cloud-infrastructure	platform-engineering-and-tenancy
PlatformEngineeringCapacityForecasting.md	platform-and-cloud-infrastructure	platform-engineering-and-tenancy
PlatformEngineeringCostGovernance.md	platform-and-cloud-infrastructure	platform-engineering-and-tenancy
PlatformEngineeringDeploymentRollouts.md	platform-and-cloud-infrastructure	platform-engineering-and-tenancy
PlatformEngineeringEnvironmentPromotion.md	platform-and-cloud-infrastructure	platform-engineering-and-tenancy
PlatformEngineeringFailureRecovery.md	platform-and-cloud-infrastructure	platform-engineering-and-tenancy
PlatformEngineeringIncidentTriage.md	platform-and-cloud-infrastructure	platform-engineering-and-tenancy
PlatformEngineeringObservabilityDesign.md	platform-and-cloud-infrastructure	platform-engineering-and-tenancy
PlatformEngineeringPolicyAutomation.md	platform-and-cloud-infrastructure	platform-engineering-and-tenancy
PlatformEngineeringSecretsManagement.md	platform-and-cloud-infrastructure	platform-engineering-and-tenancy
PlatformPavedRoadsDesign.md	platform-and-cloud-infrastructure	platform-engineering-and-tenancy
PlatformPavedRoadsDiagnostics.md	platform-and-cloud-infrastructure	platform-engineering-and-tenancy
PlatformPavedRoadsGovernance.md	platform-and-cloud-infrastructure	platform-engineering-and-tenancy
PlatformPavedRoadsOperations.md	platform-and-cloud-infrastructure	platform-engineering-and-tenancy
PlatformPavedRoadsOptimization.md	platform-and-cloud-infrastructure	platform-engineering-and-tenancy
PlatformPavedRoadsPlanning.md	platform-and-cloud-infrastructure	platform-engineering-and-tenancy
PlatformPavedRoadsPlaybook.md	platform-and-cloud-infrastructure	platform-engineering-and-tenancy
PlatformPavedRoadsReliability.md	platform-and-cloud-infrastructure	platform-engineering-and-tenancy
PlatformPavedRoadsReview.md	platform-and-cloud-infrastructure	platform-engineering-and-tenancy
PlatformPavedRoadsStrategy.md	platform-and-cloud-infrastructure	platform-engineering-and-tenancy
PlatformProductDecisionMemos.md	product-and-project-management	strategy-and-business-planning
PlatformProductFeedbackTaxonomy.md	product-and-project-management	strategy-and-business-planning
PlatformProductMetricTrees.md	product-and-project-management	strategy-and-business-planning
PlatformProductOperatingCadence.md	product-and-project-management	strategy-and-business-planning
PlatformProductPostLaunchAnalysis.md	product-and-project-management	strategy-and-business-planning
PlatformProductPrioritizationModels.md	product-and-project-management	strategy-and-business-planning
PlatformProductProblemFraming.md	product-and-project-management	strategy-and-business-planning
PlatformProductRiskReviews.md	product-and-project-management	strategy-and-business-planning
PlatformProductRolloutPlanning.md	product-and-project-management	strategy-and-business-planning
PlatformProductStakeholderAlignment.md	product-and-project-management	strategy-and-business-planning
PlatformStandardsAnalysis.md	platform-and-cloud-infrastructure	platform-engineering-and-tenancy
PlatformStandardsAutomation.md	platform-and-cloud-infrastructure	platform-engineering-and-tenancy
PlatformStandardsDesign.md	platform-and-cloud-infrastructure	platform-engineering-and-tenancy
PlatformStandardsDiagnostics.md	platform-and-cloud-infrastructure	platform-engineering-and-tenancy
PlatformStandardsGovernance.md	platform-and-cloud-infrastructure	platform-engineering-and-tenancy
PlatformStandardsOperations.md	platform-and-cloud-infrastructure	platform-engineering-and-tenancy
PlatformStandardsOptimization.md	platform-and-cloud-infrastructure	platform-engineering-and-tenancy
PlatformStandardsPlanning.md	platform-and-cloud-infrastructure	platform-engineering-and-tenancy
PlatformStandardsReview.md	platform-and-cloud-infrastructure	platform-engineering-and-tenancy
PlatformStandardsStrategy.md	platform-and-cloud-infrastructure	platform-engineering-and-tenancy
PlaybookLocalizationActionabilityChecks.md	customer-and-revenue-operations	support-operations
PlaybookLocalizationApprovalRouting.md	customer-and-revenue-operations	support-operations
PlaybookLocalizationExampleCoverage.md	customer-and-revenue-operations	support-operations
PlaybookLocalizationLinkIntegrity.md	customer-and-revenue-operations	support-operations
PlaybookLocalizationMaintenanceOwnership.md	customer-and-revenue-operations	support-operations
PlaybookLocalizationReaderTasks.md	customer-and-revenue-operations	support-operations
PlaybookLocalizationScreenshotStrategy.md	customer-and-revenue-operations	support-operations
PlaybookLocalizationSearchKeywords.md	customer-and-revenue-operations	support-operations
PlaybookLocalizationUpdateTriggers.md	customer-and-revenue-operations	support-operations
PlaybookLocalizationVersionStamps.md	customer-and-revenue-operations	support-operations
PodcastEditingOpsAudienceFit.md	content-and-communication	video-and-media-production
PodcastEditingOpsConversionHooks.md	content-and-communication	video-and-media-production
PodcastEditingOpsCutdownPlans.md	content-and-communication	video-and-media-production
PodcastEditingOpsDistributionTiming.md	content-and-communication	video-and-media-production
PodcastEditingOpsFeedbackRounds.md	content-and-communication	video-and-media-production
PodcastEditingOpsNarrativeBeats.md	content-and-communication	video-and-media-production
PodcastEditingOpsPublishChecklists.md	content-and-communication	video-and-media-production
PodcastEditingOpsQualityBenchmarks.md	content-and-communication	video-and-media-production
PodcastEditingOpsRepurposingPaths.md	content-and-communication	video-and-media-production
PodcastEditingOpsVisualReferences.md	content-and-communication	video-and-media-production
PodcastGuestOutreach.md	content-and-communication	video-and-media-production
PostMortemWriting.md	reliability-and-incident-response	incident-response-and-postmortems
PostgreSQL.md	data-platform-and-analytics	databases-and-warehouses
PostgreSQLAccessPatterns.md	data-platform-and-analytics	databases-and-warehouses
PostgreSQLAdvanced.md	data-platform-and-analytics	databases-and-warehouses
PostgreSQLConsistencyRules.md	data-platform-and-analytics	databases-and-warehouses
PostgreSQLCostGuardrails.md	data-platform-and-analytics	databases-and-warehouses
PostgreSQLDataModelGrain.md	data-platform-and-analytics	databases-and-warehouses
PostgreSQLDataObservability.md	data-platform-and-analytics	data-quality-and-governance
PostgreSQLMigrationCutovers.md	data-platform-and-analytics	databases-and-warehouses
PostgreSQLQueryProfiling.md	data-platform-and-analytics	databases-and-warehouses
PostgreSQLReplicationRecovery.md	data-platform-and-analytics	databases-and-warehouses
PostgreSQLSchemaEvolution.md	data-platform-and-analytics	schema-and-data-contracts
PostgreSQLSecurityControls.md	security-and-trust	secrets-and-key-management
PrdToIssues.md	product-and-project-management	decisions-rfcs-and-memos
PrdToPlan.md	product-and-project-management	decisions-rfcs-and-memos
PricingAnalysisOpsFollowupLoops.md	product-growth-and-marketing	pricing-and-packaging
PricingAnalysisOpsLearningAgenda.md	product-growth-and-marketing	pricing-and-packaging
PricingAnalysisOpsObjectionHandling.md	product-growth-and-marketing	pricing-and-packaging
PricingAnalysisOpsProblemFraming.md	product-growth-and-marketing	pricing-and-packaging
PricingAnalysisOpsRiskScoring.md	product-growth-and-marketing	pricing-and-packaging
PricingAnalysisOpsRolloutRules.md	product-growth-and-marketing	pricing-and-packaging
PricingAnalysisOpsSegmentationLogic.md	product-growth-and-marketing	pricing-and-packaging
PricingAnalysisOpsStakeholderMaps.md	product-growth-and-marketing	pricing-and-packaging
PricingAnalysisOpsSuccessMetrics.md	product-growth-and-marketing	pricing-and-packaging
PricingAnalysisOpsTradeoffNarratives.md	product-growth-and-marketing	pricing-and-packaging
PricingChangeReadinessCommsPlans.md	product-growth-and-marketing	pricing-and-packaging
PricingChangeReadinessDependencyReviews.md	product-growth-and-marketing	pricing-and-packaging
PricingChangeReadinessEscalationPaths.md	product-growth-and-marketing	pricing-and-packaging
PricingChangeReadinessLearningLoops.md	product-growth-and-marketing	pricing-and-packaging
PricingChangeReadinessMetricSelection.md	product-growth-and-marketing	pricing-and-packaging
PricingChangeReadinessOutcomeInterpretation.md	product-growth-and-marketing	pricing-and-packaging
PricingChangeReadinessPostLaunchCadence.md	product-growth-and-marketing	pricing-and-packaging
PricingChangeReadinessReadinessGates.md	product-growth-and-marketing	pricing-and-packaging
PricingChangeReadinessRiskNarratives.md	product-growth-and-marketing	pricing-and-packaging
PricingChangeReadinessSegmentLogic.md	product-growth-and-marketing	pricing-and-packaging
PricingDecisionMemos.md	product-growth-and-marketing	pricing-and-packaging
PricingExperimentDesign.md	product-growth-and-marketing	pricing-and-packaging
PricingFeedbackTaxonomy.md	product-growth-and-marketing	pricing-and-packaging
PricingMetricTrees.md	product-growth-and-marketing	pricing-and-packaging
PricingOperatingCadence.md	product-growth-and-marketing	pricing-and-packaging
PricingPackagingAnalysis.md	product-growth-and-marketing	pricing-and-packaging
PricingPackagingAutomation.md	product-growth-and-marketing	pricing-and-packaging
PricingPackagingDesign.md	product-growth-and-marketing	pricing-and-packaging
PricingPackagingDiagnostics.md	product-growth-and-marketing	pricing-and-packaging
PricingPackagingGovernance.md	product-growth-and-marketing	pricing-and-packaging
PricingPackagingOperations.md	product-growth-and-marketing	pricing-and-packaging
PricingPackagingOptimization.md	product-growth-and-marketing	pricing-and-packaging
PricingPackagingPlanning.md	product-growth-and-marketing	pricing-and-packaging
PricingPackagingReview.md	product-growth-and-marketing	pricing-and-packaging
PricingPackagingStrategy.md	product-growth-and-marketing	pricing-and-packaging
PricingPageExperimentsAnalyticsAnnotations.md	product-growth-and-marketing	pricing-and-packaging
PricingPageExperimentsAudienceSegmentation.md	product-growth-and-marketing	pricing-and-packaging
PricingPageExperimentsCohortReadouts.md	product-growth-and-marketing	pricing-and-packaging
PricingPageExperimentsConversionDiagnostics.md	product-growth-and-marketing	pricing-and-packaging
PricingPageExperimentsCopyTesting.md	product-growth-and-marketing	pricing-and-packaging
PricingPageExperimentsHypothesisRanking.md	product-growth-and-marketing	pricing-and-packaging
PricingPageExperimentsOfferFraming.md	product-growth-and-marketing	pricing-and-packaging
PricingPageExperimentsOutcomeAttribution.md	product-growth-and-marketing	pricing-and-packaging
PricingPageExperimentsRolloutSequencing.md	product-growth-and-marketing	pricing-and-packaging
PricingPageExperimentsVariantSafeguards.md	product-growth-and-marketing	pricing-and-packaging
PricingPostLaunchAnalysis.md	product-growth-and-marketing	pricing-and-packaging
PricingPrioritizationModels.md	product-growth-and-marketing	pricing-and-packaging
PricingProblemFraming.md	product-growth-and-marketing	pricing-and-packaging
PricingRiskReviews.md	product-growth-and-marketing	pricing-and-packaging
PricingRolloutPlanning.md	product-growth-and-marketing	pricing-and-packaging
PricingStakeholderAlignment.md	product-growth-and-marketing	pricing-and-packaging
PricingStrategy.md	product-growth-and-marketing	pricing-and-packaging
PrioritizationScoringModelsDesign.md	product-and-project-management	roadmaps-and-prioritization
PrioritizationScoringModelsDiagnostics.md	product-and-project-management	roadmaps-and-prioritization
PrioritizationScoringModelsGovernance.md	product-and-project-management	roadmaps-and-prioritization
PrioritizationScoringModelsOperations.md	product-and-project-management	roadmaps-and-prioritization
PrioritizationScoringModelsOptimization.md	product-and-project-management	roadmaps-and-prioritization
PrioritizationScoringModelsPlanning.md	product-and-project-management	roadmaps-and-prioritization
PrioritizationScoringModelsPlaybook.md	product-and-project-management	roadmaps-and-prioritization
PrioritizationScoringModelsReliability.md	product-and-project-management	roadmaps-and-prioritization
PrioritizationScoringModelsReview.md	product-and-project-management	roadmaps-and-prioritization
PrioritizationScoringModelsStrategy.md	product-and-project-management	roadmaps-and-prioritization
PrismaORM.md	data-platform-and-analytics	databases-and-warehouses
PrivilegeEscalation.md	security-and-trust	attack-defense-and-hardening
ProductRequirements.md	product-and-project-management	decisions-rfcs-and-memos
ProductRoadmapping.md	product-and-project-management	roadmaps-and-prioritization
ProductStrategyDecisionMemos.md	product-and-project-management	strategy-and-business-planning
ProductStrategyFeedbackTaxonomy.md	product-and-project-management	strategy-and-business-planning
ProductStrategyMetricTrees.md	product-and-project-management	strategy-and-business-planning
ProductStrategyOperatingCadence.md	product-and-project-management	strategy-and-business-planning
ProductStrategyPostLaunchAnalysis.md	product-and-project-management	strategy-and-business-planning
ProductStrategyPrioritizationModels.md	product-and-project-management	strategy-and-business-planning
ProductStrategyProblemFraming.md	product-and-project-management	strategy-and-business-planning
ProductStrategyRiskReviews.md	product-and-project-management	strategy-and-business-planning
ProductStrategyRolloutPlanning.md	product-and-project-management	strategy-and-business-planning
ProductStrategyStakeholderAlignment.md	product-and-project-management	strategy-and-business-planning
ProductionAIOpsCostBudgets.md	ai-and-agent-systems	model-serving-and-cost
ProductionAIOpsExperimentTracking.md	ai-and-agent-systems	model-serving-and-cost
ProductionAIOpsFailureTaxonomy.md	ai-and-agent-systems	model-serving-and-cost
ProductionAIOpsHumanEscalation.md	ai-and-agent-systems	model-serving-and-cost
ProductionAIOpsLatencyControl.md	ai-and-agent-systems	model-serving-and-cost
ProductionAIOpsPolicyEnforcement.md	ai-and-agent-systems	model-serving-and-cost
ProductionAIOpsQualityThresholds.md	ai-and-agent-systems	model-serving-and-cost
ProductionAIOpsRolloutStages.md	ai-and-agent-systems	model-serving-and-cost
ProductionAIOpsTaskContracts.md	ai-and-agent-systems	model-serving-and-cost
ProductionAIOpsTraceAnalysis.md	ai-and-agent-systems	model-serving-and-cost
ProgressiveEnhancement.md	frontend-and-user-experience	frontend-frameworks-and-performance
ProjectPlanning.md	product-and-project-management	planning-cadence-and-delivery
PromptAttackResilienceDesign.md	ai-and-agent-systems	safety-and-guardrails
PromptAttackResilienceDiagnostics.md	ai-and-agent-systems	safety-and-guardrails
PromptAttackResilienceGovernance.md	ai-and-agent-systems	safety-and-guardrails
PromptAttackResilienceOperations.md	ai-and-agent-systems	safety-and-guardrails
PromptAttackResilienceOptimization.md	ai-and-agent-systems	safety-and-guardrails
PromptAttackResiliencePlanning.md	ai-and-agent-systems	safety-and-guardrails
PromptAttackResiliencePlaybook.md	ai-and-agent-systems	safety-and-guardrails
PromptAttackResilienceReliability.md	ai-and-agent-systems	safety-and-guardrails
PromptAttackResilienceReview.md	ai-and-agent-systems	safety-and-guardrails
PromptAttackResilienceStrategy.md	ai-and-agent-systems	safety-and-guardrails
PromptChainingOrchestration.md	ai-and-agent-systems	agents-and-tool-use
PromptDatasetCuration.md	ai-and-agent-systems	evaluation-and-labeling
PromptEngineering.md	ai-and-agent-systems	prompting-and-context
PromptFailureTriageComparisonRuns.md	ai-and-agent-systems	prompting-and-context
PromptFailureTriageEscalationRules.md	ai-and-agent-systems	prompting-and-context
PromptFailureTriageFailureLabels.md	ai-and-agent-systems	prompting-and-context
PromptFailureTriageHumanOverride.md	ai-and-agent-systems	prompting-and-context
PromptFailureTriagePromptVersioning.md	ai-and-agent-systems	prompting-and-context
PromptFailureTriageQualityGates.md	ai-and-agent-systems	prompting-and-context
PromptFailureTriageSafetyThresholds.md	ai-and-agent-systems	prompting-and-context
PromptFailureTriageTaskContracts.md	ai-and-agent-systems	prompting-and-context
PromptFailureTriageToolReliability.md	ai-and-agent-systems	prompting-and-context
PromptFailureTriageTraceReview.md	ai-and-agent-systems	prompting-and-context
PromptInjectionDefense.md	security-and-trust	attack-defense-and-hardening
PromptSafetyAnalysis.md	ai-and-agent-systems	safety-and-guardrails
PromptSafetyAutomation.md	ai-and-agent-systems	safety-and-guardrails
PromptSafetyDesign.md	ai-and-agent-systems	safety-and-guardrails
PromptSafetyDiagnostics.md	ai-and-agent-systems	safety-and-guardrails
PromptSafetyGovernance.md	ai-and-agent-systems	safety-and-guardrails
PromptSafetyOperations.md	ai-and-agent-systems	safety-and-guardrails
PromptSafetyOptimization.md	ai-and-agent-systems	safety-and-guardrails
PromptSafetyPlanning.md	ai-and-agent-systems	safety-and-guardrails
PromptSafetyReview.md	ai-and-agent-systems	safety-and-guardrails
PromptSafetyStrategy.md	ai-and-agent-systems	safety-and-guardrails
PromptWorkflowsCostBudgets.md	ai-and-agent-systems	prompting-and-context
PromptWorkflowsExperimentTracking.md	ai-and-agent-systems	prompting-and-context
PromptWorkflowsFailureTaxonomy.md	ai-and-agent-systems	prompting-and-context
PromptWorkflowsHumanEscalation.md	ai-and-agent-systems	prompting-and-context
PromptWorkflowsLatencyControl.md	ai-and-agent-systems	prompting-and-context
PromptWorkflowsPolicyEnforcement.md	ai-and-agent-systems	prompting-and-context
PromptWorkflowsQualityThresholds.md	ai-and-agent-systems	prompting-and-context
PromptWorkflowsRolloutStages.md	ai-and-agent-systems	prompting-and-context
PromptWorkflowsTaskContracts.md	ai-and-agent-systems	prompting-and-context
PromptWorkflowsTraceAnalysis.md	ai-and-agent-systems	prompting-and-context
PromptingCostControl.md	ai-and-agent-systems	prompting-and-context
PromptingDataContracts.md	ai-and-agent-systems	prompting-and-context
PromptingEvaluationRubrics.md	ai-and-agent-systems	prompting-and-context
PromptingExperimentTracking.md	ai-and-agent-systems	prompting-and-context
PromptingFailureAnalysis.md	ai-and-agent-systems	prompting-and-context
PromptingHumanReviewLoops.md	ai-and-agent-systems	prompting-and-context
PromptingLatencyBudgets.md	ai-and-agent-systems	prompting-and-context
PromptingProductionRollouts.md	ai-and-agent-systems	prompting-and-context
PromptingSafetyDesign.md	ai-and-agent-systems	prompting-and-context
PromptingToolReliability.md	ai-and-agent-systems	prompting-and-context
PropertyTestingOpsBoundaryScenarios.md	testing-and-quality-assurance	test-strategy-and-harnesses
PropertyTestingOpsCoverageStrategy.md	testing-and-quality-assurance	test-strategy-and-harnesses
PropertyTestingOpsDeterministicTiming.md	testing-and-quality-assurance	test-strategy-and-harnesses
PropertyTestingOpsFailureMatrices.md	testing-and-quality-assurance	test-strategy-and-harnesses
PropertyTestingOpsFixtureHygiene.md	testing-and-quality-assurance	test-strategy-and-harnesses
PropertyTestingOpsMockDiscipline.md	testing-and-quality-assurance	test-strategy-and-harnesses
PropertyTestingOpsOracleDesign.md	testing-and-quality-assurance	test-strategy-and-harnesses
PropertyTestingOpsParallelExecution.md	testing-and-quality-assurance	test-strategy-and-harnesses
PropertyTestingOpsResultInterpretation.md	testing-and-quality-assurance	test-strategy-and-harnesses
PropertyTestingOpsTriageHeuristics.md	testing-and-quality-assurance	test-strategy-and-harnesses
ProposalAssemblyOpsEscalationProofs.md	customer-and-revenue-operations	sales-and-partner-operations
ProposalAssemblyOpsFollowupCadence.md	customer-and-revenue-operations	sales-and-partner-operations
ProposalAssemblyOpsKnowledgeReuse.md	customer-and-revenue-operations	sales-and-partner-operations
ProposalAssemblyOpsOutcomeTracking.md	customer-and-revenue-operations	sales-and-partner-operations
ProposalAssemblyOpsResponseTemplates.md	customer-and-revenue-operations	sales-and-partner-operations
ProposalAssemblyOpsRiskFlags.md	customer-and-revenue-operations	sales-and-partner-operations
ProposalAssemblyOpsSegmentationRules.md	customer-and-revenue-operations	sales-and-partner-operations
ProposalAssemblyOpsSignalInterpretation.md	customer-and-revenue-operations	sales-and-partner-operations
ProposalAssemblyOpsStakeholderMapping.md	customer-and-revenue-operations	sales-and-partner-operations
ProposalAssemblyOpsWorkflowSequencing.md	customer-and-revenue-operations	sales-and-partner-operations
PullRequestTriageApprovalHeuristics.md	software-engineering-craft	code-quality-and-refactoring
PullRequestTriageChangeNarratives.md	software-engineering-craft	code-quality-and-refactoring
PullRequestTriageDependencyBlastRadius.md	software-engineering-craft	code-quality-and-refactoring
PullRequestTriageDiffCompression.md	software-engineering-craft	code-quality-and-refactoring
PullRequestTriageEvidencePackets.md	software-engineering-craft	code-quality-and-refactoring
PullRequestTriageFollowthroughChecklists.md	software-engineering-craft	code-quality-and-refactoring
PullRequestTriageRebaseSafety.md	software-engineering-craft	code-quality-and-refactoring
PullRequestTriageRegressionForecasting.md	software-engineering-craft	code-quality-and-refactoring
PullRequestTriageReviewerAlignment.md	software-engineering-craft	code-quality-and-refactoring
PullRequestTriageStagingPlans.md	software-engineering-craft	code-quality-and-refactoring
PushMessagingAnalysis.md	mobile-and-desktop-apps	notifications-and-deep-links
PushMessagingAutomation.md	mobile-and-desktop-apps	notifications-and-deep-links
PushMessagingDesign.md	mobile-and-desktop-apps	notifications-and-deep-links
PushMessagingDiagnostics.md	mobile-and-desktop-apps	notifications-and-deep-links
PushMessagingGovernance.md	mobile-and-desktop-apps	notifications-and-deep-links
PushMessagingOperations.md	mobile-and-desktop-apps	notifications-and-deep-links
PushMessagingOptimization.md	mobile-and-desktop-apps	notifications-and-deep-links
PushMessagingPlanning.md	mobile-and-desktop-apps	notifications-and-deep-links
PushMessagingReview.md	mobile-and-desktop-apps	notifications-and-deep-links
PushMessagingStrategy.md	mobile-and-desktop-apps	notifications-and-deep-links
PushNotificationOpsBuildSigning.md	mobile-and-desktop-apps	notifications-and-deep-links
PushNotificationOpsCrashClustering.md	mobile-and-desktop-apps	notifications-and-deep-links
PushNotificationOpsDeviceMatrices.md	mobile-and-desktop-apps	notifications-and-deep-links
PushNotificationOpsPermissionFlows.md	mobile-and-desktop-apps	notifications-and-deep-links
PushNotificationOpsRollbackChannels.md	mobile-and-desktop-apps	notifications-and-deep-links
PushNotificationOpsStoreReadiness.md	mobile-and-desktop-apps	notifications-and-deep-links
PushNotificationOpsSyncConflictRules.md	mobile-and-desktop-apps	notifications-and-deep-links
PushNotificationOpsTelemetrySignals.md	mobile-and-desktop-apps	notifications-and-deep-links
PushNotificationOpsUpgradeSafety.md	mobile-and-desktop-apps	notifications-and-deep-links
PushNotificationOpsUserRecovery.md	mobile-and-desktop-apps	notifications-and-deep-links
PushNotificationsAlerts.md	mobile-and-desktop-apps	notifications-and-deep-links
PushReliabilityEngineeringDesign.md	mobile-and-desktop-apps	notifications-and-deep-links
PushReliabilityEngineeringDiagnostics.md	mobile-and-desktop-apps	notifications-and-deep-links
PushReliabilityEngineeringGovernance.md	mobile-and-desktop-apps	notifications-and-deep-links
PushReliabilityEngineeringOperations.md	mobile-and-desktop-apps	notifications-and-deep-links
PushReliabilityEngineeringOptimization.md	mobile-and-desktop-apps	notifications-and-deep-links
PushReliabilityEngineeringPlanning.md	mobile-and-desktop-apps	notifications-and-deep-links
PushReliabilityEngineeringPlaybook.md	mobile-and-desktop-apps	notifications-and-deep-links
PushReliabilityEngineeringReliability.md	mobile-and-desktop-apps	notifications-and-deep-links
PushReliabilityEngineeringReview.md	mobile-and-desktop-apps	notifications-and-deep-links
PushReliabilityEngineeringStrategy.md	mobile-and-desktop-apps	notifications-and-deep-links
Python.md	software-engineering-craft	languages
PythonAsyncFastAPI.md	backend-and-api-engineering	backend-framework-patterns
PythonBuildToolchains.md	software-engineering-craft	version-control-and-builds
PythonConcurrencyPatterns.md	software-engineering-craft	languages
PythonDebugWorkflows.md	software-engineering-craft	languages
PythonErrorSemantics.md	software-engineering-craft	languages
PythonInteropBoundaries.md	software-engineering-craft	languages
PythonPackagePublishing.md	software-engineering-craft	version-control-and-builds
PythonPackaging.md	software-engineering-craft	version-control-and-builds
PythonPerformanceProfiling.md	software-engineering-craft	languages
PythonRefactorMechanics.md	software-engineering-craft	code-quality-and-refactoring
PythonTestHarnessDesign.md	software-engineering-craft	languages
PythonTypeArchitecture.md	software-engineering-craft	languages
QuantumComputing.md	specialized-and-systems-engineering	scientific-and-emerging-computing
QueryPlanRepairAnomalyIsolation.md	data-platform-and-analytics	databases-and-warehouses
QueryPlanRepairConsistencyGuarantees.md	data-platform-and-analytics	databases-and-warehouses
QueryPlanRepairConsumerImpact.md	data-platform-and-analytics	databases-and-warehouses
QueryPlanRepairCostSignals.md	data-platform-and-analytics	databases-and-warehouses
QueryPlanRepairDriftChecks.md	data-platform-and-analytics	databases-and-warehouses
QueryPlanRepairLineageRecords.md	data-platform-and-analytics	databases-and-warehouses
QueryPlanRepairMigrationWindows.md	data-platform-and-analytics	databases-and-warehouses
QueryPlanRepairOwnershipMaps.md	data-platform-and-analytics	databases-and-warehouses
QueryPlanRepairRecoveryPaths.md	data-platform-and-analytics	databases-and-warehouses
QueryPlanRepairValidationProofs.md	data-platform-and-analytics	databases-and-warehouses
QueryRepairAutomationHooks.md	data-platform-and-analytics	databases-and-warehouses
QueryRepairChangeScoping.md	data-platform-and-analytics	databases-and-warehouses
QueryRepairEdgeCaseSweeps.md	data-platform-and-analytics	databases-and-warehouses
QueryRepairMinimalRepros.md	data-platform-and-analytics	databases-and-warehouses
QueryRepairPatchDesign.md	data-platform-and-analytics	databases-and-warehouses
QueryRepairRegressionGuards.md	data-platform-and-analytics	databases-and-warehouses
QueryRepairRiskRanking.md	data-platform-and-analytics	databases-and-warehouses
QueryRepairRollbackPlans.md	data-platform-and-analytics	databases-and-warehouses
QueryRepairTraceIsolation.md	data-platform-and-analytics	databases-and-warehouses
QueryRepairVerificationLoops.md	data-platform-and-analytics	databases-and-warehouses
QueueBackpressureConstraintMapping.md	reliability-and-incident-response	resilience-and-failure-isolation
QueueBackpressureControlsDesign.md	reliability-and-incident-response	resilience-and-failure-isolation
QueueBackpressureControlsDiagnostics.md	reliability-and-incident-response	resilience-and-failure-isolation
QueueBackpressureControlsGovernance.md	reliability-and-incident-response	resilience-and-failure-isolation
QueueBackpressureControlsOperations.md	reliability-and-incident-response	resilience-and-failure-isolation
QueueBackpressureControlsOptimization.md	reliability-and-incident-response	resilience-and-failure-isolation
QueueBackpressureControlsPlanning.md	reliability-and-incident-response	resilience-and-failure-isolation
QueueBackpressureControlsPlaybook.md	reliability-and-incident-response	resilience-and-failure-isolation
QueueBackpressureControlsReliability.md	reliability-and-incident-response	resilience-and-failure-isolation
QueueBackpressureControlsReview.md	reliability-and-incident-response	resilience-and-failure-isolation
QueueBackpressureControlsStrategy.md	reliability-and-incident-response	resilience-and-failure-isolation
QueueBackpressureDataOwnership.md	reliability-and-incident-response	resilience-and-failure-isolation
QueueBackpressureDependencyGraphs.md	reliability-and-incident-response	resilience-and-failure-isolation
QueueBackpressureFailureBudgets.md	reliability-and-incident-response	resilience-and-failure-isolation
QueueBackpressureInterfaceContracts.md	reliability-and-incident-response	resilience-and-failure-isolation
QueueBackpressureMigrationSeams.md	reliability-and-incident-response	resilience-and-failure-isolation
QueueBackpressureOperabilityHooks.md	reliability-and-incident-response	resilience-and-failure-isolation
QueueBackpressureRolloutPhases.md	reliability-and-incident-response	resilience-and-failure-isolation
QueueBackpressureScalingPaths.md	reliability-and-incident-response	resilience-and-failure-isolation
QueueBackpressureTradeoffReviews.md	reliability-and-incident-response	resilience-and-failure-isolation
QueueLatencyRepairBackpressureSignals.md	reliability-and-incident-response	resilience-and-failure-isolation
QueueLatencyRepairCausalTracing.md	reliability-and-incident-response	resilience-and-failure-isolation
QueueLatencyRepairContractProofs.md	reliability-and-incident-response	resilience-and-failure-isolation
QueueLatencyRepairDependencyIsolation.md	reliability-and-incident-response	resilience-and-failure-isolation
QueueLatencyRepairFailureSequencing.md	reliability-and-incident-response	resilience-and-failure-isolation
QueueLatencyRepairIdempotencyRules.md	reliability-and-incident-response	resilience-and-failure-isolation
QueueLatencyRepairOperatorClarity.md	reliability-and-incident-response	resilience-and-failure-isolation
QueueLatencyRepairRecoveryScripts.md	reliability-and-incident-response	resilience-and-failure-isolation
QueueLatencyRepairRetryDiscipline.md	reliability-and-incident-response	resilience-and-failure-isolation
QueueLatencyRepairRolloutGuards.md	reliability-and-incident-response	resilience-and-failure-isolation
Qwen.md	ai-and-agent-systems	model-provider-guides
RAGCostControl.md	ai-and-agent-systems	retrieval-search-and-embeddings
RAGDataContracts.md	ai-and-agent-systems	retrieval-search-and-embeddings
RAGEvaluationRubrics.md	ai-and-agent-systems	retrieval-search-and-embeddings
RAGExperimentTracking.md	ai-and-agent-systems	retrieval-search-and-embeddings
RAGFailureAnalysis.md	ai-and-agent-systems	retrieval-search-and-embeddings
RAGHumanReviewLoops.md	ai-and-agent-systems	retrieval-search-and-embeddings
RAGLatencyBudgets.md	ai-and-agent-systems	retrieval-search-and-embeddings
RAGPipelines.md	ai-and-agent-systems	retrieval-search-and-embeddings
RAGProductionRollouts.md	ai-and-agent-systems	retrieval-search-and-embeddings
RAGSafetyDesign.md	ai-and-agent-systems	retrieval-search-and-embeddings
RAGSystemsCostBudgets.md	ai-and-agent-systems	retrieval-search-and-embeddings
RAGSystemsExperimentTracking.md	ai-and-agent-systems	retrieval-search-and-embeddings
RAGSystemsFailureTaxonomy.md	ai-and-agent-systems	retrieval-search-and-embeddings
RAGSystemsHumanEscalation.md	ai-and-agent-systems	retrieval-search-and-embeddings
RAGSystemsLatencyControl.md	ai-and-agent-systems	retrieval-search-and-embeddings
RAGSystemsPolicyEnforcement.md	ai-and-agent-systems	retrieval-search-and-embeddings
RAGSystemsQualityThresholds.md	ai-and-agent-systems	retrieval-search-and-embeddings
RAGSystemsRolloutStages.md	ai-and-agent-systems	retrieval-search-and-embeddings
RAGSystemsTaskContracts.md	ai-and-agent-systems	retrieval-search-and-embeddings
RAGSystemsTraceAnalysis.md	ai-and-agent-systems	retrieval-search-and-embeddings
RAGToolReliability.md	ai-and-agent-systems	retrieval-search-and-embeddings
RESTApiAuthenticationFlows.md	backend-and-api-engineering	api-design-and-lifecycle
RESTApiBackgroundJobPatterns.md	backend-and-api-engineering	backend-framework-patterns
RESTApiCacheInvalidation.md	backend-and-api-engineering	api-design-and-lifecycle
RESTApiContractEvolution.md	backend-and-api-engineering	api-design-and-lifecycle
RESTApiErrorModeling.md	backend-and-api-engineering	api-design-and-lifecycle
RESTApiIdempotencyControls.md	backend-and-api-engineering	api-design-and-lifecycle
RESTApiMultiTenantIsolation.md	backend-and-api-engineering	api-design-and-lifecycle
RESTApiObservabilityContracts.md	backend-and-api-engineering	api-design-and-lifecycle
RESTApiPaginationSystems.md	backend-and-api-engineering	api-design-and-lifecycle
RESTApiRateLimitDesign.md	backend-and-api-engineering	backend-framework-patterns
REST_API_Design.md	backend-and-api-engineering	api-design-and-lifecycle
RFCWritingOpsActionSummaries.md	product-and-project-management	decisions-rfcs-and-memos
RFCWritingOpsApprovalCriteria.md	product-and-project-management	decisions-rfcs-and-memos
RFCWritingOpsAudienceFraming.md	product-and-project-management	decisions-rfcs-and-memos
RFCWritingOpsCrossLinking.md	product-and-project-management	decisions-rfcs-and-memos
RFCWritingOpsDecisionRecords.md	product-and-project-management	decisions-rfcs-and-memos
RFCWritingOpsEvidenceDensity.md	product-and-project-management	decisions-rfcs-and-memos
RFCWritingOpsExampleQuality.md	product-and-project-management	decisions-rfcs-and-memos
RFCWritingOpsReviewWorkflow.md	product-and-project-management	decisions-rfcs-and-memos
RFCWritingOpsSearchability.md	product-and-project-management	decisions-rfcs-and-memos
RFCWritingOpsUpdateCadence.md	product-and-project-management	decisions-rfcs-and-memos
Racket.md	software-engineering-craft	languages
RailsAuthenticationFlows.md	backend-and-api-engineering	backend-framework-patterns
RailsBackgroundJobPatterns.md	backend-and-api-engineering	backend-framework-patterns
RailsCacheInvalidation.md	backend-and-api-engineering	backend-framework-patterns
RailsContractEvolution.md	backend-and-api-engineering	backend-framework-patterns
RailsErrorModeling.md	backend-and-api-engineering	backend-framework-patterns
RailsIdempotencyControls.md	backend-and-api-engineering	backend-framework-patterns
RailsMultiTenantIsolation.md	backend-and-api-engineering	backend-framework-patterns
RailsObservabilityContracts.md	backend-and-api-engineering	backend-framework-patterns
RailsPaginationSystems.md	backend-and-api-engineering	backend-framework-patterns
RailsRateLimitDesign.md	backend-and-api-engineering	backend-framework-patterns
Raku.md	software-engineering-craft	languages
RankingSystemTuningAnnotationDisputes.md	ai-and-agent-systems	retrieval-search-and-embeddings
RankingSystemTuningDeploymentGates.md	ai-and-agent-systems	retrieval-search-and-embeddings
RankingSystemTuningErrorBuckets.md	ai-and-agent-systems	retrieval-search-and-embeddings
RankingSystemTuningFeedbackIngestion.md	ai-and-agent-systems	retrieval-search-and-embeddings
RankingSystemTuningGoldSetCuration.md	ai-and-agent-systems	retrieval-search-and-embeddings
RankingSystemTuningModelCardSignals.md	ai-and-agent-systems	retrieval-search-and-embeddings
RankingSystemTuningMonitoringCadence.md	ai-and-agent-systems	retrieval-search-and-embeddings
RankingSystemTuningSamplingStrategies.md	ai-and-agent-systems	retrieval-search-and-embeddings
RankingSystemTuningSliceAnalysis.md	ai-and-agent-systems	retrieval-search-and-embeddings
RankingSystemTuningThresholdPolicies.md	ai-and-agent-systems	retrieval-search-and-embeddings
Ransomware.md	security-and-trust	attack-defense-and-hardening
RateLimitNegotiationBackoffPolicies.md	backend-and-api-engineering	integrations-and-webhooks
RateLimitNegotiationContractSnapshots.md	backend-and-api-engineering	integrations-and-webhooks
RateLimitNegotiationErrorTaxonomy.md	backend-and-api-engineering	integrations-and-webhooks
RateLimitNegotiationRequestReplay.md	backend-and-api-engineering	integrations-and-webhooks
RateLimitNegotiationRolloutWindows.md	backend-and-api-engineering	integrations-and-webhooks
RateLimitNegotiationSandboxParity.md	backend-and-api-engineering	integrations-and-webhooks
RateLimitNegotiationSignatureValidation.md	backend-and-api-engineering	integrations-and-webhooks
RateLimitNegotiationSupportEscalations.md	backend-and-api-engineering	integrations-and-webhooks
RateLimitNegotiationTokenRefresh.md	backend-and-api-engineering	integrations-and-webhooks
RateLimitNegotiationVersionDiffs.md	backend-and-api-engineering	integrations-and-webhooks
RateLimitingAPIGateway.md	backend-and-api-engineering	api-design-and-lifecycle
React.md	frontend-and-user-experience	frontend-frameworks-and-performance
ReactAccessibilityFlows.md	frontend-and-user-experience	accessibility
ReactBuildPipelines.md	frontend-and-user-experience	frontend-frameworks-and-performance
ReactComponentTesting.md	frontend-and-user-experience	frontend-frameworks-and-performance
ReactDesignSystemAdoption.md	frontend-and-user-experience	frontend-frameworks-and-performance
ReactErrorRecoveryUX.md	frontend-and-user-experience	frontend-frameworks-and-performance
ReactFormSystems.md	frontend-and-user-experience	frontend-frameworks-and-performance
ReactHooksAdvanced.md	frontend-and-user-experience	frontend-frameworks-and-performance
ReactHydrationRecovery.md	frontend-and-user-experience	frontend-frameworks-and-performance
ReactPatterns.md	frontend-and-user-experience	frontend-frameworks-and-performance
ReactPerformance.md	frontend-and-user-experience	frontend-frameworks-and-performance
ReactRenderingPerformance.md	frontend-and-user-experience	frontend-frameworks-and-performance
ReactRoutingBoundaries.md	frontend-and-user-experience	frontend-frameworks-and-performance
ReactStateArchitecture.md	frontend-and-user-experience	frontend-frameworks-and-performance
RealtimeDatabaseSync.md	data-platform-and-analytics	databases-and-warehouses
RecommenderFeedbackLoopsAnnotationDisputes.md	ai-and-agent-systems	retrieval-search-and-embeddings
RecommenderFeedbackLoopsDeploymentGates.md	ai-and-agent-systems	retrieval-search-and-embeddings
RecommenderFeedbackLoopsErrorBuckets.md	ai-and-agent-systems	retrieval-search-and-embeddings
RecommenderFeedbackLoopsFeedbackIngestion.md	ai-and-agent-systems	retrieval-search-and-embeddings
RecommenderFeedbackLoopsGoldSetCuration.md	ai-and-agent-systems	retrieval-search-and-embeddings
RecommenderFeedbackLoopsModelCardSignals.md	ai-and-agent-systems	retrieval-search-and-embeddings
RecommenderFeedbackLoopsMonitoringCadence.md	ai-and-agent-systems	retrieval-search-and-embeddings
RecommenderFeedbackLoopsSamplingStrategies.md	ai-and-agent-systems	retrieval-search-and-embeddings
RecommenderFeedbackLoopsSliceAnalysis.md	ai-and-agent-systems	retrieval-search-and-embeddings
RecommenderFeedbackLoopsThresholdPolicies.md	ai-and-agent-systems	retrieval-search-and-embeddings
Red.md	software-engineering-craft	languages
Redis.md	data-platform-and-analytics	databases-and-warehouses
RedisAccessPatterns.md	data-platform-and-analytics	databases-and-warehouses
RedisAdvanced.md	data-platform-and-analytics	databases-and-warehouses
RedisConsistencyRules.md	data-platform-and-analytics	databases-and-warehouses
RedisCostGuardrails.md	data-platform-and-analytics	databases-and-warehouses
RedisDataModelGrain.md	data-platform-and-analytics	databases-and-warehouses
RedisDataObservability.md	data-platform-and-analytics	data-quality-and-governance
RedisMigrationCutovers.md	data-platform-and-analytics	databases-and-warehouses
RedisQueryProfiling.md	data-platform-and-analytics	databases-and-warehouses
RedisReplicationRecovery.md	data-platform-and-analytics	databases-and-warehouses
RedisSchemaEvolution.md	data-platform-and-analytics	schema-and-data-contracts
RedisSecurityControls.md	security-and-trust	secrets-and-key-management
RefactorCampaignsApprovalHeuristics.md	software-engineering-craft	code-quality-and-refactoring
RefactorCampaignsChangeNarratives.md	software-engineering-craft	code-quality-and-refactoring
RefactorCampaignsDependencyBlastRadius.md	software-engineering-craft	code-quality-and-refactoring
RefactorCampaignsDiffCompression.md	software-engineering-craft	code-quality-and-refactoring
RefactorCampaignsEvidencePackets.md	software-engineering-craft	code-quality-and-refactoring
RefactorCampaignsFollowthroughChecklists.md	software-engineering-craft	code-quality-and-refactoring
RefactorCampaignsRebaseSafety.md	software-engineering-craft	code-quality-and-refactoring
RefactorCampaignsRegressionForecasting.md	software-engineering-craft	code-quality-and-refactoring
RefactorCampaignsReviewerAlignment.md	software-engineering-craft	code-quality-and-refactoring
RefactorCampaignsStagingPlans.md	software-engineering-craft	code-quality-and-refactoring
Refactoring.md	software-engineering-craft	code-quality-and-refactoring
ReferenceCheckOperationsBiasMitigations.md	people-and-engineering-management	hiring-and-interviewing
ReferenceCheckOperationsCalibrationSessions.md	people-and-engineering-management	hiring-and-interviewing
ReferenceCheckOperationsDecisionMemos.md	people-and-engineering-management	hiring-and-interviewing
ReferenceCheckOperationsDocumentationTemplates.md	people-and-engineering-management	hiring-and-interviewing
ReferenceCheckOperationsEscalationRules.md	people-and-engineering-management	hiring-and-interviewing
ReferenceCheckOperationsEvaluationPackets.md	people-and-engineering-management	hiring-and-interviewing
ReferenceCheckOperationsFeedbackCadence.md	people-and-engineering-management	hiring-and-interviewing
ReferenceCheckOperationsOutcomeTracking.md	people-and-engineering-management	hiring-and-interviewing
ReferenceCheckOperationsReadinessChecks.md	people-and-engineering-management	hiring-and-interviewing
ReferenceCheckOperationsSignalRubrics.md	people-and-engineering-management	hiring-and-interviewing
ReferralLoopDesignAnalyticsAnnotations.md	product-growth-and-marketing	acquisition-funnels-and-campaigns
ReferralLoopDesignAudienceSegmentation.md	product-growth-and-marketing	acquisition-funnels-and-campaigns
ReferralLoopDesignCohortReadouts.md	product-growth-and-marketing	acquisition-funnels-and-campaigns
ReferralLoopDesignConversionDiagnostics.md	product-growth-and-marketing	acquisition-funnels-and-campaigns
ReferralLoopDesignCopyTesting.md	product-growth-and-marketing	acquisition-funnels-and-campaigns
ReferralLoopDesignHypothesisRanking.md	product-growth-and-marketing	acquisition-funnels-and-campaigns
ReferralLoopDesignOfferFraming.md	product-growth-and-marketing	acquisition-funnels-and-campaigns
ReferralLoopDesignOutcomeAttribution.md	product-growth-and-marketing	acquisition-funnels-and-campaigns
ReferralLoopDesignRolloutSequencing.md	product-growth-and-marketing	acquisition-funnels-and-campaigns
ReferralLoopDesignVariantSafeguards.md	product-growth-and-marketing	acquisition-funnels-and-campaigns
RegexTextProcessing.md	software-engineering-craft	algorithms-and-fundamentals
RegionalFailoverPlanning.md	reliability-and-incident-response	backup-and-disaster-recovery
RegisterFileDesign.md	specialized-and-systems-engineering	hardware-and-computer-architecture
ReleaseBranchManagementApprovalHeuristics.md	software-engineering-craft	version-control-and-builds
ReleaseBranchManagementChangeNarratives.md	software-engineering-craft	version-control-and-builds
ReleaseBranchManagementDependencyBlastRadius.md	software-engineering-craft	version-control-and-builds
ReleaseBranchManagementDiffCompression.md	software-engineering-craft	version-control-and-builds
ReleaseBranchManagementEvidencePackets.md	software-engineering-craft	version-control-and-builds
ReleaseBranchManagementFollowthroughChecklists.md	software-engineering-craft	version-control-and-builds
ReleaseBranchManagementRebaseSafety.md	software-engineering-craft	version-control-and-builds
ReleaseBranchManagementRegressionForecasting.md	software-engineering-craft	version-control-and-builds
ReleaseBranchManagementReviewerAlignment.md	software-engineering-craft	version-control-and-builds
ReleaseBranchManagementStagingPlans.md	software-engineering-craft	version-control-and-builds
ReleaseChannelGovernanceDesign.md	platform-and-cloud-infrastructure	ci-cd-and-release-pipelines
ReleaseChannelGovernanceDiagnostics.md	platform-and-cloud-infrastructure	ci-cd-and-release-pipelines
ReleaseChannelGovernanceGovernance.md	platform-and-cloud-infrastructure	ci-cd-and-release-pipelines
ReleaseChannelGovernanceOperations.md	platform-and-cloud-infrastructure	ci-cd-and-release-pipelines
ReleaseChannelGovernanceOptimization.md	platform-and-cloud-infrastructure	ci-cd-and-release-pipelines
ReleaseChannelGovernancePlanning.md	platform-and-cloud-infrastructure	ci-cd-and-release-pipelines
ReleaseChannelGovernancePlaybook.md	platform-and-cloud-infrastructure	ci-cd-and-release-pipelines
ReleaseChannelGovernanceReliability.md	platform-and-cloud-infrastructure	ci-cd-and-release-pipelines
ReleaseChannelGovernanceReview.md	platform-and-cloud-infrastructure	ci-cd-and-release-pipelines
ReleaseChannelGovernanceStrategy.md	platform-and-cloud-infrastructure	ci-cd-and-release-pipelines
ReleaseReadinessOpsAutomationHooks.md	platform-and-cloud-infrastructure	ci-cd-and-release-pipelines
ReleaseReadinessOpsChangeScoping.md	platform-and-cloud-infrastructure	ci-cd-and-release-pipelines
ReleaseReadinessOpsEdgeCaseSweeps.md	platform-and-cloud-infrastructure	ci-cd-and-release-pipelines
ReleaseReadinessOpsMinimalRepros.md	platform-and-cloud-infrastructure	ci-cd-and-release-pipelines
ReleaseReadinessOpsPatchDesign.md	platform-and-cloud-infrastructure	ci-cd-and-release-pipelines
ReleaseReadinessOpsRegressionGuards.md	platform-and-cloud-infrastructure	ci-cd-and-release-pipelines
ReleaseReadinessOpsRiskRanking.md	platform-and-cloud-infrastructure	ci-cd-and-release-pipelines
ReleaseReadinessOpsRollbackPlans.md	platform-and-cloud-infrastructure	ci-cd-and-release-pipelines
ReleaseReadinessOpsTraceIsolation.md	platform-and-cloud-infrastructure	ci-cd-and-release-pipelines
ReleaseReadinessOpsVerificationLoops.md	platform-and-cloud-infrastructure	ci-cd-and-release-pipelines
ReleaseTrainManagement.md	platform-and-cloud-infrastructure	ci-cd-and-release-pipelines
ReliabilityReviewBoardsDesign.md	reliability-and-incident-response	incident-response-and-postmortems
ReliabilityReviewBoardsDiagnostics.md	reliability-and-incident-response	incident-response-and-postmortems
ReliabilityReviewBoardsGovernance.md	reliability-and-incident-response	incident-response-and-postmortems
ReliabilityReviewBoardsOperations.md	reliability-and-incident-response	incident-response-and-postmortems
ReliabilityReviewBoardsOptimization.md	reliability-and-incident-response	incident-response-and-postmortems
ReliabilityReviewBoardsPlanning.md	reliability-and-incident-response	incident-response-and-postmortems
ReliabilityReviewBoardsPlaybook.md	reliability-and-incident-response	incident-response-and-postmortems
ReliabilityReviewBoardsReliability.md	reliability-and-incident-response	incident-response-and-postmortems
ReliabilityReviewBoardsReview.md	reliability-and-incident-response	incident-response-and-postmortems
ReliabilityReviewBoardsStrategy.md	reliability-and-incident-response	incident-response-and-postmortems
RemixAccessibilityFlows.md	frontend-and-user-experience	accessibility
RemixBuildPipelines.md	frontend-and-user-experience	frontend-frameworks-and-performance
RemixComponentTesting.md	frontend-and-user-experience	frontend-frameworks-and-performance
RemixDesignSystemAdoption.md	frontend-and-user-experience	frontend-frameworks-and-performance
RemixErrorRecoveryUX.md	frontend-and-user-experience	frontend-frameworks-and-performance
RemixFormSystems.md	frontend-and-user-experience	frontend-frameworks-and-performance
RemixHydrationRecovery.md	frontend-and-user-experience	frontend-frameworks-and-performance
RemixRenderingPerformance.md	frontend-and-user-experience	frontend-frameworks-and-performance
RemixRoutingBoundaries.md	frontend-and-user-experience	frontend-frameworks-and-performance
RemixStateArchitecture.md	frontend-and-user-experience	frontend-frameworks-and-performance
RenderingFailureContainmentDesign.md	frontend-and-user-experience	frontend-frameworks-and-performance
RenderingFailureContainmentDiagnostics.md	frontend-and-user-experience	frontend-frameworks-and-performance
RenderingFailureContainmentGovernance.md	frontend-and-user-experience	frontend-frameworks-and-performance
RenderingFailureContainmentOperations.md	frontend-and-user-experience	frontend-frameworks-and-performance
RenderingFailureContainmentOptimization.md	frontend-and-user-experience	frontend-frameworks-and-performance
RenderingFailureContainmentPlanning.md	frontend-and-user-experience	frontend-frameworks-and-performance
RenderingFailureContainmentPlaybook.md	frontend-and-user-experience	frontend-frameworks-and-performance
RenderingFailureContainmentReliability.md	frontend-and-user-experience	frontend-frameworks-and-performance
RenderingFailureContainmentReview.md	frontend-and-user-experience	frontend-frameworks-and-performance
RenderingFailureContainmentStrategy.md	frontend-and-user-experience	frontend-frameworks-and-performance
RenderingPipelineTuningAccessibilityProofs.md	frontend-and-user-experience	frontend-frameworks-and-performance
RenderingPipelineTuningDeviceCoverage.md	frontend-and-user-experience	frontend-frameworks-and-performance
RenderingPipelineTuningEdgeStateMatrices.md	frontend-and-user-experience	frontend-frameworks-and-performance
RenderingPipelineTuningFailureRecovery.md	frontend-and-user-experience	frontend-frameworks-and-performance
RenderingPipelineTuningHandoffSpecs.md	frontend-and-user-experience	frontend-frameworks-and-performance
RenderingPipelineTuningInteractionLatency.md	frontend-and-user-experience	frontend-frameworks-and-performance
RenderingPipelineTuningRegressionScreens.md	frontend-and-user-experience	frontend-frameworks-and-performance
RenderingPipelineTuningStateBoundaries.md	frontend-and-user-experience	frontend-frameworks-and-performance
RenderingPipelineTuningTestObservability.md	frontend-and-user-experience	frontend-frameworks-and-performance
RenderingPipelineTuningVisualContracts.md	frontend-and-user-experience	frontend-frameworks-and-performance
RenewalRiskModelingDesign.md	customer-and-revenue-operations	customer-success-and-retention
RenewalRiskModelingDiagnostics.md	customer-and-revenue-operations	customer-success-and-retention
RenewalRiskModelingGovernance.md	customer-and-revenue-operations	customer-success-and-retention
RenewalRiskModelingOperations.md	customer-and-revenue-operations	customer-success-and-retention
RenewalRiskModelingOptimization.md	customer-and-revenue-operations	customer-success-and-retention
RenewalRiskModelingPlanning.md	customer-and-revenue-operations	customer-success-and-retention
RenewalRiskModelingPlaybook.md	customer-and-revenue-operations	customer-success-and-retention
RenewalRiskModelingReliability.md	customer-and-revenue-operations	customer-success-and-retention
RenewalRiskModelingReview.md	customer-and-revenue-operations	customer-success-and-retention
RenewalRiskModelingStrategy.md	customer-and-revenue-operations	customer-success-and-retention
RenewalRiskReviewEscalationProofs.md	customer-and-revenue-operations	customer-success-and-retention
RenewalRiskReviewFollowupCadence.md	customer-and-revenue-operations	customer-success-and-retention
RenewalRiskReviewKnowledgeReuse.md	customer-and-revenue-operations	customer-success-and-retention
RenewalRiskReviewOutcomeTracking.md	customer-and-revenue-operations	customer-success-and-retention
RenewalRiskReviewResponseTemplates.md	customer-and-revenue-operations	customer-success-and-retention
RenewalRiskReviewRiskFlags.md	customer-and-revenue-operations	customer-success-and-retention
RenewalRiskReviewSegmentationRules.md	customer-and-revenue-operations	customer-success-and-retention
RenewalRiskReviewSignalInterpretation.md	customer-and-revenue-operations	customer-success-and-retention
RenewalRiskReviewStakeholderMapping.md	customer-and-revenue-operations	customer-success-and-retention
RenewalRiskReviewWorkflowSequencing.md	customer-and-revenue-operations	customer-success-and-retention
ReplicationLagTriageAnomalyIsolation.md	data-platform-and-analytics	databases-and-warehouses
ReplicationLagTriageConsistencyGuarantees.md	data-platform-and-analytics	databases-and-warehouses
ReplicationLagTriageConsumerImpact.md	data-platform-and-analytics	databases-and-warehouses
ReplicationLagTriageCostSignals.md	data-platform-and-analytics	databases-and-warehouses
ReplicationLagTriageDriftChecks.md	data-platform-and-analytics	databases-and-warehouses
ReplicationLagTriageLineageRecords.md	data-platform-and-analytics	databases-and-warehouses
ReplicationLagTriageMigrationWindows.md	data-platform-and-analytics	databases-and-warehouses
ReplicationLagTriageOwnershipMaps.md	data-platform-and-analytics	databases-and-warehouses
ReplicationLagTriageRecoveryPaths.md	data-platform-and-analytics	databases-and-warehouses
ReplicationLagTriageValidationProofs.md	data-platform-and-analytics	databases-and-warehouses
RepositoryAuditAutomationHooks.md	testing-and-quality-assurance	bug-reproduction-and-triage
RepositoryAuditChangeScoping.md	testing-and-quality-assurance	bug-reproduction-and-triage
RepositoryAuditEdgeCaseSweeps.md	testing-and-quality-assurance	bug-reproduction-and-triage
RepositoryAuditMinimalRepros.md	testing-and-quality-assurance	bug-reproduction-and-triage
RepositoryAuditPatchDesign.md	testing-and-quality-assurance	bug-reproduction-and-triage
RepositoryAuditRegressionGuards.md	testing-and-quality-assurance	bug-reproduction-and-triage
RepositoryAuditRiskRanking.md	testing-and-quality-assurance	bug-reproduction-and-triage
RepositoryAuditRollbackPlans.md	testing-and-quality-assurance	bug-reproduction-and-triage
RepositoryAuditTraceIsolation.md	testing-and-quality-assurance	bug-reproduction-and-triage
RepositoryAuditVerificationLoops.md	testing-and-quality-assurance	bug-reproduction-and-triage
RequestRefactorPlan.md	software-engineering-craft	code-quality-and-refactoring
RequirementsDiscoveryActionExtraction.md	product-and-project-management	decisions-rfcs-and-memos
RequirementsDiscoveryBiasChecks.md	product-and-project-management	decisions-rfcs-and-memos
RequirementsDiscoveryCitationDiscipline.md	product-and-project-management	decisions-rfcs-and-memos
RequirementsDiscoveryConfidenceScoring.md	product-and-project-management	decisions-rfcs-and-memos
RequirementsDiscoveryContradictionHandling.md	product-and-project-management	decisions-rfcs-and-memos
RequirementsDiscoveryEvidenceSifting.md	product-and-project-management	decisions-rfcs-and-memos
RequirementsDiscoveryFollowupQuestions.md	product-and-project-management	decisions-rfcs-and-memos
RequirementsDiscoveryQuestionDesign.md	product-and-project-management	decisions-rfcs-and-memos
RequirementsDiscoveryStakeholderReadouts.md	product-and-project-management	decisions-rfcs-and-memos
RequirementsDiscoverySynthesisFrames.md	product-and-project-management	decisions-rfcs-and-memos
ResearchAndSummarize.md	content-and-communication	internal-knowledge-and-research
ResearchBriefingActionSummaries.md	content-and-communication	internal-knowledge-and-research
ResearchBriefingApprovalCriteria.md	content-and-communication	internal-knowledge-and-research
ResearchBriefingAudienceFraming.md	content-and-communication	internal-knowledge-and-research
ResearchBriefingCrossLinking.md	content-and-communication	internal-knowledge-and-research
ResearchBriefingDecisionRecords.md	content-and-communication	internal-knowledge-and-research
ResearchBriefingEvidenceDensity.md	content-and-communication	internal-knowledge-and-research
ResearchBriefingExampleQuality.md	content-and-communication	internal-knowledge-and-research
ResearchBriefingReviewWorkflow.md	content-and-communication	internal-knowledge-and-research
ResearchBriefingSearchability.md	content-and-communication	internal-knowledge-and-research
ResearchBriefingUpdateCadence.md	content-and-communication	internal-knowledge-and-research
ResearchSynthesisOpsContentHierarchy.md	content-and-communication	internal-knowledge-and-research
ResearchSynthesisOpsDecisionClarity.md	content-and-communication	internal-knowledge-and-research
ResearchSynthesisOpsEdgeStateCoverage.md	content-and-communication	internal-knowledge-and-research
ResearchSynthesisOpsExperimentAnnotations.md	content-and-communication	internal-knowledge-and-research
ResearchSynthesisOpsHandoffSpecs.md	content-and-communication	internal-knowledge-and-research
ResearchSynthesisOpsHeuristicReviews.md	content-and-communication	internal-knowledge-and-research
ResearchSynthesisOpsMeasurementPlans.md	content-and-communication	internal-knowledge-and-research
ResearchSynthesisOpsRecoveryPatterns.md	content-and-communication	internal-knowledge-and-research
ResearchSynthesisOpsStateMapping.md	content-and-communication	internal-knowledge-and-research
ResearchSynthesisOpsUsabilitySignals.md	content-and-communication	internal-knowledge-and-research
ResponsibleAI.md	ai-and-agent-systems	safety-and-guardrails
ResumePortfolioWriting.md	people-and-engineering-management	leadership-and-career-growth
RetargetingCampaignOpsAnalyticsAnnotations.md	product-growth-and-marketing	acquisition-funnels-and-campaigns
RetargetingCampaignOpsAudienceSegmentation.md	product-growth-and-marketing	acquisition-funnels-and-campaigns
RetargetingCampaignOpsCohortReadouts.md	product-growth-and-marketing	acquisition-funnels-and-campaigns
RetargetingCampaignOpsConversionDiagnostics.md	product-growth-and-marketing	acquisition-funnels-and-campaigns
RetargetingCampaignOpsCopyTesting.md	product-growth-and-marketing	acquisition-funnels-and-campaigns
RetargetingCampaignOpsHypothesisRanking.md	product-growth-and-marketing	acquisition-funnels-and-campaigns
RetargetingCampaignOpsOfferFraming.md	product-growth-and-marketing	acquisition-funnels-and-campaigns
RetargetingCampaignOpsOutcomeAttribution.md	product-growth-and-marketing	acquisition-funnels-and-campaigns
RetargetingCampaignOpsRolloutSequencing.md	product-growth-and-marketing	acquisition-funnels-and-campaigns
RetargetingCampaignOpsVariantSafeguards.md	product-growth-and-marketing	acquisition-funnels-and-campaigns
RetentionProgramsFollowupLoops.md	product-growth-and-marketing	onboarding-activation-and-retention
RetentionProgramsLearningAgenda.md	product-growth-and-marketing	onboarding-activation-and-retention
RetentionProgramsObjectionHandling.md	product-growth-and-marketing	onboarding-activation-and-retention
RetentionProgramsProblemFraming.md	product-growth-and-marketing	onboarding-activation-and-retention
RetentionProgramsRiskScoring.md	product-growth-and-marketing	onboarding-activation-and-retention
RetentionProgramsRolloutRules.md	product-growth-and-marketing	onboarding-activation-and-retention
RetentionProgramsSegmentationLogic.md	product-growth-and-marketing	onboarding-activation-and-retention
RetentionProgramsStakeholderMaps.md	product-growth-and-marketing	onboarding-activation-and-retention
RetentionProgramsSuccessMetrics.md	product-growth-and-marketing	onboarding-activation-and-retention
RetentionProgramsTradeoffNarratives.md	product-growth-and-marketing	onboarding-activation-and-retention
RetrievalAugmentationEvaluation.md	ai-and-agent-systems	retrieval-search-and-embeddings
RetrievalChunkingPoliciesDesign.md	ai-and-agent-systems	retrieval-search-and-embeddings
RetrievalChunkingPoliciesDiagnostics.md	ai-and-agent-systems	retrieval-search-and-embeddings
RetrievalChunkingPoliciesGovernance.md	ai-and-agent-systems	retrieval-search-and-embeddings
RetrievalChunkingPoliciesOperations.md	ai-and-agent-systems	retrieval-search-and-embeddings
RetrievalChunkingPoliciesOptimization.md	ai-and-agent-systems	retrieval-search-and-embeddings
RetrievalChunkingPoliciesPlanning.md	ai-and-agent-systems	retrieval-search-and-embeddings
RetrievalChunkingPoliciesPlaybook.md	ai-and-agent-systems	retrieval-search-and-embeddings
RetrievalChunkingPoliciesReliability.md	ai-and-agent-systems	retrieval-search-and-embeddings
RetrievalChunkingPoliciesReview.md	ai-and-agent-systems	retrieval-search-and-embeddings
RetrievalChunkingPoliciesStrategy.md	ai-and-agent-systems	retrieval-search-and-embeddings
RetrievalQualityOpsComparisonRuns.md	ai-and-agent-systems	retrieval-search-and-embeddings
RetrievalQualityOpsEscalationRules.md	ai-and-agent-systems	retrieval-search-and-embeddings
RetrievalQualityOpsFailureLabels.md	ai-and-agent-systems	retrieval-search-and-embeddings
RetrievalQualityOpsHumanOverride.md	ai-and-agent-systems	retrieval-search-and-embeddings
RetrievalQualityOpsPromptVersioning.md	ai-and-agent-systems	retrieval-search-and-embeddings
RetrievalQualityOpsQualityGates.md	ai-and-agent-systems	retrieval-search-and-embeddings
RetrievalQualityOpsSafetyThresholds.md	ai-and-agent-systems	retrieval-search-and-embeddings
RetrievalQualityOpsTaskContracts.md	ai-and-agent-systems	retrieval-search-and-embeddings
RetrievalQualityOpsToolReliability.md	ai-and-agent-systems	retrieval-search-and-embeddings
RetrievalQualityOpsTraceReview.md	ai-and-agent-systems	retrieval-search-and-embeddings
ReverseETLActivation.md	data-platform-and-analytics	pipelines-and-ingestion
ReverseEngineering.md	security-and-trust	attack-defense-and-hardening
ReviewQueueDesignComparisonRuns.md	ai-and-agent-systems	evaluation-and-labeling
ReviewQueueDesignEscalationRules.md	ai-and-agent-systems	evaluation-and-labeling
ReviewQueueDesignFailureLabels.md	ai-and-agent-systems	evaluation-and-labeling
ReviewQueueDesignHumanOverride.md	ai-and-agent-systems	evaluation-and-labeling
ReviewQueueDesignPromptVersioning.md	ai-and-agent-systems	evaluation-and-labeling
ReviewQueueDesignQualityGates.md	ai-and-agent-systems	evaluation-and-labeling
ReviewQueueDesignSafetyThresholds.md	ai-and-agent-systems	evaluation-and-labeling
ReviewQueueDesignTaskContracts.md	ai-and-agent-systems	evaluation-and-labeling
ReviewQueueDesignToolReliability.md	ai-and-agent-systems	evaluation-and-labeling
ReviewQueueDesignTraceReview.md	ai-and-agent-systems	evaluation-and-labeling
RoadmapDecisionsFollowupLoops.md	product-and-project-management	roadmaps-and-prioritization
RoadmapDecisionsLearningAgenda.md	product-and-project-management	roadmaps-and-prioritization
RoadmapDecisionsObjectionHandling.md	product-and-project-management	roadmaps-and-prioritization
RoadmapDecisionsProblemFraming.md	product-and-project-management	roadmaps-and-prioritization
RoadmapDecisionsRiskScoring.md	product-and-project-management	roadmaps-and-prioritization
RoadmapDecisionsRolloutRules.md	product-and-project-management	roadmaps-and-prioritization
RoadmapDecisionsSegmentationLogic.md	product-and-project-management	roadmaps-and-prioritization
RoadmapDecisionsStakeholderMaps.md	product-and-project-management	roadmaps-and-prioritization
RoadmapDecisionsSuccessMetrics.md	product-and-project-management	roadmaps-and-prioritization
RoadmapDecisionsTradeoffNarratives.md	product-and-project-management	roadmaps-and-prioritization
RoadmapOptionAnalysisCommsPlans.md	product-and-project-management	roadmaps-and-prioritization
RoadmapOptionAnalysisDependencyReviews.md	product-and-project-management	roadmaps-and-prioritization
RoadmapOptionAnalysisEscalationPaths.md	product-and-project-management	roadmaps-and-prioritization
RoadmapOptionAnalysisLearningLoops.md	product-and-project-management	roadmaps-and-prioritization
RoadmapOptionAnalysisMetricSelection.md	product-and-project-management	roadmaps-and-prioritization
RoadmapOptionAnalysisOutcomeInterpretation.md	product-and-project-management	roadmaps-and-prioritization
RoadmapOptionAnalysisPostLaunchCadence.md	product-and-project-management	roadmaps-and-prioritization
RoadmapOptionAnalysisReadinessGates.md	product-and-project-management	roadmaps-and-prioritization
RoadmapOptionAnalysisRiskNarratives.md	product-and-project-management	roadmaps-and-prioritization
RoadmapOptionAnalysisSegmentLogic.md	product-and-project-management	roadmaps-and-prioritization
RoadmapTradeoffAnalysis.md	product-and-project-management	roadmaps-and-prioritization
RoadmappingDecisionMemos.md	product-and-project-management	roadmaps-and-prioritization
RoadmappingFeedbackTaxonomy.md	product-and-project-management	roadmaps-and-prioritization
RoadmappingMetricTrees.md	product-and-project-management	roadmaps-and-prioritization
RoadmappingOperatingCadence.md	product-and-project-management	roadmaps-and-prioritization
RoadmappingPostLaunchAnalysis.md	product-and-project-management	roadmaps-and-prioritization
RoadmappingPrioritizationModels.md	product-and-project-management	roadmaps-and-prioritization
RoadmappingProblemFraming.md	product-and-project-management	roadmaps-and-prioritization
RoadmappingRiskReviews.md	product-and-project-management	roadmaps-and-prioritization
RoadmappingRolloutPlanning.md	product-and-project-management	roadmaps-and-prioritization
RoadmappingStakeholderAlignment.md	product-and-project-management	roadmaps-and-prioritization
RoboticsAPIDesign.md	specialized-and-systems-engineering	embedded-iot-and-robotics
RoboticsArchitecturePatterns.md	specialized-and-systems-engineering	embedded-iot-and-robotics
RoboticsBehaviorTracingBenchmarkDesign.md	specialized-and-systems-engineering	embedded-iot-and-robotics
RoboticsBehaviorTracingDeploymentConstraints.md	specialized-and-systems-engineering	embedded-iot-and-robotics
RoboticsBehaviorTracingFailureModels.md	specialized-and-systems-engineering	embedded-iot-and-robotics
RoboticsBehaviorTracingObservabilityHooks.md	specialized-and-systems-engineering	embedded-iot-and-robotics
RoboticsBehaviorTracingOptimizationBoundaries.md	specialized-and-systems-engineering	embedded-iot-and-robotics
RoboticsBehaviorTracingRecoveryLogic.md	specialized-and-systems-engineering	embedded-iot-and-robotics
RoboticsBehaviorTracingReproHarnesses.md	specialized-and-systems-engineering	embedded-iot-and-robotics
RoboticsBehaviorTracingResourceBudgets.md	specialized-and-systems-engineering	embedded-iot-and-robotics
RoboticsBehaviorTracingSafetyMargins.md	specialized-and-systems-engineering	embedded-iot-and-robotics
RoboticsBehaviorTracingStateInspection.md	specialized-and-systems-engineering	embedded-iot-and-robotics
RoboticsControlLoops.md	specialized-and-systems-engineering	embedded-iot-and-robotics
RoboticsControlSystemsAPIDesign.md	specialized-and-systems-engineering	embedded-iot-and-robotics
RoboticsControlSystemsArchitecturePatterns.md	specialized-and-systems-engineering	embedded-iot-and-robotics
RoboticsControlSystemsDebuggingTactics.md	specialized-and-systems-engineering	embedded-iot-and-robotics
RoboticsControlSystemsFailureAnalysis.md	specialized-and-systems-engineering	embedded-iot-and-robotics
RoboticsControlSystemsMemorySafety.md	specialized-and-systems-engineering	embedded-iot-and-robotics
RoboticsControlSystemsOptimizationPlaybooks.md	specialized-and-systems-engineering	embedded-iot-and-robotics
RoboticsControlSystemsPerformanceModels.md	specialized-and-systems-engineering	embedded-iot-and-robotics
RoboticsControlSystemsStateMachines.md	specialized-and-systems-engineering	embedded-iot-and-robotics
RoboticsControlSystemsTestStrategies.md	specialized-and-systems-engineering	embedded-iot-and-robotics
RoboticsControlSystemsToolingWorkflows.md	specialized-and-systems-engineering	embedded-iot-and-robotics
RoboticsDebuggingTactics.md	specialized-and-systems-engineering	embedded-iot-and-robotics
RoboticsFailureAnalysis.md	specialized-and-systems-engineering	embedded-iot-and-robotics
RoboticsFaultRecoveryDesign.md	specialized-and-systems-engineering	embedded-iot-and-robotics
RoboticsFaultRecoveryDiagnostics.md	specialized-and-systems-engineering	embedded-iot-and-robotics
RoboticsFaultRecoveryGovernance.md	specialized-and-systems-engineering	embedded-iot-and-robotics
RoboticsFaultRecoveryOperations.md	specialized-and-systems-engineering	embedded-iot-and-robotics
RoboticsFaultRecoveryOptimization.md	specialized-and-systems-engineering	embedded-iot-and-robotics
RoboticsFaultRecoveryPlanning.md	specialized-and-systems-engineering	embedded-iot-and-robotics
RoboticsFaultRecoveryPlaybook.md	specialized-and-systems-engineering	embedded-iot-and-robotics
RoboticsFaultRecoveryReliability.md	specialized-and-systems-engineering	embedded-iot-and-robotics
RoboticsFaultRecoveryReview.md	specialized-and-systems-engineering	embedded-iot-and-robotics
RoboticsFaultRecoveryStrategy.md	specialized-and-systems-engineering	embedded-iot-and-robotics
RoboticsMemorySafety.md	specialized-and-systems-engineering	embedded-iot-and-robotics
RoboticsOptimizationPlaybooks.md	specialized-and-systems-engineering	embedded-iot-and-robotics
RoboticsPerformanceModels.md	specialized-and-systems-engineering	embedded-iot-and-robotics
RoboticsStateMachines.md	specialized-and-systems-engineering	embedded-iot-and-robotics
RoboticsTestStrategies.md	specialized-and-systems-engineering	embedded-iot-and-robotics
RoboticsToolingWorkflows.md	specialized-and-systems-engineering	embedded-iot-and-robotics
RollbackReadinessAnalysis.md	platform-and-cloud-infrastructure	ci-cd-and-release-pipelines
RollbackReadinessAutomation.md	platform-and-cloud-infrastructure	ci-cd-and-release-pipelines
RollbackReadinessDesign.md	platform-and-cloud-infrastructure	ci-cd-and-release-pipelines
RollbackReadinessDiagnostics.md	platform-and-cloud-infrastructure	ci-cd-and-release-pipelines
RollbackReadinessGovernance.md	platform-and-cloud-infrastructure	ci-cd-and-release-pipelines
RollbackReadinessOperations.md	platform-and-cloud-infrastructure	ci-cd-and-release-pipelines
RollbackReadinessOptimization.md	platform-and-cloud-infrastructure	ci-cd-and-release-pipelines
RollbackReadinessPlanning.md	platform-and-cloud-infrastructure	ci-cd-and-release-pipelines
RollbackReadinessReview.md	platform-and-cloud-infrastructure	ci-cd-and-release-pipelines
RollbackReadinessStrategy.md	platform-and-cloud-infrastructure	ci-cd-and-release-pipelines
RolloutCoordinationCommsPlans.md	platform-and-cloud-infrastructure	ci-cd-and-release-pipelines
RolloutCoordinationDependencyReviews.md	platform-and-cloud-infrastructure	ci-cd-and-release-pipelines
RolloutCoordinationEscalationPaths.md	platform-and-cloud-infrastructure	ci-cd-and-release-pipelines
RolloutCoordinationLearningLoops.md	platform-and-cloud-infrastructure	ci-cd-and-release-pipelines
RolloutCoordinationMetricSelection.md	platform-and-cloud-infrastructure	ci-cd-and-release-pipelines
RolloutCoordinationOutcomeInterpretation.md	platform-and-cloud-infrastructure	ci-cd-and-release-pipelines
RolloutCoordinationPostLaunchCadence.md	platform-and-cloud-infrastructure	ci-cd-and-release-pipelines
RolloutCoordinationReadinessGates.md	platform-and-cloud-infrastructure	ci-cd-and-release-pipelines
RolloutCoordinationRiskNarratives.md	platform-and-cloud-infrastructure	ci-cd-and-release-pipelines
RolloutCoordinationSegmentLogic.md	platform-and-cloud-infrastructure	ci-cd-and-release-pipelines
RunbookAuthoringActionSummaries.md	content-and-communication	technical-documentation
RunbookAuthoringApprovalCriteria.md	content-and-communication	technical-documentation
RunbookAuthoringAudienceFraming.md	content-and-communication	technical-documentation
RunbookAuthoringCrossLinking.md	content-and-communication	technical-documentation
RunbookAuthoringDecisionRecords.md	content-and-communication	technical-documentation
RunbookAuthoringEvidenceDensity.md	content-and-communication	technical-documentation
RunbookAuthoringExampleQuality.md	content-and-communication	technical-documentation
RunbookAuthoringReviewWorkflow.md	content-and-communication	technical-documentation
RunbookAuthoringSearchability.md	content-and-communication	technical-documentation
RunbookAuthoringUpdateCadence.md	content-and-communication	technical-documentation
RuntimeCapacityHeadroomDesign.md	platform-and-cloud-infrastructure	capacity-and-cost-governance
RuntimeCapacityHeadroomDiagnostics.md	platform-and-cloud-infrastructure	capacity-and-cost-governance
RuntimeCapacityHeadroomGovernance.md	platform-and-cloud-infrastructure	capacity-and-cost-governance
RuntimeCapacityHeadroomOperations.md	platform-and-cloud-infrastructure	capacity-and-cost-governance
RuntimeCapacityHeadroomOptimization.md	platform-and-cloud-infrastructure	capacity-and-cost-governance
RuntimeCapacityHeadroomPlanning.md	platform-and-cloud-infrastructure	capacity-and-cost-governance
RuntimeCapacityHeadroomPlaybook.md	platform-and-cloud-infrastructure	capacity-and-cost-governance
RuntimeCapacityHeadroomReliability.md	platform-and-cloud-infrastructure	capacity-and-cost-governance
RuntimeCapacityHeadroomReview.md	platform-and-cloud-infrastructure	capacity-and-cost-governance
RuntimeCapacityHeadroomStrategy.md	platform-and-cloud-infrastructure	capacity-and-cost-governance
RustBuildToolchains.md	software-engineering-craft	version-control-and-builds
RustConcurrencyPatterns.md	software-engineering-craft	languages
RustDebugWorkflows.md	software-engineering-craft	languages
RustErrorSemantics.md	software-engineering-craft	languages
RustInteropBoundaries.md	software-engineering-craft	languages
RustPackagePublishing.md	software-engineering-craft	version-control-and-builds
RustPerformanceProfiling.md	software-engineering-craft	languages
RustRefactorMechanics.md	software-engineering-craft	code-quality-and-refactoring
RustTestHarnessDesign.md	software-engineering-craft	languages
RustTypeArchitecture.md	software-engineering-craft	languages
SDKCompatibilityChecksBackoffPolicies.md	backend-and-api-engineering	integrations-and-webhooks
SDKCompatibilityChecksContractSnapshots.md	backend-and-api-engineering	integrations-and-webhooks
SDKCompatibilityChecksErrorTaxonomy.md	backend-and-api-engineering	integrations-and-webhooks
SDKCompatibilityChecksRequestReplay.md	backend-and-api-engineering	integrations-and-webhooks
SDKCompatibilityChecksRolloutWindows.md	backend-and-api-engineering	integrations-and-webhooks
SDKCompatibilityChecksSandboxParity.md	backend-and-api-engineering	integrations-and-webhooks
SDKCompatibilityChecksSignatureValidation.md	backend-and-api-engineering	integrations-and-webhooks
SDKCompatibilityChecksSupportEscalations.md	backend-and-api-engineering	integrations-and-webhooks
SDKCompatibilityChecksTokenRefresh.md	backend-and-api-engineering	integrations-and-webhooks
SDKCompatibilityChecksVersionDiffs.md	backend-and-api-engineering	integrations-and-webhooks
SDKLibraryDesign.md	backend-and-api-engineering	api-design-and-lifecycle
SEOContentStrategy.md	product-growth-and-marketing	acquisition-funnels-and-campaigns
SEOStrategy.md	product-growth-and-marketing	acquisition-funnels-and-campaigns
SLO_SLI_SLA.md	reliability-and-incident-response	incident-response-and-postmortems
SQLAnalyticsAnomalyTriage.md	data-platform-and-analytics	metrics-and-analytics
SQLAnalyticsChangeImpact.md	data-platform-and-analytics	metrics-and-analytics
SQLAnalyticsConsumerReadiness.md	data-platform-and-analytics	metrics-and-analytics
SQLAnalyticsCostDiagnostics.md	data-platform-and-analytics	metrics-and-analytics
SQLAnalyticsFreshnessMonitoring.md	data-platform-and-analytics	metrics-and-analytics
SQLAnalyticsQueryPlans.md	data-platform-and-analytics	metrics-and-analytics
SQLAnalyticsReconciliationChecks.md	data-platform-and-analytics	metrics-and-analytics
SQLAnalyticsRetentionPolicies.md	data-platform-and-analytics	metrics-and-analytics
SQLAnalyticsSemanticContracts.md	data-platform-and-analytics	metrics-and-analytics
SQLAnalyticsValidationSuites.md	data-platform-and-analytics	metrics-and-analytics
SQLInjection.md	security-and-trust	attack-defense-and-hardening
SQLWindowFunctions.md	data-platform-and-analytics	databases-and-warehouses
SQLiteAccessPatterns.md	data-platform-and-analytics	databases-and-warehouses
SQLiteConsistencyRules.md	data-platform-and-analytics	databases-and-warehouses
SQLiteCostGuardrails.md	data-platform-and-analytics	databases-and-warehouses
SQLiteDataModelGrain.md	data-platform-and-analytics	databases-and-warehouses
SQLiteDataObservability.md	data-platform-and-analytics	data-quality-and-governance
SQLiteLocalFirst.md	data-platform-and-analytics	databases-and-warehouses
SQLiteMigrationCutovers.md	data-platform-and-analytics	databases-and-warehouses
SQLiteQueryProfiling.md	data-platform-and-analytics	databases-and-warehouses
SQLiteReplicationRecovery.md	data-platform-and-analytics	databases-and-warehouses
SQLiteSchemaEvolution.md	data-platform-and-analytics	schema-and-data-contracts
SQLiteSecurityControls.md	security-and-trust	secrets-and-key-management
SSRF.md	security-and-trust	attack-defense-and-hardening
SafetyEscalationPathsDesign.md	ai-and-agent-systems	safety-and-guardrails
SafetyEscalationPathsDiagnostics.md	ai-and-agent-systems	safety-and-guardrails
SafetyEscalationPathsGovernance.md	ai-and-agent-systems	safety-and-guardrails
SafetyEscalationPathsOperations.md	ai-and-agent-systems	safety-and-guardrails
SafetyEscalationPathsOptimization.md	ai-and-agent-systems	safety-and-guardrails
SafetyEscalationPathsPlanning.md	ai-and-agent-systems	safety-and-guardrails
SafetyEscalationPathsPlaybook.md	ai-and-agent-systems	safety-and-guardrails
SafetyEscalationPathsReliability.md	ai-and-agent-systems	safety-and-guardrails
SafetyEscalationPathsReview.md	ai-and-agent-systems	safety-and-guardrails
SafetyEscalationPathsStrategy.md	ai-and-agent-systems	safety-and-guardrails
SafetyGuardrailsCostBudgets.md	ai-and-agent-systems	safety-and-guardrails
SafetyGuardrailsExperimentTracking.md	ai-and-agent-systems	safety-and-guardrails
SafetyGuardrailsFailureTaxonomy.md	ai-and-agent-systems	safety-and-guardrails
SafetyGuardrailsHumanEscalation.md	ai-and-agent-systems	safety-and-guardrails
SafetyGuardrailsLatencyControl.md	ai-and-agent-systems	safety-and-guardrails
SafetyGuardrailsPolicyEnforcement.md	ai-and-agent-systems	safety-and-guardrails
SafetyGuardrailsQualityThresholds.md	ai-and-agent-systems	safety-and-guardrails
SafetyGuardrailsRolloutStages.md	ai-and-agent-systems	safety-and-guardrails
SafetyGuardrailsTaskContracts.md	ai-and-agent-systems	safety-and-guardrails
SafetyGuardrailsTraceAnalysis.md	ai-and-agent-systems	safety-and-guardrails
SalesEnablementOpsFollowupLoops.md	customer-and-revenue-operations	sales-and-partner-operations
SalesEnablementOpsLearningAgenda.md	customer-and-revenue-operations	sales-and-partner-operations
SalesEnablementOpsObjectionHandling.md	customer-and-revenue-operations	sales-and-partner-operations
SalesEnablementOpsProblemFraming.md	customer-and-revenue-operations	sales-and-partner-operations
SalesEnablementOpsRiskScoring.md	customer-and-revenue-operations	sales-and-partner-operations
SalesEnablementOpsRolloutRules.md	customer-and-revenue-operations	sales-and-partner-operations
SalesEnablementOpsSegmentationLogic.md	customer-and-revenue-operations	sales-and-partner-operations
SalesEnablementOpsStakeholderMaps.md	customer-and-revenue-operations	sales-and-partner-operations
SalesEnablementOpsSuccessMetrics.md	customer-and-revenue-operations	sales-and-partner-operations
SalesEnablementOpsTradeoffNarratives.md	customer-and-revenue-operations	sales-and-partner-operations
SalesObjectionMappingEscalationProofs.md	customer-and-revenue-operations	sales-and-partner-operations
SalesObjectionMappingFollowupCadence.md	customer-and-revenue-operations	sales-and-partner-operations
SalesObjectionMappingKnowledgeReuse.md	customer-and-revenue-operations	sales-and-partner-operations
SalesObjectionMappingOutcomeTracking.md	customer-and-revenue-operations	sales-and-partner-operations
SalesObjectionMappingResponseTemplates.md	customer-and-revenue-operations	sales-and-partner-operations
SalesObjectionMappingRiskFlags.md	customer-and-revenue-operations	sales-and-partner-operations
SalesObjectionMappingSegmentationRules.md	customer-and-revenue-operations	sales-and-partner-operations
SalesObjectionMappingSignalInterpretation.md	customer-and-revenue-operations	sales-and-partner-operations
SalesObjectionMappingStakeholderMapping.md	customer-and-revenue-operations	sales-and-partner-operations
SalesObjectionMappingWorkflowSequencing.md	customer-and-revenue-operations	sales-and-partner-operations
SalesOutreach.md	customer-and-revenue-operations	sales-and-partner-operations
SalesProcess.md	customer-and-revenue-operations	sales-and-partner-operations
ScenarioBasedTutorialsActionabilityChecks.md	content-and-communication	technical-documentation
ScenarioBasedTutorialsApprovalRouting.md	content-and-communication	technical-documentation
ScenarioBasedTutorialsExampleCoverage.md	content-and-communication	technical-documentation
ScenarioBasedTutorialsLinkIntegrity.md	content-and-communication	technical-documentation
ScenarioBasedTutorialsMaintenanceOwnership.md	content-and-communication	technical-documentation
ScenarioBasedTutorialsReaderTasks.md	content-and-communication	technical-documentation
ScenarioBasedTutorialsScreenshotStrategy.md	content-and-communication	technical-documentation
ScenarioBasedTutorialsSearchKeywords.md	content-and-communication	technical-documentation
ScenarioBasedTutorialsUpdateTriggers.md	content-and-communication	technical-documentation
ScenarioBasedTutorialsVersionStamps.md	content-and-communication	technical-documentation
ScenarioPlanning.md	product-and-project-management	strategy-and-business-planning
SchemaCutoverEngineeringAnomalyIsolation.md	data-platform-and-analytics	schema-and-data-contracts
SchemaCutoverEngineeringConsistencyGuarantees.md	data-platform-and-analytics	schema-and-data-contracts
SchemaCutoverEngineeringConsumerImpact.md	data-platform-and-analytics	schema-and-data-contracts
SchemaCutoverEngineeringCostSignals.md	data-platform-and-analytics	schema-and-data-contracts
SchemaCutoverEngineeringDriftChecks.md	data-platform-and-analytics	schema-and-data-contracts
SchemaCutoverEngineeringLineageRecords.md	data-platform-and-analytics	schema-and-data-contracts
SchemaCutoverEngineeringMigrationWindows.md	data-platform-and-analytics	schema-and-data-contracts
SchemaCutoverEngineeringOwnershipMaps.md	data-platform-and-analytics	schema-and-data-contracts
SchemaCutoverEngineeringRecoveryPaths.md	data-platform-and-analytics	schema-and-data-contracts
SchemaCutoverEngineeringValidationProofs.md	data-platform-and-analytics	schema-and-data-contracts
SchemaEvolutionPatterns.md	data-platform-and-analytics	schema-and-data-contracts
SchemaRegistryAnalysis.md	data-platform-and-analytics	schema-and-data-contracts
SchemaRegistryAutomation.md	data-platform-and-analytics	schema-and-data-contracts
SchemaRegistryDesign.md	data-platform-and-analytics	schema-and-data-contracts
SchemaRegistryDiagnostics.md	data-platform-and-analytics	schema-and-data-contracts
SchemaRegistryGovernance.md	data-platform-and-analytics	schema-and-data-contracts
SchemaRegistryOperations.md	data-platform-and-analytics	schema-and-data-contracts
SchemaRegistryOptimization.md	data-platform-and-analytics	schema-and-data-contracts
SchemaRegistryPlanning.md	data-platform-and-analytics	schema-and-data-contracts
SchemaRegistryReview.md	data-platform-and-analytics	schema-and-data-contracts
SchemaRegistryStrategy.md	data-platform-and-analytics	schema-and-data-contracts
ScreenRecordingWorkflowsAudienceFit.md	content-and-communication	video-and-media-production
ScreenRecordingWorkflowsConversionHooks.md	content-and-communication	video-and-media-production
ScreenRecordingWorkflowsCutdownPlans.md	content-and-communication	video-and-media-production
ScreenRecordingWorkflowsDistributionTiming.md	content-and-communication	video-and-media-production
ScreenRecordingWorkflowsFeedbackRounds.md	content-and-communication	video-and-media-production
ScreenRecordingWorkflowsNarrativeBeats.md	content-and-communication	video-and-media-production
ScreenRecordingWorkflowsPublishChecklists.md	content-and-communication	video-and-media-production
ScreenRecordingWorkflowsQualityBenchmarks.md	content-and-communication	video-and-media-production
ScreenRecordingWorkflowsRepurposingPaths.md	content-and-communication	video-and-media-production
ScreenRecordingWorkflowsVisualReferences.md	content-and-communication	video-and-media-production
SearchArchitecturesConstraintMapping.md	ai-and-agent-systems	retrieval-search-and-embeddings
SearchArchitecturesDataOwnership.md	ai-and-agent-systems	retrieval-search-and-embeddings
SearchArchitecturesDependencyGraphs.md	ai-and-agent-systems	retrieval-search-and-embeddings
SearchArchitecturesFailureBudgets.md	ai-and-agent-systems	retrieval-search-and-embeddings
SearchArchitecturesInterfaceContracts.md	ai-and-agent-systems	retrieval-search-and-embeddings
SearchArchitecturesMigrationSeams.md	ai-and-agent-systems	retrieval-search-and-embeddings
SearchArchitecturesOperabilityHooks.md	ai-and-agent-systems	retrieval-search-and-embeddings
SearchArchitecturesRolloutPhases.md	ai-and-agent-systems	retrieval-search-and-embeddings
SearchArchitecturesScalingPaths.md	ai-and-agent-systems	retrieval-search-and-embeddings
SearchArchitecturesTradeoffReviews.md	ai-and-agent-systems	retrieval-search-and-embeddings
SearchImplementation.md	ai-and-agent-systems	retrieval-search-and-embeddings
SearchIndexRecoveryBackpressureSignals.md	ai-and-agent-systems	retrieval-search-and-embeddings
SearchIndexRecoveryCausalTracing.md	ai-and-agent-systems	retrieval-search-and-embeddings
SearchIndexRecoveryContractProofs.md	ai-and-agent-systems	retrieval-search-and-embeddings
SearchIndexRecoveryDependencyIsolation.md	ai-and-agent-systems	retrieval-search-and-embeddings
SearchIndexRecoveryFailureSequencing.md	ai-and-agent-systems	retrieval-search-and-embeddings
SearchIndexRecoveryIdempotencyRules.md	ai-and-agent-systems	retrieval-search-and-embeddings
SearchIndexRecoveryOperatorClarity.md	ai-and-agent-systems	retrieval-search-and-embeddings
SearchIndexRecoveryRecoveryScripts.md	ai-and-agent-systems	retrieval-search-and-embeddings
SearchIndexRecoveryRetryDiscipline.md	ai-and-agent-systems	retrieval-search-and-embeddings
SearchIndexRecoveryRolloutGuards.md	ai-and-agent-systems	retrieval-search-and-embeddings
SecretDistributionAnalysis.md	security-and-trust	secrets-and-key-management
SecretDistributionAutomation.md	security-and-trust	secrets-and-key-management
SecretDistributionDesign.md	security-and-trust	secrets-and-key-management
SecretDistributionDiagnostics.md	security-and-trust	secrets-and-key-management
SecretDistributionGovernance.md	security-and-trust	secrets-and-key-management
SecretDistributionOperations.md	security-and-trust	secrets-and-key-management
SecretDistributionOptimization.md	security-and-trust	secrets-and-key-management
SecretDistributionPlanning.md	security-and-trust	secrets-and-key-management
SecretDistributionReview.md	security-and-trust	secrets-and-key-management
SecretDistributionStrategy.md	security-and-trust	secrets-and-key-management
SecretExposureContainmentDesign.md	security-and-trust	secrets-and-key-management
SecretExposureContainmentDiagnostics.md	security-and-trust	secrets-and-key-management
SecretExposureContainmentGovernance.md	security-and-trust	secrets-and-key-management
SecretExposureContainmentOperations.md	security-and-trust	secrets-and-key-management
SecretExposureContainmentOptimization.md	security-and-trust	secrets-and-key-management
SecretExposureContainmentPlanning.md	security-and-trust	secrets-and-key-management
SecretExposureContainmentPlaybook.md	security-and-trust	secrets-and-key-management
SecretExposureContainmentReliability.md	security-and-trust	secrets-and-key-management
SecretExposureContainmentReview.md	security-and-trust	secrets-and-key-management
SecretExposureContainmentStrategy.md	security-and-trust	secrets-and-key-management
SecretLeakResponseBlastRadiusNotes.md	security-and-trust	secrets-and-key-management
SecretLeakResponseControlCoverage.md	security-and-trust	secrets-and-key-management
SecretLeakResponseEscalationMatrices.md	security-and-trust	secrets-and-key-management
SecretLeakResponseEvidenceRetention.md	security-and-trust	secrets-and-key-management
SecretLeakResponseExceptionExpiry.md	security-and-trust	secrets-and-key-management
SecretLeakResponsePolicyDiffs.md	security-and-trust	secrets-and-key-management
SecretLeakResponseRecoveryProofs.md	security-and-trust	secrets-and-key-management
SecretLeakResponseReviewerRouting.md	security-and-trust	secrets-and-key-management
SecretLeakResponseSignalCorrelation.md	security-and-trust	secrets-and-key-management
SecretLeakResponseTamperResistance.md	security-and-trust	secrets-and-key-management
SecretScanningResponse.md	security-and-trust	secrets-and-key-management
SecretsBoundaryDesignDesign.md	security-and-trust	secrets-and-key-management
SecretsBoundaryDesignDiagnostics.md	security-and-trust	secrets-and-key-management
SecretsBoundaryDesignGovernance.md	security-and-trust	secrets-and-key-management
SecretsBoundaryDesignOperations.md	security-and-trust	secrets-and-key-management
SecretsBoundaryDesignOptimization.md	security-and-trust	secrets-and-key-management
SecretsBoundaryDesignPlanning.md	security-and-trust	secrets-and-key-management
SecretsBoundaryDesignPlaybook.md	security-and-trust	secrets-and-key-management
SecretsBoundaryDesignReliability.md	security-and-trust	secrets-and-key-management
SecretsBoundaryDesignReview.md	security-and-trust	secrets-and-key-management
SecretsBoundaryDesignStrategy.md	security-and-trust	secrets-and-key-management
SecretsOperationsAccessBoundaries.md	security-and-trust	secrets-and-key-management
SecretsOperationsAlertTuning.md	security-and-trust	secrets-and-key-management
SecretsOperationsCapacitySignals.md	security-and-trust	secrets-and-key-management
SecretsOperationsChangeWindows.md	security-and-trust	secrets-and-key-management
SecretsOperationsDriftDetection.md	security-and-trust	secrets-and-key-management
SecretsOperationsDrillScenarios.md	security-and-trust	secrets-and-key-management
SecretsOperationsEvidenceCapture.md	security-and-trust	secrets-and-key-management
SecretsOperationsRollbackAutomation.md	security-and-trust	secrets-and-key-management
SecretsOperationsRunbookDesign.md	security-and-trust	secrets-and-key-management
SecretsOperationsSafetyRails.md	security-and-trust	secrets-and-key-management
SecretsRotationStrategy.md	security-and-trust	secrets-and-key-management
SecureAuditLogging.md	security-and-trust	compliance-privacy-and-audit
SecureDefaultsEngineeringDesign.md	security-and-trust	attack-defense-and-hardening
SecureDefaultsEngineeringDiagnostics.md	security-and-trust	attack-defense-and-hardening
SecureDefaultsEngineeringGovernance.md	security-and-trust	attack-defense-and-hardening
SecureDefaultsEngineeringOperations.md	security-and-trust	attack-defense-and-hardening
SecureDefaultsEngineeringOptimization.md	security-and-trust	attack-defense-and-hardening
SecureDefaultsEngineeringPlanning.md	security-and-trust	attack-defense-and-hardening
SecureDefaultsEngineeringPlaybook.md	security-and-trust	attack-defense-and-hardening
SecureDefaultsEngineeringReliability.md	security-and-trust	attack-defense-and-hardening
SecureDefaultsEngineeringReview.md	security-and-trust	attack-defense-and-hardening
SecureDefaultsEngineeringStrategy.md	security-and-trust	attack-defense-and-hardening
SecureFileUploadDesign.md	security-and-trust	attack-defense-and-hardening
SecurityAudit.md	security-and-trust	attack-defense-and-hardening
SecurityEngineering.md	security-and-trust	attack-defense-and-hardening
SemanticContractsDesign.md	data-platform-and-analytics	metrics-and-analytics
SemanticContractsDiagnostics.md	data-platform-and-analytics	metrics-and-analytics
SemanticContractsGovernance.md	data-platform-and-analytics	metrics-and-analytics
SemanticContractsOperations.md	data-platform-and-analytics	metrics-and-analytics
SemanticContractsOptimization.md	data-platform-and-analytics	metrics-and-analytics
SemanticContractsPlanning.md	data-platform-and-analytics	metrics-and-analytics
SemanticContractsPlaybook.md	data-platform-and-analytics	metrics-and-analytics
SemanticContractsReliability.md	data-platform-and-analytics	metrics-and-analytics
SemanticContractsReview.md	data-platform-and-analytics	metrics-and-analytics
SemanticContractsStrategy.md	data-platform-and-analytics	metrics-and-analytics
SemanticLayerDesign.md	data-platform-and-analytics	metrics-and-analytics
ServerlessArchitecture.md	platform-and-cloud-infrastructure	platform-engineering-and-tenancy
ServiceBlueprintOperationsDesign.md	frontend-and-user-experience	ux-research-and-interaction-design
ServiceBlueprintOperationsDiagnostics.md	frontend-and-user-experience	ux-research-and-interaction-design
ServiceBlueprintOperationsGovernance.md	frontend-and-user-experience	ux-research-and-interaction-design
ServiceBlueprintOperationsOperations.md	frontend-and-user-experience	ux-research-and-interaction-design
ServiceBlueprintOperationsOptimization.md	frontend-and-user-experience	ux-research-and-interaction-design
ServiceBlueprintOperationsPlanning.md	frontend-and-user-experience	ux-research-and-interaction-design
ServiceBlueprintOperationsPlaybook.md	frontend-and-user-experience	ux-research-and-interaction-design
ServiceBlueprintOperationsReliability.md	frontend-and-user-experience	ux-research-and-interaction-design
ServiceBlueprintOperationsReview.md	frontend-and-user-experience	ux-research-and-interaction-design
ServiceBlueprintOperationsStrategy.md	frontend-and-user-experience	ux-research-and-interaction-design
ServiceBlueprinting.md	backend-and-api-engineering	service-architecture-and-decomposition
ServiceDecompositionConstraintMapping.md	backend-and-api-engineering	service-architecture-and-decomposition
ServiceDecompositionDataOwnership.md	backend-and-api-engineering	service-architecture-and-decomposition
ServiceDecompositionDependencyGraphs.md	backend-and-api-engineering	service-architecture-and-decomposition
ServiceDecompositionFailureBudgets.md	backend-and-api-engineering	service-architecture-and-decomposition
ServiceDecompositionInterfaceContracts.md	backend-and-api-engineering	service-architecture-and-decomposition
ServiceDecompositionMigrationSeams.md	backend-and-api-engineering	service-architecture-and-decomposition
ServiceDecompositionOperabilityHooks.md	backend-and-api-engineering	service-architecture-and-decomposition
ServiceDecompositionRolloutPhases.md	backend-and-api-engineering	service-architecture-and-decomposition
ServiceDecompositionScalingPaths.md	backend-and-api-engineering	service-architecture-and-decomposition
ServiceDecompositionTradeoffReviews.md	backend-and-api-engineering	service-architecture-and-decomposition
ServiceDependencyMappingDesign.md	backend-and-api-engineering	service-architecture-and-decomposition
ServiceDependencyMappingDiagnostics.md	backend-and-api-engineering	service-architecture-and-decomposition
ServiceDependencyMappingGovernance.md	backend-and-api-engineering	service-architecture-and-decomposition
ServiceDependencyMappingOperations.md	backend-and-api-engineering	service-architecture-and-decomposition
ServiceDependencyMappingOptimization.md	backend-and-api-engineering	service-architecture-and-decomposition
ServiceDependencyMappingPlanning.md	backend-and-api-engineering	service-architecture-and-decomposition
ServiceDependencyMappingPlaybook.md	backend-and-api-engineering	service-architecture-and-decomposition
ServiceDependencyMappingReliability.md	backend-and-api-engineering	service-architecture-and-decomposition
ServiceDependencyMappingReview.md	backend-and-api-engineering	service-architecture-and-decomposition
ServiceDependencyMappingStrategy.md	backend-and-api-engineering	service-architecture-and-decomposition
ServiceMeshArchitecture.md	platform-and-cloud-infrastructure	platform-engineering-and-tenancy
ServiceMeshAutomationSafety.md	platform-and-cloud-infrastructure	platform-engineering-and-tenancy
ServiceMeshCapacityForecasting.md	platform-and-cloud-infrastructure	platform-engineering-and-tenancy
ServiceMeshCostGovernance.md	platform-and-cloud-infrastructure	platform-engineering-and-tenancy
ServiceMeshDeploymentRollouts.md	platform-and-cloud-infrastructure	platform-engineering-and-tenancy
ServiceMeshEnvironmentPromotion.md	platform-and-cloud-infrastructure	platform-engineering-and-tenancy
ServiceMeshFailureRecovery.md	platform-and-cloud-infrastructure	platform-engineering-and-tenancy
ServiceMeshIncidentTriage.md	platform-and-cloud-infrastructure	platform-engineering-and-tenancy
ServiceMeshObservabilityDesign.md	platform-and-cloud-infrastructure	platform-engineering-and-tenancy
ServiceMeshPolicyAutomation.md	platform-and-cloud-infrastructure	platform-engineering-and-tenancy
ServiceMeshSecretsManagement.md	platform-and-cloud-infrastructure	platform-engineering-and-tenancy
ServiceOwnershipModel.md	backend-and-api-engineering	service-architecture-and-decomposition
ServiceTimeoutDebuggingBackpressureSignals.md	reliability-and-incident-response	production-diagnostics-and-triage
ServiceTimeoutDebuggingCausalTracing.md	reliability-and-incident-response	production-diagnostics-and-triage
ServiceTimeoutDebuggingContractProofs.md	reliability-and-incident-response	production-diagnostics-and-triage
ServiceTimeoutDebuggingDependencyIsolation.md	reliability-and-incident-response	production-diagnostics-and-triage
ServiceTimeoutDebuggingFailureSequencing.md	reliability-and-incident-response	production-diagnostics-and-triage
ServiceTimeoutDebuggingIdempotencyRules.md	reliability-and-incident-response	production-diagnostics-and-triage
ServiceTimeoutDebuggingOperatorClarity.md	reliability-and-incident-response	production-diagnostics-and-triage
ServiceTimeoutDebuggingRecoveryScripts.md	reliability-and-incident-response	production-diagnostics-and-triage
ServiceTimeoutDebuggingRetryDiscipline.md	reliability-and-incident-response	production-diagnostics-and-triage
ServiceTimeoutDebuggingRolloutGuards.md	reliability-and-incident-response	production-diagnostics-and-triage
SessionAbuseDetectionDesign.md	security-and-trust	abuse-and-fraud-defense
SessionAbuseDetectionDiagnostics.md	security-and-trust	abuse-and-fraud-defense
SessionAbuseDetectionGovernance.md	security-and-trust	abuse-and-fraud-defense
SessionAbuseDetectionOperations.md	security-and-trust	abuse-and-fraud-defense
SessionAbuseDetectionOptimization.md	security-and-trust	abuse-and-fraud-defense
SessionAbuseDetectionPlanning.md	security-and-trust	abuse-and-fraud-defense
SessionAbuseDetectionPlaybook.md	security-and-trust	abuse-and-fraud-defense
SessionAbuseDetectionReliability.md	security-and-trust	abuse-and-fraud-defense
SessionAbuseDetectionReview.md	security-and-trust	abuse-and-fraud-defense
SessionAbuseDetectionStrategy.md	security-and-trust	abuse-and-fraud-defense
SessionHijackDefenseBlastRadiusNotes.md	security-and-trust	identity-and-access
SessionHijackDefenseControlCoverage.md	security-and-trust	identity-and-access
SessionHijackDefenseEscalationMatrices.md	security-and-trust	identity-and-access
SessionHijackDefenseEvidenceRetention.md	security-and-trust	identity-and-access
SessionHijackDefenseExceptionExpiry.md	security-and-trust	identity-and-access
SessionHijackDefensePolicyDiffs.md	security-and-trust	identity-and-access
SessionHijackDefenseRecoveryProofs.md	security-and-trust	identity-and-access
SessionHijackDefenseReviewerRouting.md	security-and-trust	identity-and-access
SessionHijackDefenseSignalCorrelation.md	security-and-trust	identity-and-access
SessionHijackDefenseTamperResistance.md	security-and-trust	identity-and-access
SessionManagementSecurity.md	security-and-trust	identity-and-access
SessionReplayAnalysisArtifactCapture.md	testing-and-quality-assurance	browser-and-end-to-end-testing
SessionReplayAnalysisCrossBrowserDrift.md	testing-and-quality-assurance	browser-and-end-to-end-testing
SessionReplayAnalysisEnvironmentParity.md	testing-and-quality-assurance	browser-and-end-to-end-testing
SessionReplayAnalysisFailureScreenshots.md	testing-and-quality-assurance	browser-and-end-to-end-testing
SessionReplayAnalysisFlakeTriage.md	testing-and-quality-assurance	browser-and-end-to-end-testing
SessionReplayAnalysisRetryWindows.md	testing-and-quality-assurance	browser-and-end-to-end-testing
SessionReplayAnalysisSelectorResilience.md	testing-and-quality-assurance	browser-and-end-to-end-testing
SessionReplayAnalysisStateReset.md	testing-and-quality-assurance	browser-and-end-to-end-testing
SessionReplayAnalysisTimingStability.md	testing-and-quality-assurance	browser-and-end-to-end-testing
SessionReplayAnalysisUserSimulation.md	testing-and-quality-assurance	browser-and-end-to-end-testing
SetupPreCommit.md	software-engineering-craft	version-control-and-builds
SignupFunnelRepairAnalyticsAnnotations.md	product-growth-and-marketing	acquisition-funnels-and-campaigns
SignupFunnelRepairAudienceSegmentation.md	product-growth-and-marketing	acquisition-funnels-and-campaigns
SignupFunnelRepairCohortReadouts.md	product-growth-and-marketing	acquisition-funnels-and-campaigns
SignupFunnelRepairConversionDiagnostics.md	product-growth-and-marketing	acquisition-funnels-and-campaigns
SignupFunnelRepairCopyTesting.md	product-growth-and-marketing	acquisition-funnels-and-campaigns
SignupFunnelRepairHypothesisRanking.md	product-growth-and-marketing	acquisition-funnels-and-campaigns
SignupFunnelRepairOfferFraming.md	product-growth-and-marketing	acquisition-funnels-and-campaigns
SignupFunnelRepairOutcomeAttribution.md	product-growth-and-marketing	acquisition-funnels-and-campaigns
SignupFunnelRepairRolloutSequencing.md	product-growth-and-marketing	acquisition-funnels-and-campaigns
SignupFunnelRepairVariantSafeguards.md	product-growth-and-marketing	acquisition-funnels-and-campaigns
SkillMatrixMaintenanceBiasMitigations.md	people-and-engineering-management	performance-and-team-health
SkillMatrixMaintenanceCalibrationSessions.md	people-and-engineering-management	performance-and-team-health
SkillMatrixMaintenanceDecisionMemos.md	people-and-engineering-management	performance-and-team-health
SkillMatrixMaintenanceDocumentationTemplates.md	people-and-engineering-management	performance-and-team-health
SkillMatrixMaintenanceEscalationRules.md	people-and-engineering-management	performance-and-team-health
SkillMatrixMaintenanceEvaluationPackets.md	people-and-engineering-management	performance-and-team-health
SkillMatrixMaintenanceFeedbackCadence.md	people-and-engineering-management	performance-and-team-health
SkillMatrixMaintenanceOutcomeTracking.md	people-and-engineering-management	performance-and-team-health
SkillMatrixMaintenanceReadinessChecks.md	people-and-engineering-management	performance-and-team-health
SkillMatrixMaintenanceSignalRubrics.md	people-and-engineering-management	performance-and-team-health
SlideDeckAssemblyAudienceFit.md	content-and-communication	video-and-media-production
SlideDeckAssemblyConversionHooks.md	content-and-communication	video-and-media-production
SlideDeckAssemblyCutdownPlans.md	content-and-communication	video-and-media-production
SlideDeckAssemblyDistributionTiming.md	content-and-communication	video-and-media-production
SlideDeckAssemblyFeedbackRounds.md	content-and-communication	video-and-media-production
SlideDeckAssemblyNarrativeBeats.md	content-and-communication	video-and-media-production
SlideDeckAssemblyPublishChecklists.md	content-and-communication	video-and-media-production
SlideDeckAssemblyQualityBenchmarks.md	content-and-communication	video-and-media-production
SlideDeckAssemblyRepurposingPaths.md	content-and-communication	video-and-media-production
SlideDeckAssemblyVisualReferences.md	content-and-communication	video-and-media-production
SlowlyChangingDimensions.md	data-platform-and-analytics	schema-and-data-contracts
SnapshotTestingOpsBoundaryScenarios.md	testing-and-quality-assurance	test-strategy-and-harnesses
SnapshotTestingOpsCoverageStrategy.md	testing-and-quality-assurance	test-strategy-and-harnesses
SnapshotTestingOpsDeterministicTiming.md	testing-and-quality-assurance	test-strategy-and-harnesses
SnapshotTestingOpsFailureMatrices.md	testing-and-quality-assurance	test-strategy-and-harnesses
SnapshotTestingOpsFixtureHygiene.md	testing-and-quality-assurance	test-strategy-and-harnesses
SnapshotTestingOpsMockDiscipline.md	testing-and-quality-assurance	test-strategy-and-harnesses
SnapshotTestingOpsOracleDesign.md	testing-and-quality-assurance	test-strategy-and-harnesses
SnapshotTestingOpsParallelExecution.md	testing-and-quality-assurance	test-strategy-and-harnesses
SnapshotTestingOpsResultInterpretation.md	testing-and-quality-assurance	test-strategy-and-harnesses
SnapshotTestingOpsTriageHeuristics.md	testing-and-quality-assurance	test-strategy-and-harnesses
SnowflakeAccessPatterns.md	data-platform-and-analytics	databases-and-warehouses
SnowflakeConsistencyRules.md	data-platform-and-analytics	databases-and-warehouses
SnowflakeCostGuardrails.md	data-platform-and-analytics	databases-and-warehouses
SnowflakeDataModelGrain.md	data-platform-and-analytics	databases-and-warehouses
SnowflakeDataObservability.md	data-platform-and-analytics	data-quality-and-governance
SnowflakeMigrationCutovers.md	data-platform-and-analytics	databases-and-warehouses
SnowflakeQueryProfiling.md	data-platform-and-analytics	databases-and-warehouses
SnowflakeReplicationRecovery.md	data-platform-and-analytics	databases-and-warehouses
SnowflakeSchemaEvolution.md	data-platform-and-analytics	schema-and-data-contracts
SnowflakeSecurityControls.md	security-and-trust	secrets-and-key-management
SocialEngineering.md	security-and-trust	attack-defense-and-hardening
SoftSkillsForEngineers.md	people-and-engineering-management	leadership-and-career-growth
SolidJsAccessibilityFlows.md	frontend-and-user-experience	accessibility
SolidJsBuildPipelines.md	frontend-and-user-experience	frontend-frameworks-and-performance
SolidJsComponentTesting.md	frontend-and-user-experience	frontend-frameworks-and-performance
SolidJsDesignSystemAdoption.md	frontend-and-user-experience	frontend-frameworks-and-performance
SolidJsErrorRecoveryUX.md	frontend-and-user-experience	frontend-frameworks-and-performance
SolidJsFormSystems.md	frontend-and-user-experience	frontend-frameworks-and-performance
SolidJsHydrationRecovery.md	frontend-and-user-experience	frontend-frameworks-and-performance
SolidJsRenderingPerformance.md	frontend-and-user-experience	frontend-frameworks-and-performance
SolidJsRoutingBoundaries.md	frontend-and-user-experience	frontend-frameworks-and-performance
SolidJsStateArchitecture.md	frontend-and-user-experience	frontend-frameworks-and-performance
SparkAccessPatterns.md	data-platform-and-analytics	pipelines-and-ingestion
SparkConsistencyRules.md	data-platform-and-analytics	pipelines-and-ingestion
SparkCostGuardrails.md	data-platform-and-analytics	pipelines-and-ingestion
SparkDataModelGrain.md	data-platform-and-analytics	pipelines-and-ingestion
SparkDataObservability.md	data-platform-and-analytics	pipelines-and-ingestion
SparkMigrationCutovers.md	data-platform-and-analytics	pipelines-and-ingestion
SparkQueryProfiling.md	data-platform-and-analytics	pipelines-and-ingestion
SparkReplicationRecovery.md	data-platform-and-analytics	pipelines-and-ingestion
SparkSchemaEvolution.md	data-platform-and-analytics	pipelines-and-ingestion
SparkSecurityControls.md	security-and-trust	secrets-and-key-management
SpatialQueriesAnalysis.md	data-platform-and-analytics	databases-and-warehouses
SpatialQueriesAutomation.md	data-platform-and-analytics	databases-and-warehouses
SpatialQueriesDesign.md	data-platform-and-analytics	databases-and-warehouses
SpatialQueriesDiagnostics.md	data-platform-and-analytics	databases-and-warehouses
SpatialQueriesGovernance.md	data-platform-and-analytics	databases-and-warehouses
SpatialQueriesOperations.md	data-platform-and-analytics	databases-and-warehouses
SpatialQueriesOptimization.md	data-platform-and-analytics	databases-and-warehouses
SpatialQueriesPlanning.md	data-platform-and-analytics	databases-and-warehouses
SpatialQueriesReview.md	data-platform-and-analytics	databases-and-warehouses
SpatialQueriesStrategy.md	data-platform-and-analytics	databases-and-warehouses
SpringBoot.md	backend-and-api-engineering	backend-framework-patterns
SpringBootAuthenticationFlows.md	backend-and-api-engineering	backend-framework-patterns
SpringBootBackgroundJobPatterns.md	backend-and-api-engineering	backend-framework-patterns
SpringBootCacheInvalidation.md	backend-and-api-engineering	backend-framework-patterns
SpringBootContractEvolution.md	backend-and-api-engineering	backend-framework-patterns
SpringBootErrorModeling.md	backend-and-api-engineering	backend-framework-patterns
SpringBootIdempotencyControls.md	backend-and-api-engineering	backend-framework-patterns
SpringBootJava.md	backend-and-api-engineering	backend-framework-patterns
SpringBootMultiTenantIsolation.md	backend-and-api-engineering	backend-framework-patterns
SpringBootObservabilityContracts.md	backend-and-api-engineering	backend-framework-patterns
SpringBootPaginationSystems.md	backend-and-api-engineering	backend-framework-patterns
SpringBootRateLimitDesign.md	backend-and-api-engineering	backend-framework-patterns
StakeholderAlignment.md	product-and-project-management	planning-cadence-and-delivery
StartupStrategy.md	product-and-project-management	strategy-and-business-planning
StateManagement.md	frontend-and-user-experience	frontend-frameworks-and-performance
StaticAnalysisOpsApprovalHeuristics.md	software-engineering-craft	code-quality-and-refactoring
StaticAnalysisOpsChangeNarratives.md	software-engineering-craft	code-quality-and-refactoring
StaticAnalysisOpsDependencyBlastRadius.md	software-engineering-craft	code-quality-and-refactoring
StaticAnalysisOpsDiffCompression.md	software-engineering-craft	code-quality-and-refactoring
StaticAnalysisOpsEvidencePackets.md	software-engineering-craft	code-quality-and-refactoring
StaticAnalysisOpsFollowthroughChecklists.md	software-engineering-craft	code-quality-and-refactoring
StaticAnalysisOpsRebaseSafety.md	software-engineering-craft	code-quality-and-refactoring
StaticAnalysisOpsRegressionForecasting.md	software-engineering-craft	code-quality-and-refactoring
StaticAnalysisOpsReviewerAlignment.md	software-engineering-craft	code-quality-and-refactoring
StaticAnalysisOpsStagingPlans.md	software-engineering-craft	code-quality-and-refactoring
StoreListingExperimentationDesign.md	mobile-and-desktop-apps	release-and-app-store-delivery
StoreListingExperimentationDiagnostics.md	mobile-and-desktop-apps	release-and-app-store-delivery
StoreListingExperimentationGovernance.md	mobile-and-desktop-apps	release-and-app-store-delivery
StoreListingExperimentationOperations.md	mobile-and-desktop-apps	release-and-app-store-delivery
StoreListingExperimentationOptimization.md	mobile-and-desktop-apps	release-and-app-store-delivery
StoreListingExperimentationPlanning.md	mobile-and-desktop-apps	release-and-app-store-delivery
StoreListingExperimentationPlaybook.md	mobile-and-desktop-apps	release-and-app-store-delivery
StoreListingExperimentationReliability.md	mobile-and-desktop-apps	release-and-app-store-delivery
StoreListingExperimentationReview.md	mobile-and-desktop-apps	release-and-app-store-delivery
StoreListingExperimentationStrategy.md	mobile-and-desktop-apps	release-and-app-store-delivery
StoryboardRefinementAudienceFit.md	content-and-communication	video-and-media-production
StoryboardRefinementConversionHooks.md	content-and-communication	video-and-media-production
StoryboardRefinementCutdownPlans.md	content-and-communication	video-and-media-production
StoryboardRefinementDistributionTiming.md	content-and-communication	video-and-media-production
StoryboardRefinementFeedbackRounds.md	content-and-communication	video-and-media-production
StoryboardRefinementNarrativeBeats.md	content-and-communication	video-and-media-production
StoryboardRefinementPublishChecklists.md	content-and-communication	video-and-media-production
StoryboardRefinementQualityBenchmarks.md	content-and-communication	video-and-media-production
StoryboardRefinementRepurposingPaths.md	content-and-communication	video-and-media-production
StoryboardRefinementVisualReferences.md	content-and-communication	video-and-media-production
StreamEncodingAnalysis.md	specialized-and-systems-engineering	graphics-games-and-media-engineering
StreamEncodingAutomation.md	specialized-and-systems-engineering	graphics-games-and-media-engineering
StreamEncodingDesign.md	specialized-and-systems-engineering	graphics-games-and-media-engineering
StreamEncodingDiagnostics.md	specialized-and-systems-engineering	graphics-games-and-media-engineering
StreamEncodingGovernance.md	specialized-and-systems-engineering	graphics-games-and-media-engineering
StreamEncodingOperations.md	specialized-and-systems-engineering	graphics-games-and-media-engineering
StreamEncodingOptimization.md	specialized-and-systems-engineering	graphics-games-and-media-engineering
StreamEncodingPlanning.md	specialized-and-systems-engineering	graphics-games-and-media-engineering
StreamEncodingReview.md	specialized-and-systems-engineering	graphics-games-and-media-engineering
StreamEncodingStrategy.md	specialized-and-systems-engineering	graphics-games-and-media-engineering
StreamProcessingKafka.md	data-platform-and-analytics	pipelines-and-ingestion
StreamProcessingRecoveryBenchmarkDesign.md	data-platform-and-analytics	pipelines-and-ingestion
StreamProcessingRecoveryDeploymentConstraints.md	data-platform-and-analytics	pipelines-and-ingestion
StreamProcessingRecoveryFailureModels.md	data-platform-and-analytics	pipelines-and-ingestion
StreamProcessingRecoveryObservabilityHooks.md	data-platform-and-analytics	pipelines-and-ingestion
StreamProcessingRecoveryOptimizationBoundaries.md	data-platform-and-analytics	pipelines-and-ingestion
StreamProcessingRecoveryRecoveryLogic.md	data-platform-and-analytics	pipelines-and-ingestion
StreamProcessingRecoveryReproHarnesses.md	data-platform-and-analytics	pipelines-and-ingestion
StreamProcessingRecoveryResourceBudgets.md	data-platform-and-analytics	pipelines-and-ingestion
StreamProcessingRecoverySafetyMargins.md	data-platform-and-analytics	pipelines-and-ingestion
StreamProcessingRecoveryStateInspection.md	data-platform-and-analytics	pipelines-and-ingestion
StreamQualityAdaptationDesign.md	specialized-and-systems-engineering	graphics-games-and-media-engineering
StreamQualityAdaptationDiagnostics.md	specialized-and-systems-engineering	graphics-games-and-media-engineering
StreamQualityAdaptationGovernance.md	specialized-and-systems-engineering	graphics-games-and-media-engineering
StreamQualityAdaptationOperations.md	specialized-and-systems-engineering	graphics-games-and-media-engineering
StreamQualityAdaptationOptimization.md	specialized-and-systems-engineering	graphics-games-and-media-engineering
StreamQualityAdaptationPlanning.md	specialized-and-systems-engineering	graphics-games-and-media-engineering
StreamQualityAdaptationPlaybook.md	specialized-and-systems-engineering	graphics-games-and-media-engineering
StreamQualityAdaptationReliability.md	specialized-and-systems-engineering	graphics-games-and-media-engineering
StreamQualityAdaptationReview.md	specialized-and-systems-engineering	graphics-games-and-media-engineering
StreamQualityAdaptationStrategy.md	specialized-and-systems-engineering	graphics-games-and-media-engineering
StreamingSSE.md	backend-and-api-engineering	messaging-queues-and-realtime
StructuredLoggingStrategy.md	reliability-and-incident-response	observability-and-slos
StructuredOutputContractsDesign.md	ai-and-agent-systems	prompting-and-context
StructuredOutputContractsDiagnostics.md	ai-and-agent-systems	prompting-and-context
StructuredOutputContractsGovernance.md	ai-and-agent-systems	prompting-and-context
StructuredOutputContractsOperations.md	ai-and-agent-systems	prompting-and-context
StructuredOutputContractsOptimization.md	ai-and-agent-systems	prompting-and-context
StructuredOutputContractsPlanning.md	ai-and-agent-systems	prompting-and-context
StructuredOutputContractsPlaybook.md	ai-and-agent-systems	prompting-and-context
StructuredOutputContractsReliability.md	ai-and-agent-systems	prompting-and-context
StructuredOutputContractsReview.md	ai-and-agent-systems	prompting-and-context
StructuredOutputContractsStrategy.md	ai-and-agent-systems	prompting-and-context
SuccessPlaybookOpsEscalationProofs.md	customer-and-revenue-operations	customer-success-and-retention
SuccessPlaybookOpsFollowupCadence.md	customer-and-revenue-operations	customer-success-and-retention
SuccessPlaybookOpsKnowledgeReuse.md	customer-and-revenue-operations	customer-success-and-retention
SuccessPlaybookOpsOutcomeTracking.md	customer-and-revenue-operations	customer-success-and-retention
SuccessPlaybookOpsResponseTemplates.md	customer-and-revenue-operations	customer-success-and-retention
SuccessPlaybookOpsRiskFlags.md	customer-and-revenue-operations	customer-success-and-retention
SuccessPlaybookOpsSegmentationRules.md	customer-and-revenue-operations	customer-success-and-retention
SuccessPlaybookOpsSignalInterpretation.md	customer-and-revenue-operations	customer-success-and-retention
SuccessPlaybookOpsStakeholderMapping.md	customer-and-revenue-operations	customer-success-and-retention
SuccessPlaybookOpsWorkflowSequencing.md	customer-and-revenue-operations	customer-success-and-retention
SupplyChainAttackSimulation.md	security-and-trust	attack-defense-and-hardening
SupplyChainControlArchitecture.md	security-and-trust	attack-defense-and-hardening
SupplyChainDetectionEngineering.md	security-and-trust	attack-defense-and-hardening
SupplyChainEvidenceHandling.md	security-and-trust	attack-defense-and-hardening
SupplyChainExceptionGovernance.md	security-and-trust	attack-defense-and-hardening
SupplyChainHardeningBaselines.md	security-and-trust	attack-defense-and-hardening
SupplyChainIncidentResponse.md	security-and-trust	attack-defense-and-hardening
SupplyChainKeyManagement.md	security-and-trust	attack-defense-and-hardening
SupplyChainResponsePlaybooks.md	security-and-trust	attack-defense-and-hardening
SupplyChainSecureDefaults.md	security-and-trust	attack-defense-and-hardening
SupplyChainSecurity.md	security-and-trust	attack-defense-and-hardening
SupplyChainVerificationDesign.md	security-and-trust	attack-defense-and-hardening
SupplyChainVerificationDiagnostics.md	security-and-trust	attack-defense-and-hardening
SupplyChainVerificationFlows.md	security-and-trust	attack-defense-and-hardening
SupplyChainVerificationGovernance.md	security-and-trust	attack-defense-and-hardening
SupplyChainVerificationOperations.md	security-and-trust	attack-defense-and-hardening
SupplyChainVerificationOptimization.md	security-and-trust	attack-defense-and-hardening
SupplyChainVerificationPlanning.md	security-and-trust	attack-defense-and-hardening
SupplyChainVerificationPlaybook.md	security-and-trust	attack-defense-and-hardening
SupplyChainVerificationReliability.md	security-and-trust	attack-defense-and-hardening
SupplyChainVerificationReview.md	security-and-trust	attack-defense-and-hardening
SupplyChainVerificationStrategy.md	security-and-trust	attack-defense-and-hardening
SupportConversationAnalysisActionExtraction.md	customer-and-revenue-operations	support-operations
SupportConversationAnalysisBiasChecks.md	customer-and-revenue-operations	support-operations
SupportConversationAnalysisCitationDiscipline.md	customer-and-revenue-operations	support-operations
SupportConversationAnalysisConfidenceScoring.md	customer-and-revenue-operations	support-operations
SupportConversationAnalysisContradictionHandling.md	customer-and-revenue-operations	support-operations
SupportConversationAnalysisEvidenceSifting.md	customer-and-revenue-operations	support-operations
SupportConversationAnalysisFollowupQuestions.md	customer-and-revenue-operations	support-operations
SupportConversationAnalysisQuestionDesign.md	customer-and-revenue-operations	support-operations
SupportConversationAnalysisStakeholderReadouts.md	customer-and-revenue-operations	support-operations
SupportConversationAnalysisSynthesisFrames.md	customer-and-revenue-operations	support-operations
SupportEscalationDesign.md	customer-and-revenue-operations	support-operations
SupportEscalationDesignEscalationProofs.md	customer-and-revenue-operations	support-operations
SupportEscalationDesignFollowupCadence.md	customer-and-revenue-operations	support-operations
SupportEscalationDesignKnowledgeReuse.md	customer-and-revenue-operations	support-operations
SupportEscalationDesignOutcomeTracking.md	customer-and-revenue-operations	support-operations
SupportEscalationDesignResponseTemplates.md	customer-and-revenue-operations	support-operations
SupportEscalationDesignRiskFlags.md	customer-and-revenue-operations	support-operations
SupportEscalationDesignSegmentationRules.md	customer-and-revenue-operations	support-operations
SupportEscalationDesignSignalInterpretation.md	customer-and-revenue-operations	support-operations
SupportEscalationDesignStakeholderMapping.md	customer-and-revenue-operations	support-operations
SupportEscalationDesignWorkflowSequencing.md	customer-and-revenue-operations	support-operations
SupportEscalationOpsFollowupLoops.md	customer-and-revenue-operations	support-operations
SupportEscalationOpsLearningAgenda.md	customer-and-revenue-operations	support-operations
SupportEscalationOpsObjectionHandling.md	customer-and-revenue-operations	support-operations
SupportEscalationOpsProblemFraming.md	customer-and-revenue-operations	support-operations
SupportEscalationOpsRiskScoring.md	customer-and-revenue-operations	support-operations
SupportEscalationOpsRolloutRules.md	customer-and-revenue-operations	support-operations
SupportEscalationOpsSegmentationLogic.md	customer-and-revenue-operations	support-operations
SupportEscalationOpsStakeholderMaps.md	customer-and-revenue-operations	support-operations
SupportEscalationOpsSuccessMetrics.md	customer-and-revenue-operations	support-operations
SupportEscalationOpsTradeoffNarratives.md	customer-and-revenue-operations	support-operations
SupportInsightsAnalysis.md	customer-and-revenue-operations	support-operations
SupportInsightsAutomation.md	customer-and-revenue-operations	support-operations
SupportInsightsDesign.md	customer-and-revenue-operations	support-operations
SupportInsightsDiagnostics.md	customer-and-revenue-operations	support-operations
SupportInsightsGovernance.md	customer-and-revenue-operations	support-operations
SupportInsightsOperations.md	customer-and-revenue-operations	support-operations
SupportInsightsOptimization.md	customer-and-revenue-operations	support-operations
SupportInsightsPlanning.md	customer-and-revenue-operations	support-operations
SupportInsightsReview.md	customer-and-revenue-operations	support-operations
SupportInsightsStrategy.md	customer-and-revenue-operations	support-operations
SupportMacroEngineeringActionabilityChecks.md	customer-and-revenue-operations	support-operations
SupportMacroEngineeringApprovalRouting.md	customer-and-revenue-operations	support-operations
SupportMacroEngineeringExampleCoverage.md	customer-and-revenue-operations	support-operations
SupportMacroEngineeringLinkIntegrity.md	customer-and-revenue-operations	support-operations
SupportMacroEngineeringMaintenanceOwnership.md	customer-and-revenue-operations	support-operations
SupportMacroEngineeringReaderTasks.md	customer-and-revenue-operations	support-operations
SupportMacroEngineeringScreenshotStrategy.md	customer-and-revenue-operations	support-operations
SupportMacroEngineeringSearchKeywords.md	customer-and-revenue-operations	support-operations
SupportMacroEngineeringUpdateTriggers.md	customer-and-revenue-operations	support-operations
SupportMacroEngineeringVersionStamps.md	customer-and-revenue-operations	support-operations
SupportOperationsDecisionMemos.md	customer-and-revenue-operations	support-operations
SupportOperationsFeedbackTaxonomy.md	customer-and-revenue-operations	support-operations
SupportOperationsMetricTrees.md	customer-and-revenue-operations	support-operations
SupportOperationsOperatingCadence.md	customer-and-revenue-operations	support-operations
SupportOperationsPostLaunchAnalysis.md	customer-and-revenue-operations	support-operations
SupportOperationsPrioritizationModels.md	customer-and-revenue-operations	support-operations
SupportOperationsProblemFraming.md	customer-and-revenue-operations	support-operations
SupportOperationsRiskReviews.md	customer-and-revenue-operations	support-operations
SupportOperationsRolloutPlanning.md	customer-and-revenue-operations	support-operations
SupportOperationsStakeholderAlignment.md	customer-and-revenue-operations	support-operations
SvelteAccessibilityFlows.md	frontend-and-user-experience	accessibility
SvelteBuildPipelines.md	frontend-and-user-experience	frontend-frameworks-and-performance
SvelteComponentTesting.md	frontend-and-user-experience	frontend-frameworks-and-performance
SvelteDesignSystemAdoption.md	frontend-and-user-experience	frontend-frameworks-and-performance
SvelteErrorRecoveryUX.md	frontend-and-user-experience	frontend-frameworks-and-performance
SvelteFormSystems.md	frontend-and-user-experience	frontend-frameworks-and-performance
SvelteHydrationRecovery.md	frontend-and-user-experience	frontend-frameworks-and-performance
SvelteRenderingPerformance.md	frontend-and-user-experience	frontend-frameworks-and-performance
SvelteRoutingBoundaries.md	frontend-and-user-experience	frontend-frameworks-and-performance
SvelteStateArchitecture.md	frontend-and-user-experience	frontend-frameworks-and-performance
SwiftBuildToolchains.md	software-engineering-craft	version-control-and-builds
SwiftConcurrencyPatterns.md	software-engineering-craft	languages
SwiftDebugWorkflows.md	software-engineering-craft	languages
SwiftErrorSemantics.md	software-engineering-craft	languages
SwiftInteropBoundaries.md	software-engineering-craft	languages
SwiftPackagePublishing.md	software-engineering-craft	version-control-and-builds
SwiftPerformanceProfiling.md	software-engineering-craft	languages
SwiftRefactorMechanics.md	software-engineering-craft	code-quality-and-refactoring
SwiftTestHarnessDesign.md	software-engineering-craft	languages
SwiftTypeArchitecture.md	software-engineering-craft	languages
SwiftUIiOSDevelopment.md	mobile-and-desktop-apps	native-and-desktop-development
SyncEnginesAnalysis.md	mobile-and-desktop-apps	device-connectivity-and-offline
SyncEnginesAutomation.md	mobile-and-desktop-apps	device-connectivity-and-offline
SyncEnginesDesign.md	mobile-and-desktop-apps	device-connectivity-and-offline
SyncEnginesDiagnostics.md	mobile-and-desktop-apps	device-connectivity-and-offline
SyncEnginesGovernance.md	mobile-and-desktop-apps	device-connectivity-and-offline
SyncEnginesOperations.md	mobile-and-desktop-apps	device-connectivity-and-offline
SyncEnginesOptimization.md	mobile-and-desktop-apps	device-connectivity-and-offline
SyncEnginesPlanning.md	mobile-and-desktop-apps	device-connectivity-and-offline
SyncEnginesReview.md	mobile-and-desktop-apps	device-connectivity-and-offline
SyncEnginesStrategy.md	mobile-and-desktop-apps	device-connectivity-and-offline
SyntheticDataCostControl.md	ai-and-agent-systems	evaluation-and-labeling
SyntheticDataDataContracts.md	ai-and-agent-systems	evaluation-and-labeling
SyntheticDataEvaluationRubrics.md	ai-and-agent-systems	evaluation-and-labeling
SyntheticDataExperimentTracking.md	ai-and-agent-systems	evaluation-and-labeling
SyntheticDataFailureAnalysis.md	ai-and-agent-systems	evaluation-and-labeling
SyntheticDataGeneration.md	ai-and-agent-systems	evaluation-and-labeling
SyntheticDataHumanReviewLoops.md	ai-and-agent-systems	evaluation-and-labeling
SyntheticDataLatencyBudgets.md	ai-and-agent-systems	evaluation-and-labeling
SyntheticDataProductionRollouts.md	ai-and-agent-systems	evaluation-and-labeling
SyntheticDataSafetyDesign.md	ai-and-agent-systems	evaluation-and-labeling
SyntheticDataToolReliability.md	ai-and-agent-systems	evaluation-and-labeling
SyntheticDatasetDesignCostBudgets.md	ai-and-agent-systems	evaluation-and-labeling
SyntheticDatasetDesignExperimentTracking.md	ai-and-agent-systems	evaluation-and-labeling
SyntheticDatasetDesignFailureTaxonomy.md	ai-and-agent-systems	evaluation-and-labeling
SyntheticDatasetDesignHumanEscalation.md	ai-and-agent-systems	evaluation-and-labeling
SyntheticDatasetDesignLatencyControl.md	ai-and-agent-systems	evaluation-and-labeling
SyntheticDatasetDesignPolicyEnforcement.md	ai-and-agent-systems	evaluation-and-labeling
SyntheticDatasetDesignQualityThresholds.md	ai-and-agent-systems	evaluation-and-labeling
SyntheticDatasetDesignRolloutStages.md	ai-and-agent-systems	evaluation-and-labeling
SyntheticDatasetDesignTaskContracts.md	ai-and-agent-systems	evaluation-and-labeling
SyntheticDatasetDesignTraceAnalysis.md	ai-and-agent-systems	evaluation-and-labeling
SyntheticJudgeCalibrationDesign.md	ai-and-agent-systems	evaluation-and-labeling
SyntheticJudgeCalibrationDiagnostics.md	ai-and-agent-systems	evaluation-and-labeling
SyntheticJudgeCalibrationGovernance.md	ai-and-agent-systems	evaluation-and-labeling
SyntheticJudgeCalibrationOperations.md	ai-and-agent-systems	evaluation-and-labeling
SyntheticJudgeCalibrationOptimization.md	ai-and-agent-systems	evaluation-and-labeling
SyntheticJudgeCalibrationPlanning.md	ai-and-agent-systems	evaluation-and-labeling
SyntheticJudgeCalibrationPlaybook.md	ai-and-agent-systems	evaluation-and-labeling
SyntheticJudgeCalibrationReliability.md	ai-and-agent-systems	evaluation-and-labeling
SyntheticJudgeCalibrationReview.md	ai-and-agent-systems	evaluation-and-labeling
SyntheticJudgeCalibrationStrategy.md	ai-and-agent-systems	evaluation-and-labeling
SystemArchitecture.md	backend-and-api-engineering	service-architecture-and-decomposition
SystemDesign.md	backend-and-api-engineering	service-architecture-and-decomposition
SystemDesignInterview.md	people-and-engineering-management	leadership-and-career-growth
TLSAttackSimulation.md	security-and-trust	attack-defense-and-hardening
TLSControlArchitecture.md	security-and-trust	attack-defense-and-hardening
TLSDetectionEngineering.md	security-and-trust	attack-defense-and-hardening
TLSEvidenceHandling.md	security-and-trust	attack-defense-and-hardening
TLSExceptionGovernance.md	security-and-trust	attack-defense-and-hardening
TLSHardeningBaselines.md	security-and-trust	attack-defense-and-hardening
TLSKeyManagement.md	security-and-trust	secrets-and-key-management
TLSResponsePlaybooks.md	security-and-trust	attack-defense-and-hardening
TLSSecureDefaults.md	security-and-trust	attack-defense-and-hardening
TLSVerificationFlows.md	security-and-trust	attack-defense-and-hardening
TaskQueuePrioritizationArtifactTemplates.md	product-and-project-management	planning-cadence-and-delivery
TaskQueuePrioritizationCompletionProofs.md	product-and-project-management	planning-cadence-and-delivery
TaskQueuePrioritizationContextCompression.md	product-and-project-management	planning-cadence-and-delivery
TaskQueuePrioritizationEscalationTriggers.md	product-and-project-management	planning-cadence-and-delivery
TaskQueuePrioritizationOwnershipHandoffs.md	product-and-project-management	planning-cadence-and-delivery
TaskQueuePrioritizationReviewRhythms.md	product-and-project-management	planning-cadence-and-delivery
TaskQueuePrioritizationRiskNotes.md	product-and-project-management	planning-cadence-and-delivery
TaskQueuePrioritizationStakeholderVisibility.md	product-and-project-management	planning-cadence-and-delivery
TaskQueuePrioritizationUpdateCadence.md	product-and-project-management	planning-cadence-and-delivery
TaskQueuePrioritizationUrgencyScoring.md	product-and-project-management	planning-cadence-and-delivery
TauriDesktopApps.md	mobile-and-desktop-apps	native-and-desktop-development
TeamHealthRetrospectivesBiasMitigations.md	people-and-engineering-management	performance-and-team-health
TeamHealthRetrospectivesCalibrationSessions.md	people-and-engineering-management	performance-and-team-health
TeamHealthRetrospectivesDecisionMemos.md	people-and-engineering-management	performance-and-team-health
TeamHealthRetrospectivesDocumentationTemplates.md	people-and-engineering-management	performance-and-team-health
TeamHealthRetrospectivesEscalationRules.md	people-and-engineering-management	performance-and-team-health
TeamHealthRetrospectivesEvaluationPackets.md	people-and-engineering-management	performance-and-team-health
TeamHealthRetrospectivesFeedbackCadence.md	people-and-engineering-management	performance-and-team-health
TeamHealthRetrospectivesOutcomeTracking.md	people-and-engineering-management	performance-and-team-health
TeamHealthRetrospectivesReadinessChecks.md	people-and-engineering-management	performance-and-team-health
TeamHealthRetrospectivesSignalRubrics.md	people-and-engineering-management	performance-and-team-health
TechStackSelection.md	product-and-project-management	strategy-and-business-planning
TechnicalBlogWriting.md	content-and-communication	technical-documentation
TechnicalDebtBurnDownApprovalHeuristics.md	software-engineering-craft	code-quality-and-refactoring
TechnicalDebtBurnDownChangeNarratives.md	software-engineering-craft	code-quality-and-refactoring
TechnicalDebtBurnDownDependencyBlastRadius.md	software-engineering-craft	code-quality-and-refactoring
TechnicalDebtBurnDownDiffCompression.md	software-engineering-craft	code-quality-and-refactoring
TechnicalDebtBurnDownEvidencePackets.md	software-engineering-craft	code-quality-and-refactoring
TechnicalDebtBurnDownFollowthroughChecklists.md	software-engineering-craft	code-quality-and-refactoring
TechnicalDebtBurnDownRebaseSafety.md	software-engineering-craft	code-quality-and-refactoring
TechnicalDebtBurnDownRegressionForecasting.md	software-engineering-craft	code-quality-and-refactoring
TechnicalDebtBurnDownReviewerAlignment.md	software-engineering-craft	code-quality-and-refactoring
TechnicalDebtBurnDownStagingPlans.md	software-engineering-craft	code-quality-and-refactoring
TechnicalDebtManagement.md	software-engineering-craft	code-quality-and-refactoring
TechnicalDiagramming.md	content-and-communication	technical-documentation
TechnicalInterviewPreparation.md	people-and-engineering-management	leadership-and-career-growth
TechnicalInterviewing.md	people-and-engineering-management	hiring-and-interviewing
TechnicalMentoring.md	people-and-engineering-management	leadership-and-career-growth
TechnicalRFCWriting.md	product-and-project-management	decisions-rfcs-and-memos
TechnicalRoadmapping.md	product-and-project-management	roadmaps-and-prioritization
TechnicalWriting.md	content-and-communication	technical-documentation
TemporalDataModeling.md	data-platform-and-analytics	schema-and-data-contracts
TenantIsolationDesign.md	platform-and-cloud-infrastructure	platform-engineering-and-tenancy
TenantProvisioningFlowsAlertEscalations.md	platform-and-cloud-infrastructure	platform-engineering-and-tenancy
TenantProvisioningFlowsDeadLetterHandling.md	platform-and-cloud-infrastructure	platform-engineering-and-tenancy
TenantProvisioningFlowsDeliveryAudits.md	platform-and-cloud-infrastructure	platform-engineering-and-tenancy
TenantProvisioningFlowsIdempotencyWindows.md	platform-and-cloud-infrastructure	platform-engineering-and-tenancy
TenantProvisioningFlowsMappingValidation.md	platform-and-cloud-infrastructure	platform-engineering-and-tenancy
TenantProvisioningFlowsReplayStrategies.md	platform-and-cloud-infrastructure	platform-engineering-and-tenancy
TenantProvisioningFlowsRetryContracts.md	platform-and-cloud-infrastructure	platform-engineering-and-tenancy
TenantProvisioningFlowsSchemaGuardrails.md	platform-and-cloud-infrastructure	platform-engineering-and-tenancy
TenantProvisioningFlowsSecretRotation.md	platform-and-cloud-infrastructure	platform-engineering-and-tenancy
TenantProvisioningFlowsThroughputLimits.md	platform-and-cloud-infrastructure	platform-engineering-and-tenancy
Terraform.md	platform-and-cloud-infrastructure	platform-engineering-and-tenancy
TerraformAutomationSafety.md	platform-and-cloud-infrastructure	platform-engineering-and-tenancy
TerraformCapacityForecasting.md	platform-and-cloud-infrastructure	capacity-and-cost-governance
TerraformCostGovernance.md	platform-and-cloud-infrastructure	capacity-and-cost-governance
TerraformDeploymentRollouts.md	platform-and-cloud-infrastructure	ci-cd-and-release-pipelines
TerraformEnvironmentPromotion.md	platform-and-cloud-infrastructure	ci-cd-and-release-pipelines
TerraformFailureRecovery.md	platform-and-cloud-infrastructure	platform-engineering-and-tenancy
TerraformIaC.md	platform-and-cloud-infrastructure	platform-engineering-and-tenancy
TerraformIncidentTriage.md	platform-and-cloud-infrastructure	platform-engineering-and-tenancy
TerraformObservabilityDesign.md	platform-and-cloud-infrastructure	platform-engineering-and-tenancy
TerraformPolicyAutomation.md	platform-and-cloud-infrastructure	platform-engineering-and-tenancy
TerraformSecretsManagement.md	security-and-trust	secrets-and-key-management
TestDataFactoriesBoundaryScenarios.md	testing-and-quality-assurance	flaky-tests-and-determinism
TestDataFactoriesCoverageStrategy.md	testing-and-quality-assurance	flaky-tests-and-determinism
TestDataFactoriesDeterministicTiming.md	testing-and-quality-assurance	flaky-tests-and-determinism
TestDataFactoriesFailureMatrices.md	testing-and-quality-assurance	flaky-tests-and-determinism
TestDataFactoriesFixtureHygiene.md	testing-and-quality-assurance	flaky-tests-and-determinism
TestDataFactoriesMockDiscipline.md	testing-and-quality-assurance	flaky-tests-and-determinism
TestDataFactoriesOracleDesign.md	testing-and-quality-assurance	flaky-tests-and-determinism
TestDataFactoriesParallelExecution.md	testing-and-quality-assurance	flaky-tests-and-determinism
TestDataFactoriesResultInterpretation.md	testing-and-quality-assurance	flaky-tests-and-determinism
TestDataFactoriesTriageHeuristics.md	testing-and-quality-assurance	flaky-tests-and-determinism
TestDeterminismEngineeringDesign.md	testing-and-quality-assurance	flaky-tests-and-determinism
TestDeterminismEngineeringDiagnostics.md	testing-and-quality-assurance	flaky-tests-and-determinism
TestDeterminismEngineeringGovernance.md	testing-and-quality-assurance	flaky-tests-and-determinism
TestDeterminismEngineeringOperations.md	testing-and-quality-assurance	flaky-tests-and-determinism
TestDeterminismEngineeringOptimization.md	testing-and-quality-assurance	flaky-tests-and-determinism
TestDeterminismEngineeringPlanning.md	testing-and-quality-assurance	flaky-tests-and-determinism
TestDeterminismEngineeringPlaybook.md	testing-and-quality-assurance	flaky-tests-and-determinism
TestDeterminismEngineeringReliability.md	testing-and-quality-assurance	flaky-tests-and-determinism
TestDeterminismEngineeringReview.md	testing-and-quality-assurance	flaky-tests-and-determinism
TestDeterminismEngineeringStrategy.md	testing-and-quality-assurance	flaky-tests-and-determinism
TestDrivenDevelopment.md	testing-and-quality-assurance	test-strategy-and-harnesses
TestFlakeReductionAnalysis.md	testing-and-quality-assurance	flaky-tests-and-determinism
TestFlakeReductionAutomation.md	testing-and-quality-assurance	flaky-tests-and-determinism
TestFlakeReductionDesign.md	testing-and-quality-assurance	flaky-tests-and-determinism
TestFlakeReductionDiagnostics.md	testing-and-quality-assurance	flaky-tests-and-determinism
TestFlakeReductionGovernance.md	testing-and-quality-assurance	flaky-tests-and-determinism
TestFlakeReductionOperations.md	testing-and-quality-assurance	flaky-tests-and-determinism
TestFlakeReductionOptimization.md	testing-and-quality-assurance	flaky-tests-and-determinism
TestFlakeReductionPlanning.md	testing-and-quality-assurance	flaky-tests-and-determinism
TestFlakeReductionReview.md	testing-and-quality-assurance	flaky-tests-and-determinism
TestFlakeReductionStrategy.md	testing-and-quality-assurance	flaky-tests-and-determinism
TestingStrategy.md	testing-and-quality-assurance	test-strategy-and-harnesses
ThirdPartyApiDebuggingBackoffPolicies.md	backend-and-api-engineering	integrations-and-webhooks
ThirdPartyApiDebuggingContractSnapshots.md	backend-and-api-engineering	integrations-and-webhooks
ThirdPartyApiDebuggingErrorTaxonomy.md	backend-and-api-engineering	integrations-and-webhooks
ThirdPartyApiDebuggingRequestReplay.md	backend-and-api-engineering	integrations-and-webhooks
ThirdPartyApiDebuggingRolloutWindows.md	backend-and-api-engineering	integrations-and-webhooks
ThirdPartyApiDebuggingSandboxParity.md	backend-and-api-engineering	integrations-and-webhooks
ThirdPartyApiDebuggingSignatureValidation.md	backend-and-api-engineering	integrations-and-webhooks
ThirdPartyApiDebuggingSupportEscalations.md	backend-and-api-engineering	integrations-and-webhooks
ThirdPartyApiDebuggingTokenRefresh.md	backend-and-api-engineering	integrations-and-webhooks
ThirdPartyApiDebuggingVersionDiffs.md	backend-and-api-engineering	integrations-and-webhooks
ThreatModelFacilitation.md	security-and-trust	attack-defense-and-hardening
ThreatModelingAttackSimulation.md	security-and-trust	attack-defense-and-hardening
ThreatModelingControlArchitecture.md	security-and-trust	attack-defense-and-hardening
ThreatModelingDetectionEngineering.md	security-and-trust	attack-defense-and-hardening
ThreatModelingEvidenceHandling.md	security-and-trust	attack-defense-and-hardening
ThreatModelingExceptionGovernance.md	security-and-trust	attack-defense-and-hardening
ThreatModelingHardeningBaselines.md	security-and-trust	attack-defense-and-hardening
ThreatModelingKeyManagement.md	security-and-trust	attack-defense-and-hardening
ThreatModelingResponsePlaybooks.md	security-and-trust	attack-defense-and-hardening
ThreatModelingSecureDefaults.md	security-and-trust	attack-defense-and-hardening
ThreatModelingVerificationFlows.md	security-and-trust	attack-defense-and-hardening
ThreatScenarioCatalogsDesign.md	security-and-trust	attack-defense-and-hardening
ThreatScenarioCatalogsDiagnostics.md	security-and-trust	attack-defense-and-hardening
ThreatScenarioCatalogsGovernance.md	security-and-trust	attack-defense-and-hardening
ThreatScenarioCatalogsOperations.md	security-and-trust	attack-defense-and-hardening
ThreatScenarioCatalogsOptimization.md	security-and-trust	attack-defense-and-hardening
ThreatScenarioCatalogsPlanning.md	security-and-trust	attack-defense-and-hardening
ThreatScenarioCatalogsPlaybook.md	security-and-trust	attack-defense-and-hardening
ThreatScenarioCatalogsReliability.md	security-and-trust	attack-defense-and-hardening
ThreatScenarioCatalogsReview.md	security-and-trust	attack-defense-and-hardening
ThreatScenarioCatalogsStrategy.md	security-and-trust	attack-defense-and-hardening
ThumbnailConceptOpsAudienceFit.md	content-and-communication	video-and-media-production
ThumbnailConceptOpsConversionHooks.md	content-and-communication	video-and-media-production
ThumbnailConceptOpsCutdownPlans.md	content-and-communication	video-and-media-production
ThumbnailConceptOpsDistributionTiming.md	content-and-communication	video-and-media-production
ThumbnailConceptOpsFeedbackRounds.md	content-and-communication	video-and-media-production
ThumbnailConceptOpsNarrativeBeats.md	content-and-communication	video-and-media-production
ThumbnailConceptOpsPublishChecklists.md	content-and-communication	video-and-media-production
ThumbnailConceptOpsQualityBenchmarks.md	content-and-communication	video-and-media-production
ThumbnailConceptOpsRepurposingPaths.md	content-and-communication	video-and-media-production
ThumbnailConceptOpsVisualReferences.md	content-and-communication	video-and-media-production
TimeSeriesCompressionPoliciesDesign.md	data-platform-and-analytics	databases-and-warehouses
TimeSeriesCompressionPoliciesDiagnostics.md	data-platform-and-analytics	databases-and-warehouses
TimeSeriesCompressionPoliciesGovernance.md	data-platform-and-analytics	databases-and-warehouses
TimeSeriesCompressionPoliciesOperations.md	data-platform-and-analytics	databases-and-warehouses
TimeSeriesCompressionPoliciesOptimization.md	data-platform-and-analytics	databases-and-warehouses
TimeSeriesCompressionPoliciesPlanning.md	data-platform-and-analytics	databases-and-warehouses
TimeSeriesCompressionPoliciesPlaybook.md	data-platform-and-analytics	databases-and-warehouses
TimeSeriesCompressionPoliciesReliability.md	data-platform-and-analytics	databases-and-warehouses
TimeSeriesCompressionPoliciesReview.md	data-platform-and-analytics	databases-and-warehouses
TimeSeriesCompressionPoliciesStrategy.md	data-platform-and-analytics	databases-and-warehouses
TimeSeriesDataModeling.md	data-platform-and-analytics	databases-and-warehouses
TimeSeriesStorageAnalysis.md	data-platform-and-analytics	databases-and-warehouses
TimeSeriesStorageAutomation.md	data-platform-and-analytics	databases-and-warehouses
TimeSeriesStorageDesign.md	data-platform-and-analytics	databases-and-warehouses
TimeSeriesStorageDiagnostics.md	data-platform-and-analytics	databases-and-warehouses
TimeSeriesStorageGovernance.md	data-platform-and-analytics	databases-and-warehouses
TimeSeriesStorageOperations.md	data-platform-and-analytics	databases-and-warehouses
TimeSeriesStorageOptimization.md	data-platform-and-analytics	databases-and-warehouses
TimeSeriesStoragePlanning.md	data-platform-and-analytics	databases-and-warehouses
TimeSeriesStorageReview.md	data-platform-and-analytics	databases-and-warehouses
TimeSeriesStorageStrategy.md	data-platform-and-analytics	databases-and-warehouses
ToolCallingFunctionUse.md	ai-and-agent-systems	agents-and-tool-use
ToolCallingOpsCostBudgets.md	ai-and-agent-systems	agents-and-tool-use
ToolCallingOpsExperimentTracking.md	ai-and-agent-systems	agents-and-tool-use
ToolCallingOpsFailureTaxonomy.md	ai-and-agent-systems	agents-and-tool-use
ToolCallingOpsHumanEscalation.md	ai-and-agent-systems	agents-and-tool-use
ToolCallingOpsLatencyControl.md	ai-and-agent-systems	agents-and-tool-use
ToolCallingOpsPolicyEnforcement.md	ai-and-agent-systems	agents-and-tool-use
ToolCallingOpsQualityThresholds.md	ai-and-agent-systems	agents-and-tool-use
ToolCallingOpsRolloutStages.md	ai-and-agent-systems	agents-and-tool-use
ToolCallingOpsTaskContracts.md	ai-and-agent-systems	agents-and-tool-use
ToolCallingOpsTraceAnalysis.md	ai-and-agent-systems	agents-and-tool-use
ToolFailureRecoveryDesign.md	ai-and-agent-systems	agents-and-tool-use
ToolFailureRecoveryDiagnostics.md	ai-and-agent-systems	agents-and-tool-use
ToolFailureRecoveryGovernance.md	ai-and-agent-systems	agents-and-tool-use
ToolFailureRecoveryOperations.md	ai-and-agent-systems	agents-and-tool-use
ToolFailureRecoveryOptimization.md	ai-and-agent-systems	agents-and-tool-use
ToolFailureRecoveryPlanning.md	ai-and-agent-systems	agents-and-tool-use
ToolFailureRecoveryPlaybook.md	ai-and-agent-systems	agents-and-tool-use
ToolFailureRecoveryReliability.md	ai-and-agent-systems	agents-and-tool-use
ToolFailureRecoveryReview.md	ai-and-agent-systems	agents-and-tool-use
ToolFailureRecoveryStrategy.md	ai-and-agent-systems	agents-and-tool-use
ToolPoliciesAnalysis.md	ai-and-agent-systems	agents-and-tool-use
ToolPoliciesAutomation.md	ai-and-agent-systems	agents-and-tool-use
ToolPoliciesDesign.md	ai-and-agent-systems	agents-and-tool-use
ToolPoliciesDiagnostics.md	ai-and-agent-systems	agents-and-tool-use
ToolPoliciesGovernance.md	ai-and-agent-systems	agents-and-tool-use
ToolPoliciesOperations.md	ai-and-agent-systems	agents-and-tool-use
ToolPoliciesOptimization.md	ai-and-agent-systems	agents-and-tool-use
ToolPoliciesPlanning.md	ai-and-agent-systems	agents-and-tool-use
ToolPoliciesReview.md	ai-and-agent-systems	agents-and-tool-use
ToolPoliciesStrategy.md	ai-and-agent-systems	agents-and-tool-use
ToolSchemaDesign.md	ai-and-agent-systems	agents-and-tool-use
ToolSelectionDesignComparisonRuns.md	ai-and-agent-systems	agents-and-tool-use
ToolSelectionDesignEscalationRules.md	ai-and-agent-systems	agents-and-tool-use
ToolSelectionDesignFailureLabels.md	ai-and-agent-systems	agents-and-tool-use
ToolSelectionDesignHumanOverride.md	ai-and-agent-systems	agents-and-tool-use
ToolSelectionDesignPromptVersioning.md	ai-and-agent-systems	agents-and-tool-use
ToolSelectionDesignQualityGates.md	ai-and-agent-systems	agents-and-tool-use
ToolSelectionDesignSafetyThresholds.md	ai-and-agent-systems	agents-and-tool-use
ToolSelectionDesignTaskContracts.md	ai-and-agent-systems	agents-and-tool-use
ToolSelectionDesignToolReliability.md	ai-and-agent-systems	agents-and-tool-use
ToolSelectionDesignTraceReview.md	ai-and-agent-systems	agents-and-tool-use
ToolUseCostControl.md	ai-and-agent-systems	agents-and-tool-use
ToolUseDataContracts.md	ai-and-agent-systems	agents-and-tool-use
ToolUseEvaluationRubrics.md	ai-and-agent-systems	agents-and-tool-use
ToolUseExperimentTracking.md	ai-and-agent-systems	agents-and-tool-use
ToolUseFailureAnalysis.md	ai-and-agent-systems	agents-and-tool-use
ToolUseHumanReviewLoops.md	ai-and-agent-systems	agents-and-tool-use
ToolUseLatencyBudgets.md	ai-and-agent-systems	agents-and-tool-use
ToolUseProductionRollouts.md	ai-and-agent-systems	agents-and-tool-use
ToolUseSafetyDesign.md	ai-and-agent-systems	agents-and-tool-use
ToolUseToolReliability.md	ai-and-agent-systems	agents-and-tool-use
TrafficShapingAnalysis.md	platform-and-cloud-infrastructure	platform-engineering-and-tenancy
TrafficShapingAutomation.md	platform-and-cloud-infrastructure	platform-engineering-and-tenancy
TrafficShapingDesign.md	platform-and-cloud-infrastructure	platform-engineering-and-tenancy
TrafficShapingDiagnostics.md	platform-and-cloud-infrastructure	platform-engineering-and-tenancy
TrafficShapingGovernance.md	platform-and-cloud-infrastructure	platform-engineering-and-tenancy
TrafficShapingOperations.md	platform-and-cloud-infrastructure	platform-engineering-and-tenancy
TrafficShapingOptimization.md	platform-and-cloud-infrastructure	platform-engineering-and-tenancy
TrafficShapingPlanning.md	platform-and-cloud-infrastructure	platform-engineering-and-tenancy
TrafficShapingReview.md	platform-and-cloud-infrastructure	platform-engineering-and-tenancy
TrafficShapingStrategy.md	platform-and-cloud-infrastructure	platform-engineering-and-tenancy
TransactionalEmail.md	backend-and-api-engineering	integrations-and-webhooks
TriageIssue.md	testing-and-quality-assurance	bug-reproduction-and-triage
TrialConversionTuningAnalyticsAnnotations.md	product-growth-and-marketing	onboarding-activation-and-retention
TrialConversionTuningAudienceSegmentation.md	product-growth-and-marketing	onboarding-activation-and-retention
TrialConversionTuningCohortReadouts.md	product-growth-and-marketing	onboarding-activation-and-retention
TrialConversionTuningConversionDiagnostics.md	product-growth-and-marketing	onboarding-activation-and-retention
TrialConversionTuningCopyTesting.md	product-growth-and-marketing	onboarding-activation-and-retention
TrialConversionTuningHypothesisRanking.md	product-growth-and-marketing	onboarding-activation-and-retention
TrialConversionTuningOfferFraming.md	product-growth-and-marketing	onboarding-activation-and-retention
TrialConversionTuningOutcomeAttribution.md	product-growth-and-marketing	onboarding-activation-and-retention
TrialConversionTuningRolloutSequencing.md	product-growth-and-marketing	onboarding-activation-and-retention
TrialConversionTuningVariantSafeguards.md	product-growth-and-marketing	onboarding-activation-and-retention
TroubleshootingGuideDesignActionabilityChecks.md	content-and-communication	technical-documentation
TroubleshootingGuideDesignApprovalRouting.md	content-and-communication	technical-documentation
TroubleshootingGuideDesignExampleCoverage.md	content-and-communication	technical-documentation
TroubleshootingGuideDesignLinkIntegrity.md	content-and-communication	technical-documentation
TroubleshootingGuideDesignMaintenanceOwnership.md	content-and-communication	technical-documentation
TroubleshootingGuideDesignReaderTasks.md	content-and-communication	technical-documentation
TroubleshootingGuideDesignScreenshotStrategy.md	content-and-communication	technical-documentation
TroubleshootingGuideDesignSearchKeywords.md	content-and-communication	technical-documentation
TroubleshootingGuideDesignUpdateTriggers.md	content-and-communication	technical-documentation
TroubleshootingGuideDesignVersionStamps.md	content-and-communication	technical-documentation
TrunkBasedDevelopment.md	software-engineering-craft	version-control-and-builds
TrustBoundaryEnforcementDesign.md	security-and-trust	identity-and-access
TrustBoundaryEnforcementDiagnostics.md	security-and-trust	identity-and-access
TrustBoundaryEnforcementGovernance.md	security-and-trust	identity-and-access
TrustBoundaryEnforcementOperations.md	security-and-trust	identity-and-access
TrustBoundaryEnforcementOptimization.md	security-and-trust	identity-and-access
TrustBoundaryEnforcementPlanning.md	security-and-trust	identity-and-access
TrustBoundaryEnforcementPlaybook.md	security-and-trust	identity-and-access
TrustBoundaryEnforcementReliability.md	security-and-trust	identity-and-access
TrustBoundaryEnforcementReview.md	security-and-trust	identity-and-access
TrustBoundaryEnforcementStrategy.md	security-and-trust	identity-and-access
TutorialEngineeringActionSummaries.md	content-and-communication	technical-documentation
TutorialEngineeringApprovalCriteria.md	content-and-communication	technical-documentation
TutorialEngineeringAudienceFraming.md	content-and-communication	technical-documentation
TutorialEngineeringCrossLinking.md	content-and-communication	technical-documentation
TutorialEngineeringDecisionRecords.md	content-and-communication	technical-documentation
TutorialEngineeringEvidenceDensity.md	content-and-communication	technical-documentation
TutorialEngineeringExampleQuality.md	content-and-communication	technical-documentation
TutorialEngineeringReviewWorkflow.md	content-and-communication	technical-documentation
TutorialEngineeringSearchability.md	content-and-communication	technical-documentation
TutorialEngineeringUpdateCadence.md	content-and-communication	technical-documentation
TypeScript.md	software-engineering-craft	languages
TypeScriptAdvanced.md	software-engineering-craft	languages
TypeScriptBuildToolchains.md	software-engineering-craft	version-control-and-builds
TypeScriptConcurrencyPatterns.md	software-engineering-craft	languages
TypeScriptConfigMastery.md	software-engineering-craft	languages
TypeScriptDebugWorkflows.md	software-engineering-craft	languages
TypeScriptErrorSemantics.md	software-engineering-craft	languages
TypeScriptInteropBoundaries.md	software-engineering-craft	languages
TypeScriptPackagePublishing.md	software-engineering-craft	version-control-and-builds
TypeScriptPerformanceProfiling.md	software-engineering-craft	languages
TypeScriptRefactorMechanics.md	software-engineering-craft	code-quality-and-refactoring
TypeScriptTestHarnessDesign.md	software-engineering-craft	languages
TypeScriptTypeArchitecture.md	software-engineering-craft	languages
Typography.md	frontend-and-user-experience	design-systems-and-visual-design
TypographyComponentPatterns.md	frontend-and-user-experience	design-systems-and-visual-design
TypographyContentDesign.md	frontend-and-user-experience	design-systems-and-visual-design
TypographyCritiqueFrameworks.md	frontend-and-user-experience	design-systems-and-visual-design
TypographyEdgeStateDesign.md	frontend-and-user-experience	design-systems-and-visual-design
TypographyHandoffSpecifications.md	frontend-and-user-experience	design-systems-and-visual-design
TypographyMeasurementPlans.md	frontend-and-user-experience	design-systems-and-visual-design
TypographyReviewChecklists.md	frontend-and-user-experience	design-systems-and-visual-design
TypographyUsabilityTesting.md	frontend-and-user-experience	design-systems-and-visual-design
TypographyUserFlows.md	frontend-and-user-experience	design-systems-and-visual-design
TypographyVisualHierarchy.md	frontend-and-user-experience	design-systems-and-visual-design
UI-Design.md	frontend-and-user-experience	design-systems-and-visual-design
UX-Design.md	frontend-and-user-experience	ux-research-and-interaction-design
UXFlowDesignContentHierarchy.md	frontend-and-user-experience	ux-research-and-interaction-design
UXFlowDesignDecisionClarity.md	frontend-and-user-experience	ux-research-and-interaction-design
UXFlowDesignEdgeStateCoverage.md	frontend-and-user-experience	ux-research-and-interaction-design
UXFlowDesignExperimentAnnotations.md	frontend-and-user-experience	ux-research-and-interaction-design
UXFlowDesignHandoffSpecs.md	frontend-and-user-experience	ux-research-and-interaction-design
UXFlowDesignHeuristicReviews.md	frontend-and-user-experience	ux-research-and-interaction-design
UXFlowDesignMeasurementPlans.md	frontend-and-user-experience	ux-research-and-interaction-design
UXFlowDesignRecoveryPatterns.md	frontend-and-user-experience	ux-research-and-interaction-design
UXFlowDesignStateMapping.md	frontend-and-user-experience	ux-research-and-interaction-design
UXFlowDesignUsabilitySignals.md	frontend-and-user-experience	ux-research-and-interaction-design
UXHeuristicEvaluation.md	frontend-and-user-experience	ux-research-and-interaction-design
UXResearch.md	frontend-and-user-experience	ux-research-and-interaction-design
UXResearchComponentPatterns.md	frontend-and-user-experience	ux-research-and-interaction-design
UXResearchContentDesign.md	frontend-and-user-experience	ux-research-and-interaction-design
UXResearchCritiqueFrameworks.md	frontend-and-user-experience	ux-research-and-interaction-design
UXResearchEdgeStateDesign.md	frontend-and-user-experience	ux-research-and-interaction-design
UXResearchHandoffSpecifications.md	frontend-and-user-experience	ux-research-and-interaction-design
UXResearchMeasurementPlans.md	frontend-and-user-experience	ux-research-and-interaction-design
UXResearchReviewChecklists.md	frontend-and-user-experience	ux-research-and-interaction-design
UXResearchUsabilityTesting.md	frontend-and-user-experience	ux-research-and-interaction-design
UXResearchUserFlows.md	frontend-and-user-experience	ux-research-and-interaction-design
UXResearchVisualHierarchy.md	frontend-and-user-experience	ux-research-and-interaction-design
UXWritingMicrocopy.md	frontend-and-user-experience	ux-research-and-interaction-design
UbiquitousLanguage.md	product-and-project-management	decisions-rfcs-and-memos
UnitTestingSystemsBoundaryScenarios.md	testing-and-quality-assurance	test-strategy-and-harnesses
UnitTestingSystemsCoverageStrategy.md	testing-and-quality-assurance	test-strategy-and-harnesses
UnitTestingSystemsDeterministicTiming.md	testing-and-quality-assurance	test-strategy-and-harnesses
UnitTestingSystemsFailureMatrices.md	testing-and-quality-assurance	test-strategy-and-harnesses
UnitTestingSystemsFixtureHygiene.md	testing-and-quality-assurance	test-strategy-and-harnesses
UnitTestingSystemsMockDiscipline.md	testing-and-quality-assurance	test-strategy-and-harnesses
UnitTestingSystemsOracleDesign.md	testing-and-quality-assurance	test-strategy-and-harnesses
UnitTestingSystemsParallelExecution.md	testing-and-quality-assurance	test-strategy-and-harnesses
UnitTestingSystemsResultInterpretation.md	testing-and-quality-assurance	test-strategy-and-harnesses
UnitTestingSystemsTriageHeuristics.md	testing-and-quality-assurance	test-strategy-and-harnesses
UpgradeWavePlanningDesign.md	platform-and-cloud-infrastructure	ci-cd-and-release-pipelines
UpgradeWavePlanningDiagnostics.md	platform-and-cloud-infrastructure	ci-cd-and-release-pipelines
UpgradeWavePlanningGovernance.md	platform-and-cloud-infrastructure	ci-cd-and-release-pipelines
UpgradeWavePlanningOperations.md	platform-and-cloud-infrastructure	ci-cd-and-release-pipelines
UpgradeWavePlanningOptimization.md	platform-and-cloud-infrastructure	ci-cd-and-release-pipelines
UpgradeWavePlanningPlanning.md	platform-and-cloud-infrastructure	ci-cd-and-release-pipelines
UpgradeWavePlanningPlaybook.md	platform-and-cloud-infrastructure	ci-cd-and-release-pipelines
UpgradeWavePlanningReliability.md	platform-and-cloud-infrastructure	ci-cd-and-release-pipelines
UpgradeWavePlanningReview.md	platform-and-cloud-infrastructure	ci-cd-and-release-pipelines
UpgradeWavePlanningStrategy.md	platform-and-cloud-infrastructure	ci-cd-and-release-pipelines
UserInterviewSynthesisActionExtraction.md	frontend-and-user-experience	ux-research-and-interaction-design
UserInterviewSynthesisBiasChecks.md	frontend-and-user-experience	ux-research-and-interaction-design
UserInterviewSynthesisCitationDiscipline.md	frontend-and-user-experience	ux-research-and-interaction-design
UserInterviewSynthesisConfidenceScoring.md	frontend-and-user-experience	ux-research-and-interaction-design
UserInterviewSynthesisContradictionHandling.md	frontend-and-user-experience	ux-research-and-interaction-design
UserInterviewSynthesisEvidenceSifting.md	frontend-and-user-experience	ux-research-and-interaction-design
UserInterviewSynthesisFollowupQuestions.md	frontend-and-user-experience	ux-research-and-interaction-design
UserInterviewSynthesisQuestionDesign.md	frontend-and-user-experience	ux-research-and-interaction-design
UserInterviewSynthesisStakeholderReadouts.md	frontend-and-user-experience	ux-research-and-interaction-design
UserInterviewSynthesisSynthesisFrames.md	frontend-and-user-experience	ux-research-and-interaction-design
UserOnboarding.md	product-growth-and-marketing	onboarding-activation-and-retention
V-Vlang.md	software-engineering-craft	languages
VectorDatabasesEmbeddings.md	ai-and-agent-systems	retrieval-search-and-embeddings
VendorRiskAssessmentBlastRadiusNotes.md	security-and-trust	compliance-privacy-and-audit
VendorRiskAssessmentControlCoverage.md	security-and-trust	compliance-privacy-and-audit
VendorRiskAssessmentEscalationMatrices.md	security-and-trust	compliance-privacy-and-audit
VendorRiskAssessmentEvidenceRetention.md	security-and-trust	compliance-privacy-and-audit
VendorRiskAssessmentExceptionExpiry.md	security-and-trust	compliance-privacy-and-audit
VendorRiskAssessmentPolicyDiffs.md	security-and-trust	compliance-privacy-and-audit
VendorRiskAssessmentRecoveryProofs.md	security-and-trust	compliance-privacy-and-audit
VendorRiskAssessmentReviewerRouting.md	security-and-trust	compliance-privacy-and-audit
VendorRiskAssessmentSignalCorrelation.md	security-and-trust	compliance-privacy-and-audit
VendorRiskAssessmentTamperResistance.md	security-and-trust	compliance-privacy-and-audit
VideoScriptIterationAudienceFit.md	content-and-communication	video-and-media-production
VideoScriptIterationConversionHooks.md	content-and-communication	video-and-media-production
VideoScriptIterationCutdownPlans.md	content-and-communication	video-and-media-production
VideoScriptIterationDistributionTiming.md	content-and-communication	video-and-media-production
VideoScriptIterationFeedbackRounds.md	content-and-communication	video-and-media-production
VideoScriptIterationNarrativeBeats.md	content-and-communication	video-and-media-production
VideoScriptIterationPublishChecklists.md	content-and-communication	video-and-media-production
VideoScriptIterationQualityBenchmarks.md	content-and-communication	video-and-media-production
VideoScriptIterationRepurposingPaths.md	content-and-communication	video-and-media-production
VideoScriptIterationVisualReferences.md	content-and-communication	video-and-media-production
VideoStreamingArchitecture.md	specialized-and-systems-engineering	graphics-games-and-media-engineering
VideoTranscodeEconomicsDesign.md	specialized-and-systems-engineering	graphics-games-and-media-engineering
VideoTranscodeEconomicsDiagnostics.md	specialized-and-systems-engineering	graphics-games-and-media-engineering
VideoTranscodeEconomicsGovernance.md	specialized-and-systems-engineering	graphics-games-and-media-engineering
VideoTranscodeEconomicsOperations.md	specialized-and-systems-engineering	graphics-games-and-media-engineering
VideoTranscodeEconomicsOptimization.md	specialized-and-systems-engineering	graphics-games-and-media-engineering
VideoTranscodeEconomicsPlanning.md	specialized-and-systems-engineering	graphics-games-and-media-engineering
VideoTranscodeEconomicsPlaybook.md	specialized-and-systems-engineering	graphics-games-and-media-engineering
VideoTranscodeEconomicsReliability.md	specialized-and-systems-engineering	graphics-games-and-media-engineering
VideoTranscodeEconomicsReview.md	specialized-and-systems-engineering	graphics-games-and-media-engineering
VideoTranscodeEconomicsStrategy.md	specialized-and-systems-engineering	graphics-games-and-media-engineering
Visual-Hierarchy.md	frontend-and-user-experience	design-systems-and-visual-design
VisualDiffTriageArtifactCapture.md	testing-and-quality-assurance	browser-and-end-to-end-testing
VisualDiffTriageCrossBrowserDrift.md	testing-and-quality-assurance	browser-and-end-to-end-testing
VisualDiffTriageEnvironmentParity.md	testing-and-quality-assurance	browser-and-end-to-end-testing
VisualDiffTriageFailureScreenshots.md	testing-and-quality-assurance	browser-and-end-to-end-testing
VisualDiffTriageFlakeTriage.md	testing-and-quality-assurance	browser-and-end-to-end-testing
VisualDiffTriageRetryWindows.md	testing-and-quality-assurance	browser-and-end-to-end-testing
VisualDiffTriageSelectorResilience.md	testing-and-quality-assurance	browser-and-end-to-end-testing
VisualDiffTriageStateReset.md	testing-and-quality-assurance	browser-and-end-to-end-testing
VisualDiffTriageTimingStability.md	testing-and-quality-assurance	browser-and-end-to-end-testing
VisualDiffTriageUserSimulation.md	testing-and-quality-assurance	browser-and-end-to-end-testing
VoiceOfCustomerSynthesis.md	product-growth-and-marketing	market-and-customer-insight
VoiceoverDirectionAudienceFit.md	content-and-communication	video-and-media-production
VoiceoverDirectionConversionHooks.md	content-and-communication	video-and-media-production
VoiceoverDirectionCutdownPlans.md	content-and-communication	video-and-media-production
VoiceoverDirectionDistributionTiming.md	content-and-communication	video-and-media-production
VoiceoverDirectionFeedbackRounds.md	content-and-communication	video-and-media-production
VoiceoverDirectionNarrativeBeats.md	content-and-communication	video-and-media-production
VoiceoverDirectionPublishChecklists.md	content-and-communication	video-and-media-production
VoiceoverDirectionQualityBenchmarks.md	content-and-communication	video-and-media-production
VoiceoverDirectionRepurposingPaths.md	content-and-communication	video-and-media-production
VoiceoverDirectionVisualReferences.md	content-and-communication	video-and-media-production
VueAccessibilityFlows.md	frontend-and-user-experience	accessibility
VueBuildPipelines.md	frontend-and-user-experience	frontend-frameworks-and-performance
VueComponentTesting.md	frontend-and-user-experience	frontend-frameworks-and-performance
VueDesignSystemAdoption.md	frontend-and-user-experience	frontend-frameworks-and-performance
VueErrorRecoveryUX.md	frontend-and-user-experience	frontend-frameworks-and-performance
VueFormSystems.md	frontend-and-user-experience	frontend-frameworks-and-performance
VueHydrationRecovery.md	frontend-and-user-experience	frontend-frameworks-and-performance
VueJSPatterns.md	frontend-and-user-experience	frontend-frameworks-and-performance
VueRenderingPerformance.md	frontend-and-user-experience	frontend-frameworks-and-performance
VueRoutingBoundaries.md	frontend-and-user-experience	frontend-frameworks-and-performance
VueStateArchitecture.md	frontend-and-user-experience	frontend-frameworks-and-performance
VulnerabilityExceptionProcessDesign.md	security-and-trust	attack-defense-and-hardening
VulnerabilityExceptionProcessDiagnostics.md	security-and-trust	attack-defense-and-hardening
VulnerabilityExceptionProcessGovernance.md	security-and-trust	attack-defense-and-hardening
VulnerabilityExceptionProcessOperations.md	security-and-trust	attack-defense-and-hardening
VulnerabilityExceptionProcessOptimization.md	security-and-trust	attack-defense-and-hardening
VulnerabilityExceptionProcessPlanning.md	security-and-trust	attack-defense-and-hardening
VulnerabilityExceptionProcessPlaybook.md	security-and-trust	attack-defense-and-hardening
VulnerabilityExceptionProcessReliability.md	security-and-trust	attack-defense-and-hardening
VulnerabilityExceptionProcessReview.md	security-and-trust	attack-defense-and-hardening
VulnerabilityExceptionProcessStrategy.md	security-and-trust	attack-defense-and-hardening
WarehouseCostGuardrailsDesign.md	data-platform-and-analytics	databases-and-warehouses
WarehouseCostGuardrailsDiagnostics.md	data-platform-and-analytics	databases-and-warehouses
WarehouseCostGuardrailsGovernance.md	data-platform-and-analytics	databases-and-warehouses
WarehouseCostGuardrailsOperations.md	data-platform-and-analytics	databases-and-warehouses
WarehouseCostGuardrailsOptimization.md	data-platform-and-analytics	databases-and-warehouses
WarehouseCostGuardrailsPlanning.md	data-platform-and-analytics	databases-and-warehouses
WarehouseCostGuardrailsPlaybook.md	data-platform-and-analytics	databases-and-warehouses
WarehouseCostGuardrailsReliability.md	data-platform-and-analytics	databases-and-warehouses
WarehouseCostGuardrailsReview.md	data-platform-and-analytics	databases-and-warehouses
WarehouseCostGuardrailsStrategy.md	data-platform-and-analytics	databases-and-warehouses
WarehouseOptimizationAnomalyTriage.md	data-platform-and-analytics	databases-and-warehouses
WarehouseOptimizationChangeImpact.md	data-platform-and-analytics	databases-and-warehouses
WarehouseOptimizationConsumerReadiness.md	data-platform-and-analytics	databases-and-warehouses
WarehouseOptimizationCostDiagnostics.md	data-platform-and-analytics	databases-and-warehouses
WarehouseOptimizationFreshnessMonitoring.md	data-platform-and-analytics	databases-and-warehouses
WarehouseOptimizationQueryPlans.md	data-platform-and-analytics	databases-and-warehouses
WarehouseOptimizationReconciliationChecks.md	data-platform-and-analytics	databases-and-warehouses
WarehouseOptimizationRetentionPolicies.md	data-platform-and-analytics	databases-and-warehouses
WarehouseOptimizationSemanticContracts.md	data-platform-and-analytics	databases-and-warehouses
WarehouseOptimizationValidationSuites.md	data-platform-and-analytics	databases-and-warehouses
WarehouseQueryGovernanceAnomalyIsolation.md	data-platform-and-analytics	databases-and-warehouses
WarehouseQueryGovernanceConsistencyGuarantees.md	data-platform-and-analytics	databases-and-warehouses
WarehouseQueryGovernanceConsumerImpact.md	data-platform-and-analytics	databases-and-warehouses
WarehouseQueryGovernanceCostSignals.md	data-platform-and-analytics	databases-and-warehouses
WarehouseQueryGovernanceDriftChecks.md	data-platform-and-analytics	databases-and-warehouses
WarehouseQueryGovernanceLineageRecords.md	data-platform-and-analytics	databases-and-warehouses
WarehouseQueryGovernanceMigrationWindows.md	data-platform-and-analytics	databases-and-warehouses
WarehouseQueryGovernanceOwnershipMaps.md	data-platform-and-analytics	databases-and-warehouses
WarehouseQueryGovernanceRecoveryPaths.md	data-platform-and-analytics	databases-and-warehouses
WarehouseQueryGovernanceValidationProofs.md	data-platform-and-analytics	databases-and-warehouses
WebAssembly.md	frontend-and-user-experience	frontend-frameworks-and-performance
WebComponentsAccessibilityFlows.md	frontend-and-user-experience	frontend-frameworks-and-performance
WebComponentsBuildPipelines.md	frontend-and-user-experience	frontend-frameworks-and-performance
WebComponentsComponentTesting.md	frontend-and-user-experience	frontend-frameworks-and-performance
WebComponentsDesignSystemAdoption.md	frontend-and-user-experience	frontend-frameworks-and-performance
WebComponentsErrorRecoveryUX.md	frontend-and-user-experience	frontend-frameworks-and-performance
WebComponentsFormSystems.md	frontend-and-user-experience	frontend-frameworks-and-performance
WebComponentsHydrationRecovery.md	frontend-and-user-experience	frontend-frameworks-and-performance
WebComponentsRenderingPerformance.md	frontend-and-user-experience	frontend-frameworks-and-performance
WebComponentsRoutingBoundaries.md	frontend-and-user-experience	frontend-frameworks-and-performance
WebComponentsStateArchitecture.md	frontend-and-user-experience	frontend-frameworks-and-performance
WebGL3DVisualization.md	frontend-and-user-experience	frontend-frameworks-and-performance
WebPerformance.md	frontend-and-user-experience	frontend-frameworks-and-performance
WebRTCVideoAudio.md	specialized-and-systems-engineering	graphics-games-and-media-engineering
WebScraping.md	software-engineering-craft	developer-tooling-and-experience
WebSocketsRealtime.md	backend-and-api-engineering	messaging-queues-and-realtime
WebVitalsOptimization.md	frontend-and-user-experience	frontend-frameworks-and-performance
WebhookContractRepairBackoffPolicies.md	backend-and-api-engineering	integrations-and-webhooks
WebhookContractRepairContractSnapshots.md	backend-and-api-engineering	integrations-and-webhooks
WebhookContractRepairErrorTaxonomy.md	backend-and-api-engineering	integrations-and-webhooks
WebhookContractRepairRequestReplay.md	backend-and-api-engineering	integrations-and-webhooks
WebhookContractRepairRolloutWindows.md	backend-and-api-engineering	integrations-and-webhooks
WebhookContractRepairSandboxParity.md	backend-and-api-engineering	integrations-and-webhooks
WebhookContractRepairSignatureValidation.md	backend-and-api-engineering	integrations-and-webhooks
WebhookContractRepairSupportEscalations.md	backend-and-api-engineering	integrations-and-webhooks
WebhookContractRepairTokenRefresh.md	backend-and-api-engineering	integrations-and-webhooks
WebhookContractRepairVersionDiffs.md	backend-and-api-engineering	integrations-and-webhooks
WebhookReliabilityOpsBackpressureSignals.md	backend-and-api-engineering	integrations-and-webhooks
WebhookReliabilityOpsCausalTracing.md	backend-and-api-engineering	integrations-and-webhooks
WebhookReliabilityOpsContractProofs.md	backend-and-api-engineering	integrations-and-webhooks
WebhookReliabilityOpsDependencyIsolation.md	backend-and-api-engineering	integrations-and-webhooks
WebhookReliabilityOpsFailureSequencing.md	backend-and-api-engineering	integrations-and-webhooks
WebhookReliabilityOpsIdempotencyRules.md	backend-and-api-engineering	integrations-and-webhooks
WebhookReliabilityOpsOperatorClarity.md	backend-and-api-engineering	integrations-and-webhooks
WebhookReliabilityOpsRecoveryScripts.md	backend-and-api-engineering	integrations-and-webhooks
WebhookReliabilityOpsRetryDiscipline.md	backend-and-api-engineering	integrations-and-webhooks
WebhookReliabilityOpsRolloutGuards.md	backend-and-api-engineering	integrations-and-webhooks
WebhookSecurityReliability.md	security-and-trust	attack-defense-and-hardening
WebhooksDesign.md	backend-and-api-engineering	integrations-and-webhooks
WebinarFunnelsAnalysis.md	product-growth-and-marketing	acquisition-funnels-and-campaigns
WebinarFunnelsAutomation.md	product-growth-and-marketing	acquisition-funnels-and-campaigns
WebinarFunnelsDesign.md	product-growth-and-marketing	acquisition-funnels-and-campaigns
WebinarFunnelsDiagnostics.md	product-growth-and-marketing	acquisition-funnels-and-campaigns
WebinarFunnelsGovernance.md	product-growth-and-marketing	acquisition-funnels-and-campaigns
WebinarFunnelsOperations.md	product-growth-and-marketing	acquisition-funnels-and-campaigns
WebinarFunnelsOptimization.md	product-growth-and-marketing	acquisition-funnels-and-campaigns
WebinarFunnelsPlanning.md	product-growth-and-marketing	acquisition-funnels-and-campaigns
WebinarFunnelsReview.md	product-growth-and-marketing	acquisition-funnels-and-campaigns
WebinarFunnelsStrategy.md	product-growth-and-marketing	acquisition-funnels-and-campaigns
WebinarLifecycleSystemsDesign.md	product-growth-and-marketing	acquisition-funnels-and-campaigns
WebinarLifecycleSystemsDiagnostics.md	product-growth-and-marketing	acquisition-funnels-and-campaigns
WebinarLifecycleSystemsGovernance.md	product-growth-and-marketing	acquisition-funnels-and-campaigns
WebinarLifecycleSystemsOperations.md	product-growth-and-marketing	acquisition-funnels-and-campaigns
WebinarLifecycleSystemsOptimization.md	product-growth-and-marketing	acquisition-funnels-and-campaigns
WebinarLifecycleSystemsPlanning.md	product-growth-and-marketing	acquisition-funnels-and-campaigns
WebinarLifecycleSystemsPlaybook.md	product-growth-and-marketing	acquisition-funnels-and-campaigns
WebinarLifecycleSystemsReliability.md	product-growth-and-marketing	acquisition-funnels-and-campaigns
WebinarLifecycleSystemsReview.md	product-growth-and-marketing	acquisition-funnels-and-campaigns
WebinarLifecycleSystemsStrategy.md	product-growth-and-marketing	acquisition-funnels-and-campaigns
WebinarProductionPlanning.md	content-and-communication	video-and-media-production
WeeklyPlanningOpsArtifactTemplates.md	product-and-project-management	planning-cadence-and-delivery
WeeklyPlanningOpsCompletionProofs.md	product-and-project-management	planning-cadence-and-delivery
WeeklyPlanningOpsContextCompression.md	product-and-project-management	planning-cadence-and-delivery
WeeklyPlanningOpsEscalationTriggers.md	product-and-project-management	planning-cadence-and-delivery
WeeklyPlanningOpsOwnershipHandoffs.md	product-and-project-management	planning-cadence-and-delivery
WeeklyPlanningOpsReviewRhythms.md	product-and-project-management	planning-cadence-and-delivery
WeeklyPlanningOpsRiskNotes.md	product-and-project-management	planning-cadence-and-delivery
WeeklyPlanningOpsStakeholderVisibility.md	product-and-project-management	planning-cadence-and-delivery
WeeklyPlanningOpsUpdateCadence.md	product-and-project-management	planning-cadence-and-delivery
WeeklyPlanningOpsUrgencyScoring.md	product-and-project-management	planning-cadence-and-delivery
WinbackProgramOpsAnalyticsAnnotations.md	product-growth-and-marketing	onboarding-activation-and-retention
WinbackProgramOpsAudienceSegmentation.md	product-growth-and-marketing	onboarding-activation-and-retention
WinbackProgramOpsCohortReadouts.md	product-growth-and-marketing	onboarding-activation-and-retention
WinbackProgramOpsConversionDiagnostics.md	product-growth-and-marketing	onboarding-activation-and-retention
WinbackProgramOpsCopyTesting.md	product-growth-and-marketing	onboarding-activation-and-retention
WinbackProgramOpsHypothesisRanking.md	product-growth-and-marketing	onboarding-activation-and-retention
WinbackProgramOpsOfferFraming.md	product-growth-and-marketing	onboarding-activation-and-retention
WinbackProgramOpsOutcomeAttribution.md	product-growth-and-marketing	onboarding-activation-and-retention
WinbackProgramOpsRolloutSequencing.md	product-growth-and-marketing	onboarding-activation-and-retention
WinbackProgramOpsVariantSafeguards.md	product-growth-and-marketing	onboarding-activation-and-retention
WorkIntakeGovernanceArtifactTemplates.md	product-and-project-management	planning-cadence-and-delivery
WorkIntakeGovernanceCompletionProofs.md	product-and-project-management	planning-cadence-and-delivery
WorkIntakeGovernanceContextCompression.md	product-and-project-management	planning-cadence-and-delivery
WorkIntakeGovernanceEscalationTriggers.md	product-and-project-management	planning-cadence-and-delivery
WorkIntakeGovernanceOwnershipHandoffs.md	product-and-project-management	planning-cadence-and-delivery
WorkIntakeGovernanceReviewRhythms.md	product-and-project-management	planning-cadence-and-delivery
WorkIntakeGovernanceRiskNotes.md	product-and-project-management	planning-cadence-and-delivery
WorkIntakeGovernanceStakeholderVisibility.md	product-and-project-management	planning-cadence-and-delivery
WorkIntakeGovernanceUpdateCadence.md	product-and-project-management	planning-cadence-and-delivery
WorkIntakeGovernanceUrgencyScoring.md	product-and-project-management	planning-cadence-and-delivery
WorkflowAutomation.md	backend-and-api-engineering	messaging-queues-and-realtime
Wren.md	software-engineering-craft	languages
WriteAPrd.md	product-and-project-management	decisions-rfcs-and-memos
WriteASkill.md	software-engineering-craft	developer-tooling-and-experience
XSS.md	security-and-trust	attack-defense-and-hardening
ZeroDay.md	security-and-trust	attack-defense-and-hardening
ZeroKnowledgeProofs.md	specialized-and-systems-engineering	scientific-and-emerging-computing
ZeroTrustAttackSimulation.md	security-and-trust	identity-and-access
ZeroTrustControlArchitecture.md	security-and-trust	identity-and-access
ZeroTrustDetectionEngineering.md	security-and-trust	identity-and-access
ZeroTrustEvidenceHandling.md	security-and-trust	identity-and-access
ZeroTrustExceptionGovernance.md	security-and-trust	identity-and-access
ZeroTrustHardeningBaselines.md	security-and-trust	identity-and-access
ZeroTrustKeyManagement.md	security-and-trust	identity-and-access
ZeroTrustResponsePlaybooks.md	security-and-trust	identity-and-access
ZeroTrustSecureDefaults.md	security-and-trust	identity-and-access
ZeroTrustSecurity.md	security-and-trust	identity-and-access
ZeroTrustVerificationFlows.md	security-and-trust	identity-and-access
Zig.md	software-engineering-craft	languages
ZodSchemaValidation.md	backend-and-api-engineering	backend-framework-patterns
analytics-performance-optimization.md	product-growth-and-marketing	social-media-marketing
autostart-locations.md	platform-and-cloud-infrastructure	systems-administration-reference
community-building-reply-strategy.md	product-growth-and-marketing	social-media-marketing
content-calendar-consistency.md	product-growth-and-marketing	social-media-marketing
cross-platform-distribution.md	product-growth-and-marketing	social-media-marketing
dangerous-paths.md	platform-and-cloud-infrastructure	systems-administration-reference
disk-storage-management.md	platform-and-cloud-infrastructure	systems-administration-reference
engagement-optimization-ctas.md	product-growth-and-marketing	social-media-marketing
environment-variables.md	platform-and-cloud-infrastructure	systems-administration-reference
gRPCProtobuf.md	backend-and-api-engineering	api-design-and-lifecycle
hashtag-strategy.md	product-growth-and-marketing	social-media-marketing
hook-writing.md	product-growth-and-marketing	social-media-marketing
iOSReleaseTriageBuildSigning.md	mobile-and-desktop-apps	release-and-app-store-delivery
iOSReleaseTriageCrashClustering.md	mobile-and-desktop-apps	release-and-app-store-delivery
iOSReleaseTriageDeviceMatrices.md	mobile-and-desktop-apps	release-and-app-store-delivery
iOSReleaseTriagePermissionFlows.md	mobile-and-desktop-apps	release-and-app-store-delivery
iOSReleaseTriageRollbackChannels.md	mobile-and-desktop-apps	release-and-app-store-delivery
iOSReleaseTriageStoreReadiness.md	mobile-and-desktop-apps	release-and-app-store-delivery
iOSReleaseTriageSyncConflictRules.md	mobile-and-desktop-apps	release-and-app-store-delivery
iOSReleaseTriageTelemetrySignals.md	mobile-and-desktop-apps	release-and-app-store-delivery
iOSReleaseTriageUpgradeSafety.md	mobile-and-desktop-apps	release-and-app-store-delivery
iOSReleaseTriageUserRecovery.md	mobile-and-desktop-apps	release-and-app-store-delivery
instagram-carousel-design.md	product-growth-and-marketing	social-media-marketing
linkedin-thought-leadership.md	product-growth-and-marketing	social-media-marketing
linux-config-files.md	platform-and-cloud-infrastructure	systems-administration-reference
linux-filesystem.md	platform-and-cloud-infrastructure	systems-administration-reference
linux-logs.md	platform-and-cloud-infrastructure	systems-administration-reference
linux-permissions.md	platform-and-cloud-infrastructure	systems-administration-reference
macos-filesystem.md	platform-and-cloud-infrastructure	systems-administration-reference
network-config-files.md	platform-and-cloud-infrastructure	systems-administration-reference
package-managers.md	platform-and-cloud-infrastructure	systems-administration-reference
personal-brand-voice.md	product-growth-and-marketing	social-media-marketing
process-management.md	platform-and-cloud-infrastructure	systems-administration-reference
shell-profiles-dotfiles.md	platform-and-cloud-infrastructure	systems-administration-reference
short-form-video-scripting.md	product-growth-and-marketing	social-media-marketing
temp-files-cleanup.md	platform-and-cloud-infrastructure	systems-administration-reference
trend-hijacking-newsjacking.md	product-growth-and-marketing	social-media-marketing
twitter-thread-writing.md	product-growth-and-marketing	social-media-marketing
user-directories.md	platform-and-cloud-infrastructure	systems-administration-reference
viral-content-frameworks.md	product-growth-and-marketing	social-media-marketing
visual-content-strategy.md	product-growth-and-marketing	social-media-marketing
windows-event-logs.md	platform-and-cloud-infrastructure	systems-administration-reference
windows-filesystem.md	platform-and-cloud-infrastructure	systems-administration-reference
windows-registry.md	platform-and-cloud-infrastructure	systems-administration-reference
